id,class
45863,19
135854,0
99279,8
46386,15
55399,12
191417,8
117406,12
176526,15
77275,0
124508,12
173707,8
14154,14
5848,19
93524,8
23027,3
124120,0
113582,8
197563,15
160876,3
138495,15
82523,12
52548,19
97734,0
169372,3
149425,12
80576,15
115844,17
155215,12
199771,6
48159,18
138928,0
180383,6
69885,2
77667,19
214990,12
212659,2
99937,14
163908,8
74131,3
6896,3
40807,14
103509,18
138164,0
126275,15
213351,17
184690,9
131932,9
49658,12
118121,0
20546,9
72363,12
192178,6
110898,0
148358,12
165610,3
144356,9
185864,9
73605,0
133732,0
104636,9
52373,12
1616,0
151275,15
86039,12
109785,12
30520,0
198311,6
7202,10
163569,0
69314,2
41363,10
202740,13
116535,14
55968,14
111144,8
143297,12
105116,12
183844,2
6825,17
13646,13
19517,10
53589,3
32270,15
95137,2
46422,0
61058,9
195149,3
139186,0
63097,12
53999,10
1136,18
76882,19
115283,15
86762,17
164383,0
86629,10
145281,0
74615,17
204014,19
146274,12
76070,0
204907,12
141574,12
66423,10
157637,0
15219,12
169135,6
160851,2
197260,8
181978,12
84723,1
189111,9
34176,19
84364,10
68221,14
2044,9
9271,12
146555,9
111353,2
166458,15
133328,0
113315,4
63700,18
202924,2
166005,8
30459,17
165760,15
208311,12
78002,0
176434,0
79506,19
164522,12
144467,0
30589,12
26578,17
18594,14
24501,19
41715,0
137943,8
186579,9
44840,14
90458,19
32044,2
76334,0
56529,12
34019,8
99806,17
144968,5
6932,14
191344,9
187423,15
9734,14
193232,9
76803,12
46137,14
114039,0
105747,13
52527,14
19065,0
167112,0
77471,18
54642,17
95118,6
78003,0
130806,0
77660,19
43812,10
208873,15
66871,0
21095,20
193420,8
51497,17
125229,0
25749,14
177575,19
107286,10
2207,0
58142,18
158818,19
61033,12
90808,9
21041,12
143665,17
132581,2
144633,13
187767,4
154995,2
202955,12
172647,16
14706,15
12132,12
42179,2
115695,6
212329,2
189945,6
65047,17
85857,14
169466,0
111015,15
148906,2
164617,3
208228,3
12458,14
71691,3
120343,13
90616,6
33383,2
208103,8
188345,12
43474,0
38211,0
196038,12
92785,10
46754,18
11377,9
126394,0
6242,0
214167,12
119817,10
10116,14
178094,15
39168,15
162175,15
138218,15
25328,19
58348,17
103900,0
118411,12
121372,0
210437,6
105187,6
175727,3
212573,2
2490,3
107384,12
104184,0
109001,13
202432,8
212563,6
115272,17
64776,18
48883,14
1226,13
183453,4
118482,0
17392,0
53260,6
147152,9
140886,9
134526,15
7590,20
159208,6
120910,0
41145,10
111130,12
128773,0
199463,9
89440,2
201203,8
152310,6
127424,15
172407,12
115307,0
151799,6
52108,14
210213,0
44182,0
137215,12
150669,0
45542,17
32948,12
145326,2
103244,15
1800,0
46601,3
127134,9
60578,0
148584,12
14974,12
144211,1
92784,12
23250,14
131700,9
170918,12
44960,19
3460,13
202476,2
161977,0
22906,18
216051,2
190149,9
25654,14
160275,0
52353,0
32002,14
213419,6
110178,15
149248,0
25979,2
176696,0
31108,0
147305,9
31644,10
96354,12
144119,4
154124,17
177403,15
181339,11
168918,15
77411,10
6991,17
139679,2
160631,8
23353,19
51378,9
90756,0
204988,12
150803,12
155862,19
161349,15
179036,6
181989,15
128846,13
209086,12
186306,9
123519,0
97694,12
17311,10
90325,9
203089,9
132605,0
196988,17
68214,10
175716,12
59955,14
49187,12
62603,3
107861,15
178015,0
104288,14
73183,12
77803,15
191817,15
49419,0
215518,2
216497,15
127876,13
119436,0
142478,0
151721,15
35495,14
54665,2
35249,6
92993,0
90473,8
178324,0
29260,17
12513,14
33579,13
2210,3
52540,15
166025,17
37979,17
48270,10
117796,12
155370,1
55548,17
118995,2
183182,9
51053,7
92378,14
4320,14
44544,14
122236,0
94619,16
196475,8
17185,18
61670,17
88375,6
26665,15
136427,0
186569,9
91248,9
163904,12
171792,17
99239,0
101933,13
33172,12
39688,18
7575,14
145061,2
36512,0
34985,10
39036,19
165641,8
64607,14
136708,0
113990,12
148559,16
147118,0
103959,8
127879,12
60533,17
45954,8
137702,17
102715,3
84843,12
98192,10
14850,3
216720,2
78336,19
214829,12
180814,13
204906,12
194409,3
115100,12
90822,9
147432,11
187779,0
125910,12
179540,6
148156,3
33134,3
168087,12
37735,16
155724,12
154622,6
127218,6
207531,1
152957,6
81369,15
45882,17
196312,12
41914,0
105267,10
207518,15
14595,14
204463,0
39201,18
5282,14
12551,20
202819,15
43608,1
108616,8
91903,0
53288,8
29335,9
208445,0
75602,14
31590,9
198991,6
210890,6
2083,0
209507,13
3958,14
526,8
208837,15
93276,17
136517,15
7346,3
110825,4
83479,12
120813,0
127967,9
8848,3
198770,15
79140,14
36942,12
191323,18
110967,0
83471,14
109183,15
198708,0
48336,17
64190,0
150564,16
123185,2
197013,12
98452,3
68462,12
31094,0
59446,19
37826,12
132282,8
67172,14
77713,0
172684,12
34872,14
60384,15
179210,0
240,17
92103,2
123830,19
23876,0
122109,12
215059,6
195648,12
28534,10
173310,2
7751,10
74034,12
61648,14
79180,17
145257,15
56821,10
120163,0
104178,12
187020,8
14719,17
32432,12
4919,19
144642,15
147396,0
92517,2
141836,0
72896,14
655,2
87294,0
124369,0
180825,0
92698,8
39095,10
21445,12
198395,13
157880,4
51115,0
150022,0
119664,2
21417,8
124904,0
113021,9
164088,3
138178,0
100715,0
7859,2
1984,19
82799,14
104469,0
23604,14
129403,6
59745,14
180445,15
194306,3
36537,10
170933,19
72150,14
9594,3
86528,1
141877,6
187090,0
2849,14
138653,8
215143,0
147188,12
65680,14
169508,6
11288,20
152966,17
132241,6
71886,6
36068,18
126280,3
94748,3
42590,19
199977,12
179866,11
207397,2
98188,3
186234,16
86129,14
136886,16
156766,15
199746,2
215807,2
72431,17
69868,14
54321,0
43619,3
35660,14
123105,17
89431,15
62963,14
40642,3
158673,5
50253,6
167520,0
213269,15
113018,3
159105,12
59285,17
97401,17
86351,12
96695,2
88001,3
181855,11
80887,17
15664,8
59981,18
64447,12
137877,3
134054,12
9929,12
930,17
86970,14
85041,12
38553,3
150175,8
1007,17
95496,16
53251,12
140710,0
50490,0
66569,14
113915,0
8836,14
197651,20
128993,6
165482,3
32101,2
69294,17
17605,12
191253,5
184641,12
102606,19
200795,0
68997,14
163923,15
69407,14
184588,1
212304,2
48898,15
159321,8
195464,8
176364,13
37023,15
176217,8
101441,18
79100,3
209899,3
75306,0
72576,14
187439,3
120781,3
45060,19
115556,3
57928,3
178725,6
135573,0
202430,8
7722,13
126596,0
201143,12
45068,17
35412,3
114358,2
137025,16
119889,2
162771,8
78023,9
96883,16
160756,12
41961,16
110005,16
79128,14
168413,8
1739,8
71700,0
33911,14
13246,0
216718,2
94198,3
21671,15
207657,3
16948,12
51946,10
56258,19
169084,8
55678,14
85084,10
182951,3
185876,8
171653,6
192404,2
102549,0
167993,8
199302,8
5159,20
179819,12
55706,17
175535,12
136587,12
108072,10
71296,3
29523,8
17303,9
182319,12
100365,15
212572,2
168441,15
141700,0
195795,2
23451,4
37532,4
163649,15
96019,20
50208,19
822,12
48538,14
154984,6
129723,15
107444,0
19492,0
34299,0
148506,2
62253,2
89104,9
178851,0
20284,13
206067,6
127214,0
103386,19
198105,8
140064,15
81007,8
1659,16
121992,8
153301,6
169227,0
102289,3
68413,14
150944,0
57218,0
20728,12
187860,18
9615,17
91730,0
132907,15
200036,0
200646,12
47286,17
37864,17
5928,14
78054,8
96356,12
24090,14
203796,15
153022,0
111255,6
136744,15
184093,15
51522,19
23626,19
164070,2
172265,9
9380,0
4850,7
190195,0
21988,14
23080,14
105467,0
100486,9
10353,14
78475,14
112008,12
16120,0
187747,15
106770,8
64255,8
88771,9
89002,9
158152,0
60346,0
119574,15
98783,16
110012,15
87938,10
132222,0
13411,6
151869,0
54602,3
176804,3
4427,2
61739,17
191579,12
35007,3
172675,0
155834,13
116803,17
152324,0
180988,12
54631,19
175608,8
187125,9
195369,2
169348,0
167787,16
112610,15
138046,15
160372,15
192154,0
36939,12
175694,6
88859,9
98430,9
188593,15
151881,0
133454,8
162143,12
136091,2
183145,2
41253,19
157414,15
191026,7
30326,0
188151,0
84106,13
213133,12
99008,2
49061,12
18050,0
177129,6
136630,12
8983,17
199639,18
195122,2
151126,15
21224,3
202492,7
178949,12
75084,2
13402,3
65494,12
29604,14
173307,2
122710,3
215560,9
145880,0
77845,14
31456,19
211268,15
86025,0
61366,12
165033,12
180057,12
123780,3
39029,14
121065,15
121096,6
73205,17
174953,3
192943,15
163056,12
2715,0
83217,17
92867,10
136981,9
13621,10
76359,19
56326,17
100603,12
170108,0
29165,12
49930,10
47115,17
43289,8
198280,4
83458,0
202498,13
32591,15
116613,0
200653,6
61301,17
141113,7
24482,14
152714,12
92900,14
70945,0
109088,0
11366,13
37591,15
137173,0
124440,16
87271,14
194284,17
187371,9
2082,0
193671,12
101300,19
100929,0
44844,14
196616,2
53460,15
120514,3
69740,2
159029,15
128320,17
173753,12
172412,15
24704,9
122685,0
70506,14
204291,6
214543,18
59565,18
82996,19
151946,17
89213,6
30894,14
20850,19
31481,19
43604,0
55818,17
33609,2
35010,3
83729,14
205026,15
212977,15
200039,0
50356,0
886,14
198381,8
53172,3
12805,15
112918,0
34436,16
38239,17
87824,17
123111,16
160499,0
1543,16
13145,14
48068,17
168019,16
146708,4
70895,3
118131,0
174869,0
6766,8
5876,10
6876,0
15504,2
38992,13
81445,3
97025,0
112615,17
113513,3
208533,15
187965,12
192863,9
8462,12
158406,12
87399,12
127313,4
80396,10
201360,12
152849,18
64012,12
159397,8
168838,15
50640,17
169527,12
203388,6
135538,15
146968,15
148012,0
40839,12
100120,9
95844,10
14867,9
122422,3
179892,15
40387,15
149338,9
184510,0
105454,0
3904,10
171166,12
196461,19
195731,2
173975,9
67243,14
194172,8
93849,17
168719,12
7251,14
4453,0
114239,12
196506,0
99241,0
142326,17
3859,14
1358,19
157690,9
72863,15
179609,2
205913,15
94860,0
118831,6
175496,8
133954,0
215706,9
110480,12
125167,0
53609,8
9973,15
91550,19
213406,7
154587,0
131186,13
130325,0
159829,6
92540,0
112650,15
211585,3
18298,3
25702,12
108550,17
22938,0
104842,0
175557,3
75000,14
184736,17
38324,19
71898,15
200942,12
100181,15
24974,10
106362,18
63341,17
140746,15
48901,14
47946,10
105877,3
61053,15
70835,10
55931,8
1992,17
138577,9
156021,9
39137,10
39032,14
210680,9
195836,12
81227,15
215890,18
3185,0
201814,15
140849,7
35421,2
19692,2
31959,12
203240,12
15577,0
130983,6
145081,12
123134,12
72816,14
173684,8
197280,15
100998,6
119715,0
158384,8
210002,0
139753,15
203483,0
27315,14
149523,12
112897,16
204665,0
69140,9
79179,17
177758,6
132470,0
148133,2
32200,2
189655,6
162450,17
213250,17
20738,17
214866,12
203882,6
105063,6
38777,0
182525,6
135560,0
54501,10
167397,0
193634,0
123770,0
206898,12
85466,14
87206,10
144906,16
213947,0
189995,3
171496,12
45690,17
115828,18
101480,12
85975,0
73477,10
26064,12
41049,10
10098,14
92431,12
121827,3
23524,16
175176,0
52311,3
205603,15
116624,3
18855,12
137147,17
43114,16
113745,15
170153,12
8193,3
191028,3
120258,0
112295,9
3473,9
189700,12
79260,6
135064,6
59986,18
71769,14
43735,20
24577,2
109515,12
212133,12
162357,17
145515,12
158046,0
145477,11
137857,0
107419,15
80250,0
174455,12
198864,2
193133,0
75210,14
157311,15
108684,10
86305,10
8061,1
131076,12
158593,6
189785,0
181390,17
153077,0
98599,15
189520,9
54876,14
70386,20
15820,6
185820,17
24548,17
19048,0
33406,12
41688,3
141203,15
169970,2
136358,13
150732,15
63227,0
203411,15
172279,3
161358,2
31539,0
118266,2
166455,8
61177,0
112882,12
6049,2
34481,12
60830,19
102552,12
152832,8
17193,19
149002,12
95451,9
60922,0
159011,15
85038,14
171707,15
211851,0
172099,12
54055,10
193457,0
23087,14
111552,17
149912,6
130501,6
11510,15
182365,4
143526,3
74158,12
118033,3
25028,15
192158,0
214147,6
158944,9
210270,15
62995,14
23318,15
163231,18
212117,2
203043,2
151583,15
24291,14
116583,15
133510,0
121068,13
143012,3
9457,19
139180,0
181006,19
205531,0
195230,0
94911,3
28379,15
19027,2
49850,10
19792,9
180925,3
197913,9
41873,12
210262,3
55930,10
68717,14
75200,14
115257,0
176113,2
197884,13
76598,0
149602,3
55980,12
71538,10
5325,19
160650,12
23878,0
9561,15
82887,0
101885,15
11936,12
2048,8
139017,15
159456,15
33601,2
167158,0
165070,12
158233,15
39041,20
20639,0
48980,6
211571,2
127962,8
2098,9
151670,0
206239,8
176073,17
147940,0
30135,12
204657,12
12525,17
177742,0
206864,15
182323,12
92413,19
16787,15
57663,6
160722,0
73786,19
52827,14
88959,0
9995,16
120730,6
67331,20
88358,10
59235,18
33574,14
115700,0
110532,0
197392,12
22410,15
155445,15
189516,0
114754,0
196764,6
116119,0
150886,3
110431,0
116957,10
372,14
75633,8
153945,9
135089,9
148353,12
158874,3
133217,5
183463,2
175895,15
211126,2
13079,17
3052,10
178011,2
89194,0
200151,12
216014,18
161481,6
111685,17
44977,14
177247,6
147836,0
188060,12
216271,12
203763,12
123478,0
33188,12
440,18
147962,12
170988,12
93582,15
178659,5
213961,5
43250,11
182119,16
60678,14
156652,5
120118,6
89051,12
101045,0
177316,15
21072,18
109979,11
76272,17
119174,2
80618,12
150945,0
81631,4
150073,19
17111,12
26602,0
34769,12
8419,2
159525,0
9986,14
61126,17
200086,13
32748,2
80108,14
182706,12
121465,12
128308,6
22774,12
47964,10
81460,14
108341,0
93568,10
173279,2
63629,0
70330,2
141823,6
100720,3
153941,0
168280,6
209834,0
214582,2
12399,14
1158,0
84645,19
176430,0
77132,0
54441,17
113088,17
22309,16
152525,16
35,19
57912,6
56767,0
147296,0
175460,18
206884,0
21,14
1756,14
13910,14
62483,14
115852,17
146537,12
70971,8
145971,4
75864,14
124080,6
210368,15
48382,17
204028,15
2546,10
205100,2
166588,12
176702,18
87480,10
195804,2
109371,0
153279,0
210076,15
181015,15
92610,12
201686,15
18910,13
192000,9
180964,6
35144,10
57545,0
50622,14
41938,6
43090,14
104361,6
129244,12
131357,20
142473,1
173049,12
35140,14
211536,13
92320,9
115026,6
119401,3
125735,12
167053,15
70826,15
10832,10
216666,17
197573,15
141160,6
31751,19
87207,10
17220,17
153230,3
203400,15
179920,9
163226,15
169378,2
11100,16
202237,12
29379,14
37941,19
45630,14
37797,2
152847,15
27937,9
183648,6
25366,0
3695,3
197424,3
22597,17
123948,2
89262,12
81159,14
11006,15
160162,0
22402,14
70366,13
207827,3
129437,12
76589,0
97069,10
115313,15
206674,2
187482,12
114549,0
13959,17
184830,15
127276,15
64203,0
6892,10
161813,12
56998,10
209055,12
114243,10
30152,0
150677,6
30385,12
99823,16
41903,15
168205,12
19996,17
54399,15
170610,12
163584,0
8723,3
212033,8
201372,9
28812,17
100245,0
1982,19
102937,0
22893,17
25529,0
136355,2
194331,4
100946,8
130713,0
13313,17
116365,17
184788,13
96329,9
49450,3
148129,0
177649,8
59159,2
88647,9
79805,14
128721,8
129897,15
164151,0
44167,14
60746,14
185974,9
26336,0
50303,3
28647,0
205109,12
13068,14
75020,14
96599,13
142729,0
104813,15
26588,2
130755,8
14374,1
158773,6
42586,17
213532,8
132324,0
199262,6
25696,0
192931,15
9424,14
85647,0
163693,2
78140,0
182712,3
182584,15
198934,3
1000,12
207226,15
87426,18
10630,12
207101,2
74997,14
122223,2
191681,0
95022,17
155443,15
210577,3
41247,9
197927,6
108222,8
65947,7
160032,15
172634,15
60919,0
28572,14
148667,2
9183,17
40962,3
16618,12
17314,10
214131,2
145472,19
81183,2
65961,10
143889,6
200194,19
191674,16
146232,12
66519,19
93280,0
142513,12
134156,20
187921,9
16671,0
181223,17
55814,17
73285,12
104847,0
192217,12
85653,0
207654,15
201584,8
149060,0
57121,14
170076,0
156585,15
1432,4
114749,0
128426,20
87295,0
60244,14
143354,0
192289,1
174360,0
8106,14
49816,0
110374,8
3571,2
57097,3
111560,16
65591,14
15894,17
158179,6
204799,9
7481,17
89956,9
46302,14
41487,2
50735,14
206306,12
2368,0
184515,2
137714,15
116460,15
95979,9
172919,12
141635,6
60251,12
215673,12
151999,6
20270,14
40804,14
820,2
193323,12
83892,0
101072,12
91070,3
174601,6
90040,0
213111,6
104115,17
201070,15
74253,10
86714,0
61257,14
39178,18
84182,10
152891,0
63943,2
125885,12
27822,14
101632,8
110036,1
211262,19
13343,15
92857,12
58614,14
63406,2
61394,17
31858,12
211965,12
186024,0
111525,12
73468,0
100081,15
146289,0
58196,3
90568,9
8615,10
168420,9
19852,17
149922,0
13569,3
91959,9
131101,0
99044,17
189822,15
158711,19
215000,17
131816,15
169772,7
189430,12
117620,19
137426,0
191585,9
17249,17
66842,15
5402,2
62471,14
64659,16
85095,9
148728,15
8004,15
38985,14
32769,2
131462,6
124131,2
169885,12
194415,0
212349,2
21247,10
53207,0
64641,18
199431,8
69790,14
61045,17
16960,10
189307,15
167682,16
170804,8
142893,0
73952,6
116693,0
46091,17
192814,15
55342,19
123503,0
172236,0
94704,4
176122,5
90045,0
183257,4
8864,0
106436,3
110241,0
66355,0
57532,12
160732,2
151247,0
166630,13
127284,0
103711,8
131085,8
16825,14
16194,14
56701,17
22588,14
151866,0
126415,3
55529,9
5520,14
48217,3
126235,14
61261,14
146426,0
199952,12
214498,7
123613,15
3034,12
205126,12
4847,14
144188,3
146366,17
15351,14
132534,9
193800,6
214402,12
21124,14
70153,17
30954,12
58383,7
72668,12
111631,12
40632,10
198576,12
181186,6
46869,9
80573,14
13163,14
90900,12
153362,12
81318,14
153993,15
26657,14
36457,17
151283,12
16238,17
52361,12
60123,8
148452,0
91459,9
48892,14
107218,12
77401,10
144571,6
183333,19
3160,19
193150,10
185213,15
15645,3
93272,18
65098,0
31543,0
15699,14
212259,12
97423,12
86037,12
212966,15
192130,15
181950,6
144844,2
24959,14
119736,2
114714,13
92973,12
56473,9
167194,15
17012,15
93802,12
126878,0
66931,12
134865,8
127365,0
194183,12
121053,20
136716,9
29385,0
114262,12
79989,1
180062,11
68077,0
184223,0
153212,0
78967,16
186742,16
106069,15
9778,19
41820,17
70199,2
54854,3
69932,0
30763,10
124594,12
128326,16
51429,17
21097,19
130063,15
118170,13
9572,10
54692,0
96402,2
50265,0
120018,0
78394,0
205962,8
79209,0
110478,12
46112,14
64016,14
108421,15
125545,19
170372,2
55790,12
30848,0
178593,17
35740,19
77549,0
72856,14
189343,9
200683,6
114032,0
29893,12
171385,3
135341,0
133723,0
28266,0
73154,7
126782,0
32861,2
201088,3
117357,0
20875,0
46499,10
93118,9
151592,15
35032,14
48870,10
175809,15
197754,6
120255,0
166934,6
23972,12
54730,9
8924,14
14639,12
79988,0
45804,10
43675,12
177735,0
118388,19
179741,3
160106,12
111190,15
139626,0
149044,2
87163,12
37045,0
35351,12
147903,0
60789,12
67369,0
43485,0
152988,15
141589,19
104487,0
12570,17
158402,12
105065,20
34634,15
172850,2
201267,19
130023,15
205396,16
22694,17
112120,16
207187,9
41335,3
74605,17
83751,14
86854,0
76243,17
186404,19
10177,2
23372,18
66906,10
77910,4
110380,3
32179,0
157286,6
208493,0
72540,12
7222,14
152899,0
156899,0
149837,0
79355,0
133651,1
152348,3
34151,0
194931,12
181770,12
68469,0
155425,15
214895,15
59829,0
86397,18
29331,6
147456,17
139024,0
123213,2
48466,10
167962,3
41161,14
112704,0
113742,6
191628,2
103135,9
208480,16
78143,0
61425,15
39951,14
114433,8
100390,2
53596,3
131586,19
192135,12
80233,17
121285,12
216614,12
27694,17
190904,2
196407,12
164102,12
206631,12
58510,14
196848,2
77796,10
3528,12
56702,15
161937,7
71313,14
111254,5
26140,14
65734,14
29620,14
162497,8
58185,17
4763,14
61521,0
64377,1
143732,6
168970,0
179919,0
155323,12
145640,0
115644,3
151398,12
7884,0
204416,12
90832,20
193377,17
80204,17
121520,12
185083,6
133299,0
168283,6
52679,12
169204,15
100229,2
2950,14
137278,0
56751,17
132739,9
139539,12
67034,0
106597,15
38821,14
20627,0
170882,0
121632,9
100828,12
179712,0
97666,6
80922,0
108462,0
140986,0
100947,9
139702,3
2200,14
148244,12
27062,18
93550,15
164168,0
16682,0
1851,10
97040,0
38660,14
215678,2
102777,15
137562,6
78108,19
104883,3
56411,0
149389,0
102566,13
1150,2
105767,0
109412,12
66625,12
193880,0
198338,3
29650,0
165158,12
92719,0
187900,0
107158,3
170067,2
29674,12
69080,12
20823,3
190040,10
121891,0
147896,0
15700,14
75024,14
43288,8
155253,15
123873,0
110153,16
46898,15
123976,15
132796,6
156258,0
85405,16
199995,12
65391,14
47375,14
68933,18
162768,0
184886,12
191351,8
119197,8
40166,18
156545,6
4337,10
213659,2
117775,3
14451,18
206647,16
206445,8
22307,16
53535,0
129427,12
38410,6
201908,3
63750,12
38863,14
123159,12
181623,12
64870,10
142184,6
71396,16
32234,10
150862,0
17940,0
46775,14
12632,2
185509,0
4861,9
370,14
144942,0
209919,6
164527,12
138345,12
83253,0
114099,9
53797,14
159034,0
145831,17
9830,1
86657,10
17008,14
22163,14
164384,0
8282,14
105006,15
207411,0
3487,10
119638,3
87200,10
44411,1
138913,0
129521,6
124188,0
117081,6
193136,6
55207,12
40037,0
109613,15
56199,12
49008,0
187337,1
130967,9
85702,10
109323,9
165976,15
192746,0
191183,8
23573,10
151186,12
201846,0
95998,16
63822,17
211209,0
111077,0
71815,12
78048,12
119833,12
65855,2
69552,17
51942,12
141585,13
109610,15
185910,15
88419,9
206462,2
212959,17
151104,10
213616,15
214385,8
62167,17
126964,15
161562,0
202889,15
52156,14
55328,0
12808,15
119310,12
36010,17
144677,0
53673,3
146450,8
69419,12
196019,2
7949,14
166610,6
77089,17
31015,13
20403,2
195143,2
123337,2
139928,0
111801,3
156148,12
69963,3
174291,15
31535,3
26205,0
26658,14
135674,4
94998,9
5993,17
183331,20
72654,0
48552,19
207455,6
198690,15
34129,14
33806,20
49936,13
109448,19
46635,19
78954,15
43455,17
186070,19
37628,19
7664,14
207748,17
2296,12
149262,2
124389,18
96818,17
46764,9
14504,14
216677,12
35758,17
152104,0
118942,0
57838,17
11036,14
20635,0
137368,15
169988,2
41624,14
28670,10
152555,0
192420,2
159297,0
164465,6
11090,14
97570,4
18915,16
79431,8
158707,20
37929,18
112139,15
97599,15
59703,10
8287,14
62384,0
180413,12
162691,3
53296,14
194644,19
85860,14
200959,3
54654,0
71170,17
94285,17
41506,0
111749,0
185717,9
123315,2
164654,9
67414,10
35308,14
166821,15
177709,15
5318,19
202980,12
147734,12
151622,0
174072,13
15773,0
169929,15
131340,12
163891,12
136113,12
8960,19
17927,17
57262,15
167832,0
198937,2
8383,3
35165,14
62723,10
118264,2
198183,0
190716,0
36255,17
159824,0
61267,18
12487,14
179192,15
49246,14
128262,6
99672,2
207198,12
115438,0
203594,15
32621,2
193166,8
83736,19
73119,14
199813,16
65220,14
173056,2
7200,10
42263,15
181160,0
172798,12
212810,6
109146,2
198163,15
206281,1
157937,15
8070,12
168484,2
59371,12
308,2
43078,18
41079,10
151301,8
87855,6
103003,15
155560,17
68321,3
69282,15
150313,3
214552,15
138214,15
216658,15
177892,15
33521,20
163740,0
144776,2
91288,17
25223,17
174979,18
108012,9
191423,3
164603,2
151997,6
99897,9
95092,0
36083,18
77392,12
101773,4
19593,17
86243,0
177102,1
199102,9
146048,6
38920,14
175094,3
90368,0
173216,12
171251,9
188554,9
47498,0
57620,0
44488,14
8938,14
212216,2
75608,14
59636,2
206014,15
176502,9
113341,9
43000,14
1371,19
104839,0
107484,3
145587,12
42947,0
213139,12
202960,8
85149,20
56173,14
166063,3
86920,15
31726,19
179523,0
177013,0
116157,12
199220,18
29541,15
208762,15
53116,17
181832,6
67918,18
179337,0
20968,3
63213,3
119265,0
99969,20
13837,10
69197,17
45049,14
123483,0
78441,8
175657,15
32958,12
17350,19
205426,2
154879,12
99129,12
138592,17
153704,4
167230,2
20372,17
5047,3
82809,13
128380,6
198384,8
62496,14
182849,9
128250,0
2466,0
119092,2
216493,15
32413,12
179149,6
146999,0
144960,11
164290,6
19126,9
6420,16
10623,0
89089,19
128583,3
10444,14
137406,0
23501,10
70089,17
164040,2
159459,15
45843,14
187943,6
195683,12
69841,14
201943,15
5265,14
168096,9
155064,0
119241,0
124856,12
94514,0
140082,0
116979,10
120516,0
181804,11
44670,8
141519,16
14101,12
20589,20
122274,12
75663,12
32763,2
38689,19
71891,8
158715,19
12290,10
216028,15
171968,12
92305,9
207808,2
94722,15
78417,10
156563,15
71079,10
83076,0
151378,0
197715,15
27286,15
203105,6
148275,15
35867,14
144388,3
151949,15
118176,19
16411,12
57024,9
101136,0
10035,2
70869,12
161064,0
211311,6
82959,12
55055,10
194889,9
24764,18
153962,3
164910,12
132244,6
33550,12
60774,14
30921,14
58970,14
99121,12
110703,9
82336,14
51459,14
173739,16
33380,2
82347,14
15599,10
129272,15
104348,0
20700,12
192055,1
86171,20
21315,14
203021,15
159473,12
14196,18
107007,2
188502,17
164490,3
210406,0
160581,15
12296,9
9445,12
30477,16
165437,15
179615,0
78123,17
144294,0
93944,8
28484,0
193508,19
214238,3
6487,18
89250,18
208526,12
9886,0
90299,9
107528,11
192134,13
64904,14
82836,0
113511,4
26760,17
77554,0
53233,10
21969,3
36489,3
23477,10
134411,12
203577,3
103023,0
152221,6
121200,12
171239,12
216317,13
72238,17
35724,14
161708,12
132857,12
74393,3
212643,15
149583,0
209407,13
64995,19
78803,2
211466,2
145356,0
212963,16
159412,0
84295,2
53715,10
196313,3
207113,0
167067,6
188730,9
94876,0
173729,15
29353,14
213363,15
7584,19
89857,15
214064,9
190157,18
99720,2
157872,6
32752,2
98618,0
154841,0
33803,17
146717,12
122566,12
106901,0
171039,0
10525,17
138459,12
27400,2
139637,0
178604,15
45252,17
177775,12
107847,17
74542,14
135294,15
4921,17
73410,15
77705,0
82885,0
32986,18
99739,2
74254,10
208811,0
111229,0
127896,20
141951,0
110270,9
72606,18
90965,16
200727,12
127036,19
175005,0
75932,0
110502,17
172217,16
141733,8
216429,2
189211,6
160516,6
210778,6
22904,18
86328,14
86796,19
10747,14
45988,17
31325,14
28531,10
32329,14
185908,0
183890,12
40077,9
145157,0
125018,2
198763,17
165337,0
192255,15
87980,17
208560,3
158867,6
200436,9
105333,15
153828,9
104099,8
182358,15
161617,15
174695,12
177378,15
81305,6
98942,9
105171,15
66219,0
46400,0
210077,15
49317,17
163873,0
172977,5
5387,15
21222,3
162141,12
15893,17
87622,12
60943,0
127357,15
141861,9
160883,12
162114,16
36744,10
206385,12
137435,12
77166,0
118516,4
137524,3
95904,5
133442,12
124697,17
75106,0
27452,14
70758,12
84533,15
58774,19
12036,18
40618,0
4475,12
66783,19
156270,13
35736,19
68566,14
209869,12
111207,0
54490,12
101452,9
129022,4
213648,15
1474,12
118071,2
175917,0
212226,6
66239,12
90818,10
68507,10
160778,9
157513,17
79427,10
28384,17
161595,6
65075,3
132652,6
190341,17
85439,19
117967,15
29149,12
103466,14
1107,19
175773,9
117518,12
3152,17
181671,0
135444,3
73425,17
125416,0
123797,12
89289,0
213037,12
142161,0
180340,0
65405,14
40833,14
21481,12
5804,9
21504,0
69385,12
141752,0
130218,12
163591,2
210821,16
106660,4
40598,2
205630,0
181426,12
45735,0
95351,10
186439,15
187461,6
197911,3
7224,14
33785,14
129801,0
40188,19
23469,14
165752,19
119865,0
164440,15
115077,8
44117,3
130725,4
6776,14
141625,0
186576,9
173346,10
150529,2
165560,0
155709,2
207070,16
79105,6
8595,12
79351,15
6259,13
120833,12
113964,12
38206,15
25264,12
85167,17
60842,19
89560,9
72449,0
108540,15
183059,6
69174,12
93810,12
80721,5
98439,3
77768,13
5510,14
27188,10
81513,14
149719,12
131693,8
15663,6
175944,6
25703,12
55287,12
171650,7
66106,0
166996,12
120268,0
65467,6
184491,6
94521,0
59664,0
118250,6
108447,0
44048,3
187766,4
190669,7
204308,12
177487,0
75957,12
139018,15
199915,12
96554,12
175569,13
106021,12
63568,14
155114,3
197956,13
168611,17
13231,1
61387,9
43076,18
22889,19
62306,14
130198,0
114410,8
40996,0
190325,12
155082,8
28576,14
65707,14
172143,0
92409,15
158196,17
201891,12
108272,15
76506,0
88485,2
10673,10
210008,0
112245,6
106497,0
93206,0
169040,2
108227,8
612,10
65586,17
184775,8
90866,0
187336,1
204847,16
76578,18
118303,15
83544,13
2113,12
7726,2
120934,0
87566,0
123009,6
118025,0
4589,17
183551,15
91908,0
202958,6
62473,14
25469,19
115424,12
107437,0
138123,9
185567,17
23962,14
160630,8
36194,14
132663,19
157169,12
184499,0
88802,19
203605,3
31209,19
86251,0
163093,2
38041,0
9982,14
162667,6
99560,12
216763,6
177728,2
209348,15
193564,8
157936,15
196502,5
37014,0
87638,14
171297,0
212392,15
13773,6
215872,12
13187,18
162570,0
90286,9
137086,6
111997,12
160291,16
67513,15
35206,17
156528,0
192511,2
22280,17
7811,19
30706,2
8887,12
61365,12
33805,19
166273,12
38754,3
24460,14
150782,3
195307,15
34705,15
81517,14
26856,10
128378,6
209568,6
118559,15
207680,0
176185,0
9107,0
124858,10
86077,3
212663,2
199027,3
168251,0
33,17
125797,16
163018,12
202739,13
105359,10
170839,12
108080,10
28900,12
36474,2
28985,19
50986,2
182529,6
91714,13
80213,17
5228,10
168191,12
55514,9
96553,12
5035,17
127546,2
109129,8
127298,0
164736,6
80677,15
208415,15
18737,15
117897,12
189451,12
171967,12
158902,12
155341,17
157893,3
121826,6
2612,17
29526,10
101697,0
194460,9
186887,8
3865,3
41848,3
204070,6
131706,18
138044,15
115616,16
76986,6
10356,17
192052,2
23488,8
193293,6
117607,5
57189,9
204690,8
19588,14
58841,3
6777,14
156792,12
127523,0
181646,15
46224,0
14542,17
124467,0
22505,0
63238,10
194891,9
21050,12
153376,6
160216,12
171154,3
74926,19
116798,6
132055,12
121269,6
206890,0
42566,14
190740,8
7085,14
177361,15
108804,0
157237,0
27119,6
143591,0
65016,17
55622,0
185234,0
64118,14
87331,15
182028,2
86992,18
33799,13
203412,15
20720,19
140838,13
180714,4
164246,13
52010,2
131278,15
152903,6
143074,15
11555,18
26255,15
167854,6
200630,2
207672,0
177827,0
175633,12
120265,0
144368,2
158134,13
899,14
87941,5
21355,17
37466,10
213162,15
193696,8
121777,2
160520,6
199159,3
69135,6
192752,3
35187,14
52049,17
51394,8
187121,8
77635,14
76819,12
53318,17
186143,17
209160,15
143254,0
18815,17
14212,2
116473,12
163636,12
151449,15
79939,14
118550,6
43227,0
67775,0
37977,17
45505,0
168972,6
81081,2
209510,13
108207,6
48912,14
96427,12
54459,0
111036,15
61515,14
108425,13
170549,12
94139,9
17402,0
194028,3
82750,0
202639,3
10191,9
107343,0
159234,19
151295,9
3684,16
128136,0
112516,12
40878,18
209464,19
149153,2
199583,0
50224,17
125765,12
187008,9
32401,0
215124,12
48706,8
49818,0
92268,17
12396,17
42795,10
114418,6
32008,17
152980,15
129433,12
45695,17
211001,12
2068,0
95302,0
198438,1
40560,15
132449,0
139592,15
2757,4
200182,9
136649,0
63433,14
94694,3
161118,12
145235,16
83859,0
104870,3
195298,17
74564,0
175440,12
80892,12
143335,15
21557,14
79875,6
48571,17
182757,6
158725,17
121536,10
155645,8
129425,19
102794,9
223,9
78735,19
205839,0
9680,3
206900,12
107849,17
53002,14
27445,14
133530,3
173752,12
23274,0
129283,1
49657,12
163638,17
53334,5
128810,3
8669,0
63078,0
89535,9
87590,2
63223,0
97766,2
55315,18
143740,6
133908,15
152068,14
82239,0
174235,12
152591,0
197810,0
79459,15
174471,15
52127,14
88370,9
88056,14
139856,12
214755,12
59988,18
173916,12
52987,14
216155,17
149716,8
155118,3
197003,15
1590,18
161587,3
64569,2
37126,14
182546,12
153505,15
151053,0
7854,0
177418,0
115266,11
143381,3
124716,0
42748,17
32797,12
121333,18
120815,0
32557,14
57436,1
3789,1
107922,6
185750,6
159906,15
81877,16
101429,12
40972,2
15555,0
82633,8
40626,10
154873,6
136070,0
71276,0
39092,0
85053,0
198564,3
159629,0
41803,17
143168,0
151091,15
136396,17
43236,12
205088,6
18785,14
83924,8
169601,19
34534,12
99768,2
19366,9
111882,9
154512,0
109108,0
135542,15
24321,14
158736,8
46045,15
124873,17
31662,14
188488,9
215936,0
154036,0
29588,9
53726,9
150872,0
137771,3
65787,17
213839,15
39816,19
106174,3
126581,16
78992,10
157835,1
150599,0
71253,15
85365,4
154558,0
111037,15
137478,13
188766,4
12402,3
213660,2
117751,15
66670,0
200703,9
193043,12
76019,19
1114,14
10345,16
65940,8
166290,8
145546,0
119570,15
197558,12
48323,14
174784,6
65943,8
60668,17
62796,16
89541,9
155922,3
78031,12
179524,0
177793,15
47246,10
182041,0
74517,14
160950,0
65499,10
16011,18
166675,12
188012,2
139026,0
129065,19
32363,17
197601,4
151221,17
30934,12
79078,0
56426,0
135976,2
113761,2
19978,19
150760,0
98831,2
134959,1
119303,10
118469,3
191996,12
111711,15
111247,16
167568,17
11205,10
10123,19
208978,12
159643,8
121429,8
166756,13
140981,12
107475,2
145286,0
111606,8
91450,9
10023,17
68222,14
204392,6
10197,12
151105,9
115723,17
117138,12
88852,9
119354,17
162806,12
103633,3
112819,17
12134,14
41629,19
26042,0
134252,12
42377,1
39276,12
123292,2
166015,9
51536,17
72288,3
29249,19
156917,8
38378,15
8236,12
69771,12
8192,0
161934,8
16654,16
178251,8
164171,0
152872,0
35239,2
43836,14
66636,0
145566,6
87284,0
101765,2
165900,17
52498,14
146852,16
176386,8
129710,2
200340,12
99297,2
38373,15
133368,16
133987,3
110301,18
146065,12
167538,6
181004,8
84284,12
99777,12
126467,20
100065,12
75159,10
14199,17
165579,0
83592,15
22582,14
203955,0
113768,2
24142,0
175059,19
109445,19
5728,0
199415,0
2663,18
56354,0
872,3
48387,14
81071,16
184766,3
130364,3
23816,19
37783,17
131988,0
94112,5
116128,3
155612,6
104022,1
72953,14
13439,14
179288,13
168257,0
98813,0
173764,12
84770,0
199661,3
99186,12
198901,12
125913,12
70968,9
207433,4
70954,0
206863,15
67304,12
77581,10
36377,12
42971,8
148228,2
189793,2
210363,15
21016,14
207617,12
177578,18
11305,17
122327,12
106406,0
82254,11
9328,3
139668,0
36779,15
128201,19
170611,12
35199,18
109802,19
6037,6
3197,14
78880,10
40800,14
143628,12
45075,16
199518,0
13263,9
83065,0
151818,18
207943,0
18597,14
212338,6
58347,17
199872,6
26217,12
101660,10
160429,6
102142,18
117119,6
123677,2
70320,2
202546,2
178362,12
124374,0
84523,8
190554,0
15802,12
85614,2
57469,14
68624,2
200881,0
98065,12
97,0
38760,4
215651,18
135727,17
27586,14
23871,3
179120,3
22847,14
71227,15
127001,6
120197,10
107727,0
172902,12
66189,17
97744,0
174754,0
30975,12
135838,12
59785,17
67905,14
36195,14
130047,0
29491,12
141873,8
120921,0
141674,15
143513,7
149409,14
28638,0
206974,9
159261,10
189125,9
213899,12
143619,0
123722,0
13620,10
141306,0
124052,2
121131,9
86200,18
51805,12
20908,14
8014,18
121468,12
156759,12
115730,17
25923,19
207071,15
166543,6
142756,6
24596,3
82402,17
127043,6
135662,0
182,6
32567,14
56383,0
862,12
211403,0
169104,15
14863,9
142297,0
36912,0
177238,16
6839,17
110369,11
161720,15
557,0
68934,19
119878,0
13847,14
7555,17
185333,6
188364,18
112171,1
23923,3
190789,15
19469,18
30455,17
205768,13
148311,0
206313,12
107097,1
169212,13
36326,10
189320,15
198244,12
63638,0
148666,2
15531,2
164532,12
91981,5
19760,13
132270,12
70194,2
5644,14
895,17
4566,14
117694,0
185615,9
127924,0
67657,12
195425,15
7254,14
3223,14
88099,0
98792,0
39530,10
85999,0
208940,3
171034,3
35665,14
213392,0
130367,12
43753,16
199252,1
120973,0
79693,8
28822,14
10450,14
132448,0
73201,19
31599,9
16781,14
46627,12
51312,15
76099,8
127435,0
15938,0
50589,14
196870,6
106126,0
139393,12
71562,14
21091,20
35596,2
104427,18
132473,0
70603,3
70686,10
215916,8
150976,12
33912,15
187597,12
113704,0
99030,12
174960,15
25557,10
76698,3
27905,2
22977,3
71741,14
68189,9
191461,15
90011,13
206769,9
1414,2
81453,19
193563,9
184795,12
170784,17
4980,8
111507,7
132062,17
42853,14
83966,11
54917,0
88323,19
80987,8
31852,3
38067,0
101825,19
65048,17
129320,5
100138,12
20415,3
201258,12
180873,12
36208,14
159295,0
135326,0
91100,9
160498,0
109298,4
88861,8
92204,17
59067,14
170201,3
27484,6
106042,17
172522,12
39511,0
5139,17
139389,12
83534,12
122825,2
16557,0
11054,14
98533,12
14714,17
78896,13
107992,0
102487,18
60446,3
202992,12
37306,0
76527,14
30561,10
160037,15
13433,0
126348,12
212145,12
86095,10
96185,11
151047,0
60090,3
87176,17
130217,12
27279,14
117992,0
23095,17
69175,12
173153,12
186423,3
165824,12
182237,16
171865,15
66864,6
112488,8
109998,19
41399,14
160853,7
198928,13
64440,10
68142,14
29328,19
198022,9
3874,0
114600,12
135759,0
34681,10
95113,6
161925,9
179663,12
98781,15
104225,10
72950,20
32208,1
7446,14
131619,0
138133,17
74711,0
115847,17
153834,12
154819,19
135442,12
120933,0
197185,9
99958,19
119610,0
208009,12
81645,3
26062,10
73836,0
20081,17
66297,12
144353,8
211448,2
131129,0
120908,0
52057,17
11556,19
106000,13
98373,0
176623,15
49470,9
66886,9
89311,9
2587,19
188760,0
98563,0
214938,3
32424,10
51619,0
173116,10
54574,14
67483,12
106914,12
42357,17
188962,0
86130,14
166156,0
67012,0
35201,18
15002,17
75098,6
146456,13
18256,17
131021,0
200486,8
35069,17
120785,0
45354,10
31572,12
116092,12
172474,0
153426,0
5670,14
136763,15
63075,0
185857,2
1745,13
162492,2
105840,0
6536,10
79274,14
92293,0
215151,2
122648,0
168358,0
23473,4
160030,15
112721,3
93583,15
120694,0
173222,12
17767,14
74211,0
111154,10
139120,8
118445,0
15710,18
119568,12
85558,15
9977,15
207407,0
177281,15
180330,3
130459,0
116458,0
23844,17
154072,0
97495,3
96066,2
110000,18
178430,0
1747,12
161275,0
127188,6
51628,0
90191,0
81981,17
98093,0
203233,15
211467,8
85392,11
152710,12
110119,12
201721,12
90421,9
81716,12
151131,0
147549,17
135702,12
174177,6
6366,0
23333,19
11181,0
204772,2
83279,14
1664,14
107334,0
8676,17
193134,4
206535,15
200173,9
164193,0
130238,12
212300,12
203340,0
42067,0
183617,6
43676,9
148450,0
8776,14
158252,0
183756,6
120981,2
11152,0
114559,0
21976,10
180600,0
96251,11
211999,6
168829,19
81644,3
13512,14
187780,0
43507,6
21384,0
39293,14
63783,14
139247,12
9211,3
167174,0
32508,10
119818,9
178670,12
159384,15
150058,12
180577,15
47243,10
174806,12
213679,6
85690,12
105249,2
183460,3
153758,0
181888,15
207074,15
207400,2
207631,15
94726,17
61518,0
30702,2
205120,12
162744,8
12461,14
194585,3
199192,6
77208,10
70543,20
134613,9
57035,12
162207,2
50859,19
61640,14
30444,14
21176,2
80415,17
167616,0
211786,0
105673,4
39354,14
17387,0
14520,19
164107,12
34698,14
186275,9
69607,2
145204,12
127050,12
190641,0
154451,12
34665,3
145039,0
144554,12
160515,6
79967,17
60959,10
161733,17
132695,0
186336,15
123782,3
188077,12
138856,16
18412,6
104708,0
158316,17
97281,12
35933,6
197379,12
106541,12
91698,12
29548,15
71798,17
123322,2
66399,10
111518,6
176806,2
20571,14
192591,13
107852,17
143402,9
14970,2
181565,5
70747,19
200597,9
65594,1
16713,9
63503,2
196462,9
11146,17
29751,16
206973,12
22091,12
22322,1
65088,2
78762,17
26348,0
199318,13
117497,9
181695,6
115505,0
178266,6
20748,17
182183,11
151120,17
85218,11
74572,18
127509,15
155274,0
4220,15
58399,0
112551,4
36696,17
103950,9
2274,0
143607,0
176432,0
125446,12
153059,1
130180,0
30673,19
104449,16
113898,15
200912,13
182976,12
193059,15
35685,9
61523,0
5633,12
131514,0
76113,14
105659,3
88064,17
120235,12
142254,0
198917,17
192475,8
183587,1
208198,0
69431,12
192388,15
40789,9
106681,2
96178,12
154645,6
9938,8
21791,3
8372,3
159409,0
207845,12
195010,12
72582,14
203976,6
30616,10
82713,17
107485,12
15468,16
204231,9
107953,15
105538,17
44227,17
39428,17
192767,3
359,10
125236,8
179646,12
175456,19
27462,12
19766,12
148892,6
197039,6
183481,6
66887,0
137740,0
135577,4
158599,2
9076,12
70435,6
20614,17
204468,0
182662,12
215268,2
130100,6
146389,0
180567,18
143446,0
136244,9
142696,0
6712,2
66375,0
82720,16
38756,3
174951,4
216264,3
168169,3
177365,13
171583,6
27101,15
64253,10
141176,3
109710,3
171907,15
211687,6
140045,20
103207,15
61600,16
155018,13
42785,0
124715,17
99233,0
20335,19
203235,3
150189,8
6545,14
174395,12
39518,0
110947,6
112688,0
104241,16
141623,0
161433,17
207466,12
196840,6
112122,17
79265,9
100101,2
10087,6
73701,14
108352,0
97842,12
198074,16
151566,15
140459,15
194868,3
112278,3
43984,17
129622,1
45477,14
66380,0
190104,0
56724,14
53512,17
128960,9
93832,19
50516,12
128599,12
77346,14
159225,3
3706,0
124807,0
130039,0
116464,15
30036,3
146290,0
148516,12
73886,0
147974,17
173393,2
92586,0
65559,18
129873,15
84272,16
205296,15
74636,15
111330,15
72349,10
69853,14
163405,4
163142,13
104235,12
55371,19
209231,11
58639,19
89748,9
108397,9
56773,0
101985,15
16253,17
185030,12
42139,15
22440,0
78407,0
95931,2
176040,3
14701,15
157083,19
148266,6
97436,0
137668,12
35913,18
22181,0
155061,0
57591,0
214551,15
111458,0
185819,17
170741,0
144785,12
151483,0
14247,10
123921,0
65938,8
183521,13
104836,0
133430,14
40092,14
102320,8
164416,4
137130,6
78265,8
45723,2
124155,10
116139,0
73298,0
243,14
194126,6
213994,12
154628,17
157999,19
12662,0
125139,15
158793,14
44962,6
88704,12
55415,2
139887,15
180262,15
53319,14
165105,0
164568,16
167460,8
10979,14
201935,13
24204,14
119741,2
9923,14
139821,2
43152,3
10224,10
66692,10
152481,0
80797,12
194651,17
111837,0
186345,8
154438,15
44379,17
149781,0
189693,1
83309,14
117623,0
82810,13
1751,9
214769,12
114432,9
214988,12
209977,15
107828,12
102282,3
200671,16
178954,12
61671,17
107679,3
163033,15
64692,0
212609,12
115396,6
150551,6
43058,14
185737,15
163163,4
34088,14
25991,3
168707,3
216119,12
148206,0
70263,0
207370,15
50617,19
85680,10
187743,15
74653,0
121137,18
161544,15
186109,9
69307,16
172364,0
137565,12
152635,17
216191,2
54009,9
89822,9
69898,2
141301,12
3265,14
214627,6
94403,0
18120,10
205132,9
6941,14
154531,0
98450,4
195637,2
98443,3
209944,12
22969,3
129388,0
109876,12
124471,0
155055,0
117834,12
67157,16
81855,19
186831,15
115808,15
27940,10
74004,0
162032,6
105160,18
117679,15
109291,8
155876,15
161289,6
188358,18
11738,14
32071,0
164090,3
177608,6
203641,9
189389,12
200987,19
169648,6
99953,14
45923,0
76401,14
142237,16
98838,8
170817,0
109197,0
113432,12
20102,15
70576,17
194202,15
63779,13
113926,0
46382,16
113442,9
161066,0
123829,19
189019,8
92143,2
102240,0
213645,15
89555,9
162425,12
106904,0
157437,0
143791,19
89267,17
128128,0
106583,19
58565,17
130418,17
134913,0
205938,12
42490,14
176044,3
26139,14
159538,0
64861,8
138051,0
182423,15
80760,10
126431,4
136769,12
204936,19
167006,15
119735,2
45919,0
203379,4
130746,12
8309,14
89424,12
111397,6
20590,19
146865,10
13613,10
31784,18
160914,16
169162,12
128223,15
37641,19
21993,19
39666,14
35284,10
112852,4
120787,0
45016,2
16082,20
139227,2
166033,15
214747,6
200969,3
215497,15
163433,9
127801,15
216182,15
14448,19
159139,15
162704,9
116830,0
152332,0
72649,0
61400,17
197368,6
68522,3
86643,0
163443,12
95154,14
71636,12
139795,0
210033,6
166619,12
193982,12
144185,0
79642,0
115356,0
194927,12
37172,20
13110,9
109052,15
15490,17
73058,0
128125,0
194739,15
121816,3
135921,16
193076,8
122126,10
213972,6
98625,6
1885,14
209498,12
88310,12
193661,12
148505,2
207567,7
109391,9
179391,15
155630,3
175366,12
80359,14
193844,20
22124,18
101244,8
127984,4
152393,8
181751,6
22298,15
176115,2
154595,0
85951,17
94461,9
208567,7
85129,13
137786,12
117960,17
65099,0
47685,10
77697,17
198170,13
165031,12
151571,16
67697,8
183779,15
92846,6
119009,2
119139,0
51329,12
106122,0
10247,15
160307,7
128196,12
198154,16
135242,2
204540,15
112116,12
172086,12
116684,8
51367,0
88172,10
3614,9
55151,17
59855,12
169091,19
176231,5
96798,12
21640,10
88838,0
100093,12
102467,12
211024,15
153609,17
129239,13
173783,2
185448,9
132118,3
51804,17
65534,14
26735,19
91008,15
160473,15
193184,16
195676,9
63791,14
74933,17
211029,15
144102,20
178219,2
69822,19
29431,18
215503,15
146998,0
35522,19
127088,0
42547,10
18177,14
6304,12
9331,19
36866,18
181479,4
125055,15
209477,15
144369,2
138078,2
83876,3
5435,19
22041,20
201142,12
126271,15
24846,17
738,8
3427,12
154061,0
201974,12
139342,4
6609,18
171579,6
101525,0
59113,0
184132,6
28963,14
102943,0
68678,3
92618,15
215712,8
96199,17
104599,19
72008,10
190205,8
39023,14
93295,12
92235,14
81176,0
181080,6
209777,8
14471,0
161993,0
163834,0
20326,17
39859,2
65201,10
192856,6
28688,3
137129,6
25283,10
50873,19
101687,15
88264,15
7678,10
132041,8
157727,0
108052,13
103370,12
28720,18
40104,14
152659,0
95560,6
206068,6
134139,12
25101,0
114678,9
137443,12
167943,3
101600,0
114307,15
62962,14
76587,0
208881,12
24307,0
197698,9
131202,15
42651,10
163946,0
199964,19
180917,12
194692,6
198206,0
87643,19
54069,0
185778,9
91572,14
92360,0
112609,12
191270,12
23031,0
207372,15
81151,12
196193,0
175344,7
177397,15
196230,2
17343,12
169549,0
151503,3
104821,0
186652,12
162055,17
20144,14
198207,2
46761,19
155780,0
124945,8
163038,17
107276,12
32313,8
138169,0
52463,14
104155,9
134688,6
145728,0
170964,0
180556,13
100994,9
192399,2
202312,2
97033,0
92212,0
3806,4
118696,12
160175,0
203620,0
81797,18
184225,0
90203,1
1825,14
141427,0
209081,8
45799,10
192240,20
58317,14
16340,3
165787,0
92283,0
205505,15
67960,18
111634,12
12450,14
94174,0
25390,0
3532,19
82331,14
28457,2
85436,14
68024,2
62361,2
39413,17
11175,0
19203,0
20260,14
128395,3
118830,6
142656,15
28707,12
84893,6
45167,14
59787,0
184117,0
146558,19
160583,15
138433,3
38947,17
94354,3
135715,12
42066,0
167793,12
89990,17
163671,0
202981,12
212106,3
152565,0
162904,8
115526,12
121506,0
161633,15
86253,0
210072,15
198666,14
76994,10
214961,7
40361,10
35369,15
114371,2
76588,0
66334,15
121727,0
119965,15
83575,15
16009,19
145826,12
12168,19
129282,2
23156,12
193727,8
142433,12
149488,2
74382,0
193763,15
174898,17
122655,0
95515,0
91332,0
129179,15
63565,2
122610,19
2027,3
158670,6
210523,12
57873,0
205593,17
166696,0
203037,15
17258,9
8929,12
95156,15
128503,8
146666,15
202094,6
133503,0
211504,8
181590,8
152009,3
29262,17
14511,14
7531,14
207917,0
150356,15
67373,2
143422,17
202756,0
91985,12
69880,10
160208,4
117526,17
18671,0
146975,12
89445,3
78518,19
55781,14
108033,12
68816,8
42053,0
45395,12
179189,15
59626,12
170601,13
39815,19
182614,0
125098,4
22426,17
153175,9
214464,6
5422,2
57369,17
49555,0
20150,14
174896,17
36497,7
53770,14
14463,3
24756,18
107151,4
157753,6
119559,15
119368,19
108551,17
204018,15
161347,15
147662,3
203220,15
131125,0
115801,15
188587,9
175181,0
215935,0
72599,19
46718,14
181933,0
138701,9
193354,6
113054,12
60756,14
134793,2
68490,0
204489,6
213086,0
155349,15
54438,17
50739,14
183893,13
165914,6
74835,17
94318,0
91817,4
131209,6
115001,0
189431,12
109254,15
50769,14
158732,15
166525,16
125059,15
50715,12
212223,6
12809,15
106680,3
185423,9
168584,0
187408,9
179773,16
175022,8
128089,8
89832,9
92217,0
161495,6
50269,0
146415,0
70731,12
136105,2
162778,6
199570,15
150040,0
5046,19
34296,0
52443,15
21856,19
15500,2
105442,17
7842,12
193236,12
125233,0
13155,9
64459,14
79980,18
151975,0
138572,10
206785,0
11216,12
7055,12
171603,12
187563,0
30987,14
213343,17
107796,0
31435,14
92390,0
204001,15
101442,18
69386,12
78503,20
201154,0
209766,6
187154,9
143141,2
84679,17
139078,3
48508,15
140665,0
130608,0
62568,17
26057,10
96802,11
79770,0
77080,20
205238,9
204913,12
105079,15
11391,14
150802,12
108729,0
41069,9
144367,2
112053,0
3522,18
128831,1
97652,12
128915,0
32613,2
211853,16
147561,12
213498,0
208182,2
63449,14
70147,12
216270,12
165019,3
131546,9
199529,8
53165,3
42992,9
57736,17
50264,0
108621,2
155949,12
216716,2
16374,0
133110,0
125867,3
33680,2
3183,10
73389,18
153205,0
164414,6
186449,6
93682,16
88718,12
99553,8
16432,9
24059,3
2841,16
167998,18
67044,12
103019,0
168925,17
103851,18
91133,12
90547,9
117058,0
189045,9
209721,12
70994,12
113344,13
129722,12
203479,2
114671,12
4216,15
20592,19
48314,17
180405,15
174523,6
66172,19
197269,12
88803,19
121933,12
153116,0
9158,19
57739,17
123469,6
62281,14
143886,6
19322,0
192725,2
30936,10
101423,9
153306,0
190066,8
181580,5
59678,0
48919,12
89425,12
25590,14
139746,12
54815,17
166879,12
37136,14
30264,12
135370,0
150167,0
158653,0
147574,0
153287,17
33787,14
142308,12
129151,12
127440,0
27118,6
177408,4
133465,18
38270,3
39599,10
196498,12
61358,10
154627,17
202719,12
188370,17
73878,12
31807,3
127609,0
155221,12
10329,15
128299,8
114606,6
38403,3
192448,6
44751,12
116036,0
174372,9
26260,14
195722,15
188742,12
65431,15
80874,16
8387,6
7180,2
130596,0
101199,17
10911,14
61646,14
67132,14
68994,14
98879,12
92814,9
140381,3
138534,7
184156,12
91055,0
167630,7
76838,10
9984,14
212281,16
199251,1
66875,0
59079,19
26411,14
82927,19
198277,8
85902,18
84520,8
188759,0
96866,6
174635,13
169433,15
126984,0
144457,0
98199,12
71082,8
213844,16
164049,0
52242,14
104433,20
27668,3
215348,15
134941,3
146592,0
109283,0
15601,10
133236,12
119369,19
151377,0
50995,10
5678,19
157504,13
123535,17
201639,15
66043,14
155457,15
27309,14
99107,5
73087,0
89084,15
186247,9
135207,3
30090,14
100965,3
44340,14
91109,9
184257,3
104655,15
122041,3
15325,14
155491,0
121793,8
55317,18
32493,12
101797,3
210315,8
27039,14
200965,19
214924,0
98117,12
121804,9
113401,2
113129,8
59186,14
70236,0
182517,6
83969,10
90786,19
149272,0
150767,0
35796,0
30192,3
175045,13
111341,12
129210,9
54785,8
42883,19
160737,6
55715,15
22108,14
108118,17
47279,19
3767,14
148997,12
408,14
49834,0
146506,0
17739,3
128818,2
173001,12
37526,19
84375,15
72861,15
12033,17
95585,10
157719,15
216735,0
11771,14
191761,2
137042,15
119063,0
132058,7
140097,0
140288,12
173808,2
76542,14
55972,14
21421,8
40542,18
3393,0
67495,17
132173,19
146881,0
189159,12
155396,12
37833,10
197286,18
111947,15
2728,12
107178,12
187383,6
166594,12
173939,15
24916,3
148865,5
78878,12
37280,0
210831,15
3782,19
169441,12
68220,14
25079,6
59230,19
54780,8
189327,19
60079,17
20941,17
22295,17
23884,0
161869,2
42551,10
78744,20
21997,20
142093,3
72377,8
28310,9
75420,14
142665,0
153640,0
48155,17
205363,12
16890,0
71003,12
59656,17
215175,0
123412,12
171543,3
27087,17
61285,18
14851,3
26407,14
190179,5
148399,14
28722,12
69108,12
7905,10
110687,13
206282,2
188762,0
12853,6
94206,2
67165,17
204908,12
192317,6
119663,2
132761,8
12376,17
190802,2
207102,2
79066,1
165254,6
145196,10
79299,14
69202,15
134080,0
185907,17
137695,20
51502,17
115841,17
75276,8
205912,15
182404,6
158065,2
120250,14
67386,0
210743,2
81832,6
142953,12
189691,0
47696,6
14128,16
63182,15
58539,14
99505,3
185870,9
50774,14
131935,12
49636,0
184874,6
203300,15
212429,0
92012,0
56789,0
212559,2
39260,14
179931,6
154936,15
213588,0
106074,15
157956,0
163669,0
103599,8
159945,0
109274,0
173119,9
22718,10
22042,20
132783,15
151607,0
115580,15
31014,13
93325,0
155820,2
152154,8
153461,0
71262,12
23475,14
6667,0
183925,15
21897,10
84992,14
118477,0
81992,19
101058,8
32616,2
124577,0
49721,12
25303,16
149404,14
176876,20
177781,10
204411,12
146797,6
95876,15
21374,2
148473,2
72664,12
20435,0
82659,12
36072,17
214680,15
103934,12
200408,6
123673,6
145082,12
86645,0
37224,17
2385,0
74713,0
123610,17
190283,2
122569,6
24365,14
38284,10
95608,2
113756,2
173338,12
176438,0
144126,12
32827,18
78000,0
113908,8
144286,0
39462,0
163932,8
50358,0
137947,0
126974,0
198233,3
43052,14
51021,9
95802,0
106954,12
134083,0
99413,17
184981,0
65465,0
200943,19
179199,7
188353,18
148105,8
98197,12
81953,17
152477,5
88954,9
164744,3
6978,4
150209,17
142131,17
198968,5
159096,3
68894,14
64647,17
16852,14
13927,18
207723,12
195388,12
111218,0
145418,0
177375,12
20555,19
67272,14
29510,12
107871,2
150458,15
42487,6
33808,19
56494,8
164409,0
213417,6
7261,14
155567,15
103733,10
16911,0
189965,12
146899,9
18890,14
134866,8
161827,15
209501,7
129460,17
138813,2
94470,8
96265,14
165442,8
118094,17
123850,15
47617,17
78476,14
137459,20
90546,8
146170,4
32414,12
141064,9
72858,14
4583,17
82648,0
128209,17
7835,16
113349,0
44328,12
25526,0
75707,10
152054,16
102952,6
145647,9
50270,0
80912,2
85749,14
18931,14
94997,9
186801,9
60753,14
199732,15
63044,12
96423,12
47701,14
129601,0
121139,18
47300,4
12003,19
51035,3
156885,15
137285,0
53854,16
151499,2
130016,15
96999,15
210975,12
24240,19
55663,14
1526,10
65861,0
175100,0
15337,14
53431,12
150831,17
172418,12
182905,16
84598,14
181100,12
7644,0
30354,19
146990,0
672,10
51241,4
119640,2
36716,9
83738,14
140516,0
146111,0
176352,3
60477,15
156071,17
190133,12
57947,14
45783,12
210686,6
74621,17
171202,3
75582,5
142180,6
97926,19
188624,0
214341,19
215797,3
99361,12
41204,1
98745,18
58637,19
131885,4
169094,17
53822,20
8003,19
58209,8
118673,3
187698,9
169451,0
157813,17
119790,0
173812,0
63820,17
188836,9
86487,1
178408,15
129840,2
102221,3
3876,0
50384,15
144691,0
194834,16
66868,3
128297,8
40342,10
185340,6
87283,0
170143,15
112773,8
146585,0
65002,19
181185,6
200566,15
14704,15
141509,16
49079,14
17946,0
148980,12
120439,16
27992,3
63500,0
181987,15
152547,0
176694,12
77153,0
89648,0
211619,8
82476,0
95543,3
6913,9
61436,17
96615,15
158066,0
189609,15
29026,17
180135,6
33883,12
23792,14
1769,14
169537,0
150420,12
181994,18
188854,9
138869,15
2232,17
74886,9
114013,12
216243,6
210071,15
65455,0
73589,18
198523,17
48218,3
172878,19
134416,12
43316,14
66034,6
144454,0
212651,12
213062,17
79092,8
68101,17
63740,0
49338,17
88141,0
201384,8
172435,19
207785,0
198021,9
157505,17
213246,15
4478,12
38721,17
142771,16
61281,20
159108,12
158863,7
39687,18
176897,0
176195,2
188222,16
163287,8
81551,19
116382,12
113977,12
119870,0
121887,0
92191,12
5838,19
30225,19
95400,0
74723,10
193665,12
205954,8
76376,12
203822,0
75059,18
173842,0
153179,16
114786,16
157492,12
155294,15
19267,17
90828,18
19017,2
170630,16
135079,2
102865,0
211199,2
152107,0
45497,3
110879,12
30547,0
73442,8
91882,16
72753,17
129774,15
73259,20
62243,10
65819,17
206979,3
22146,8
146833,14
66880,0
25313,14
176272,17
82446,2
108522,8
69023,3
164091,2
73932,12
57167,14
44344,14
156253,3
135076,2
85434,14
193394,17
201064,13
69902,2
193535,3
7256,14
179171,9
196326,2
36472,2
146084,15
72585,20
159546,8
23460,12
169354,0
133639,6
139474,0
144384,6
197552,17
99773,12
129743,15
169634,0
125549,15
115691,8
76258,17
145733,0
7415,9
26746,17
38180,2
182913,15
78755,19
90653,17
121335,19
123775,8
40204,15
173154,12
83029,17
109315,12
93567,15
147308,9
126864,6
100939,3
110835,6
6895,10
66064,19
18771,14
211918,3
194037,0
215850,8
118376,6
85338,3
34604,14
147570,0
92315,6
130873,19
216265,3
99396,12
128688,6
177259,2
161808,15
83141,14
184434,3
104490,0
133260,19
91361,6
84050,18
55045,0
122584,9
185143,0
103652,9
206999,4
189128,12
54195,10
69399,14
203226,15
38160,17
158510,12
114565,12
133128,12
209990,0
110006,16
13680,18
54453,2
94292,0
41080,10
6086,10
164438,12
143818,12
16036,0
18682,0
51515,19
36007,17
59357,10
138199,3
207482,12
42941,0
75985,16
208164,15
53206,0
71352,14
113700,0
143459,0
188042,9
216328,16
73867,14
163022,12
161260,6
47045,14
85729,8
214424,12
126969,6
114223,12
152906,6
144248,12
131656,6
54566,14
103166,8
188059,12
111699,13
131338,12
19895,0
82458,4
208088,3
157096,15
201310,15
189535,9
27823,14
145150,0
78154,0
58127,14
44732,3
180832,0
67684,12
76005,17
151559,8
83571,15
207236,9
60345,0
4175,8
182923,3
50377,14
185624,9
23691,3
212928,12
73953,3
167810,12
101346,0
216509,15
202510,12
9410,3
10546,17
178144,4
58642,18
131325,2
66358,0
40162,18
142898,0
216499,15
205273,12
62126,14
59778,17
5126,10
121993,8
88072,19
17240,6
140495,10
23035,0
118350,2
15492,4
201422,12
67895,14
192104,12
4247,0
169156,12
167184,12
202405,15
129099,0
214046,12
90739,14
14027,3
202584,15
205022,15
191155,0
173864,2
194886,3
68428,14
122689,0
30350,12
93885,0
4607,3
214295,16
142802,0
162463,12
111792,3
4198,17
53131,17
208806,15
17597,19
175866,6
15676,15
30219,14
29125,0
127983,12
160287,0
196588,12
24150,14
6567,14
23190,19
143830,0
149778,0
197448,6
106525,2
49986,17
185114,12
163759,6
57008,6
3637,14
19542,16
102787,15
188254,6
211928,9
201626,6
166400,8
64592,2
149279,0
51302,19
3330,16
183249,15
57831,12
170871,13
142737,12
79286,15
46052,15
204332,15
192159,0
131552,8
104376,5
212405,12
127120,2
101200,13
128903,0
159421,0
210854,6
102165,17
81398,0
93831,19
199409,2
75292,0
11415,19
200878,9
62662,10
49321,0
12899,14
140902,3
144133,18
92357,9
23715,19
180420,15
146565,15
40155,17
182023,3
79000,3
113220,12
179517,0
43368,3
86379,14
10820,14
19217,12
2350,19
63180,17
34988,12
49245,12
167001,15
189515,0
197015,1
79370,0
153165,8
3653,15
180311,16
190165,15
170949,10
33875,12
91855,12
72035,0
169958,0
130440,15
127560,12
24099,14
100601,0
181956,6
188537,0
27187,10
177009,1
161763,0
4325,12
181483,4
214096,16
167445,12
181982,12
68741,17
19677,2
14685,0
126011,2
211350,9
38413,1
109389,9
134238,1
147845,12
98788,9
204297,15
45785,12
36578,9
165594,6
184266,12
120215,9
112494,12
64127,2
105202,0
65171,10
139259,12
159564,6
205082,15
116561,19
114487,6
189605,17
157317,15
83455,3
15557,19
139508,3
118540,2
143382,2
168951,0
1192,15
54153,4
212921,3
120094,20
117849,0
135233,2
118252,0
69886,2
103477,9
56186,12
114260,12
53280,8
146798,5
173125,8
204115,15
209740,15
204152,12
144382,6
69973,2
62911,0
26434,19
117758,0
206855,16
175918,8
183660,13
13978,17
7076,17
55286,15
196884,15
204312,12
141564,6
98773,12
210059,19
207731,9
121610,12
173257,15
155214,13
73762,19
50998,10
149051,2
142211,6
40054,12
27471,10
75975,14
160567,19
174527,6
69754,3
199376,12
70417,2
185683,0
176308,0
60480,15
33757,2
77050,14
50722,13
199799,15
49579,12
158565,0
68622,2
193592,15
85677,10
59894,17
137956,0
130778,19
192763,6
151183,2
49926,10
110801,0
159076,3
184422,0
207610,12
70051,9
157174,12
25052,0
58611,8
37140,14
146171,19
103144,0
41261,15
92978,12
85300,20
128564,0
191349,9
14756,0
54372,6
22527,14
20660,10
134720,12
24520,19
49282,17
25971,16
15789,10
20569,14
196294,20
114388,0
102603,19
88109,17
79983,18
206499,3
124669,2
20791,9
74438,12
47175,0
63707,16
4989,8
126530,3
42808,12
32845,17
70564,4
148864,5
103833,10
15637,3
135786,0
131363,18
211016,20
34172,12
171432,17
68847,14
119428,0
99496,4
128498,12
83497,10
176797,15
204793,12
212399,15
16029,17
110033,17
25424,8
132249,6
164066,0
103097,19
189169,12
29423,18
83301,14
199283,12
210458,12
147215,15
27832,14
150514,3
4590,17
150970,9
211461,8
144174,0
128766,15
199230,10
104807,13
55368,17
43835,14
132316,12
144995,8
12841,17
200009,16
93347,12
178640,9
152626,12
121896,0
136376,12
187350,0
142834,0
10030,12
53792,14
94865,0
54593,17
42673,14
174770,8
78183,14
81011,6
216635,8
105697,15
140996,0
2040,2
87119,0
86074,6
94205,2
132790,12
189623,2
80391,10
110066,6
140137,8
195408,15
137953,0
203540,15
41706,0
99447,15
176928,6
85997,0
79605,19
146589,0
145462,12
26225,10
100748,20
182446,18
155622,6
129168,17
160240,16
131060,2
163770,3
123810,9
147573,0
88091,17
181386,15
29134,12
16453,10
98183,3
48900,14
124136,2
118038,3
153541,0
56633,14
50334,17
183312,15
136566,4
124899,0
97313,9
136565,2
68840,14
209677,12
114985,0
197193,8
91958,9
115796,8
111307,12
59725,14
94108,12
6343,15
149000,12
126009,7
96542,12
86935,15
79159,19
137059,0
45316,0
82240,4
98881,12
148011,0
198959,6
127613,0
88321,12
138111,12
25386,0
133305,0
54908,0
23628,19
194337,9
26112,10
144215,2
167298,3
24488,14
60140,1
169262,3
168202,9
69698,10
190577,8
135908,6
131341,9
193648,6
139716,6
44319,15
143123,6
69512,19
58463,17
38485,14
111182,15
9479,17
213747,12
194273,12
130239,9
197845,12
194047,9
205107,0
37567,12
208972,13
57195,12
91006,15
95432,12
60887,0
46547,0
48955,17
183082,13
33754,2
204935,19
86252,0
140796,13
77027,14
123678,2
140041,19
64620,14
15199,0
52335,0
168919,15
128944,3
32215,0
101190,13
156417,15
158648,0
123654,0
97986,0
174851,6
145435,9
12798,14
106832,19
106375,17
119029,9
199116,6
102100,12
32940,14
209282,12
96742,3
35795,0
203954,0
29472,0
50664,2
26490,0
126780,0
167431,3
108989,3
78656,15
84207,14
161868,2
178280,12
128174,13
65034,14
23394,17
165415,15
56145,14
151917,12
15695,14
160064,0
2303,10
40099,14
161859,15
25552,10
48360,17
11104,4
185160,1
213112,3
154709,9
43685,14
106257,18
199820,15
8691,2
202616,15
118274,12
48464,10
62101,15
107824,12
76127,14
202863,13
189529,5
95592,17
164821,2
138437,2
28850,17
136316,15
36840,19
143853,0
61717,17
158815,19
161077,2
58853,0
202294,17
135062,6
113905,12
93489,0
44674,6
72908,14
154315,0
83505,14
93263,17
139888,15
158171,3
215764,16
120398,12
139096,0
61969,0
124734,0
72445,0
123025,2
159239,13
51958,12
131560,6
103896,0
124275,12
212420,2
163155,15
10384,0
209923,3
177732,1
195716,13
66946,13
206693,0
186169,2
189342,8
59874,17
101986,15
142343,8
108872,0
168267,8
178599,16
95724,12
85351,0
52521,14
33387,2
95233,8
23839,17
3564,3
71320,14
182328,0
132940,0
44172,15
195327,2
71278,0
195530,16
13111,8
216857,12
68670,3
19349,12
45776,14
174243,6
24193,17
116162,12
143525,3
191374,10
103353,2
14031,3
131104,16
147719,5
206424,16
104315,18
81458,14
92041,10
212409,8
2890,0
121591,2
85723,3
170441,15
118509,16
66386,0
212269,12
168606,0
139743,15
57410,14
69137,8
100532,12
91398,20
109584,19
115030,7
145549,0
7594,20
32256,14
156670,9
26075,12
58467,19
175308,15
128957,9
8382,3
13883,14
17244,8
207950,0
187302,18
23960,15
5855,2
181471,12
197880,15
127589,16
169129,0
38859,10
15022,17
172749,0
77842,14
153902,0
82889,0
20918,12
194630,12
22494,0
165089,0
59905,17
86121,17
139670,2
144945,0
49965,17
136412,15
87067,0
41141,10
62108,15
185709,12
7523,14
71458,0
112102,9
33076,0
184910,9
8262,10
13352,19
183357,0
87098,0
120483,0
56611,12
27076,19
213628,15
200645,13
43990,17
21483,12
39073,10
2820,19
91771,9
95836,12
176178,15
193357,13
45389,14
125589,0
38544,17
158870,7
9899,12
210387,3
93677,12
182934,0
112560,0
167060,8
93354,9
130649,12
144016,5
181700,11
198541,0
68310,2
46387,15
112810,12
112107,9
130118,20
141016,8
11624,0
207341,12
134499,6
118190,0
191691,3
116207,15
145275,15
24345,9
77834,14
12532,19
188328,12
212902,2
145306,0
190447,6
31384,1
38120,10
214802,19
129143,15
95338,2
81706,12
169380,6
152128,3
199574,15
95567,2
152662,0
102115,12
106206,10
3215,14
64181,0
198774,12
37596,16
11408,14
41061,6
207534,1
109111,0
124123,0
124920,3
18829,0
6919,14
99405,12
72802,0
31264,0
75944,13
18555,8
80365,10
200087,12
183329,12
211298,0
172494,6
196150,2
37806,0
73,6
48800,14
22382,6
122446,12
35234,3
161233,12
101534,8
29503,12
108296,6
126340,10
43914,18
19059,0
193682,19
194150,6
52349,0
53034,12
103888,0
105163,19
67672,0
158358,0
198789,2
97987,10
41897,14
1201,17
163545,17
136245,9
180697,16
75133,12
12975,17
24350,10
155666,15
166620,12
44855,17
60542,0
166595,12
193189,8
85538,14
118167,12
85049,2
157605,8
198787,3
3550,17
156064,15
65367,2
191620,2
123585,12
150178,12
1208,14
174188,6
69068,0
156537,12
70903,12
32594,15
39709,14
160724,0
93870,17
7467,18
101808,13
78614,14
68485,0
22613,17
195672,9
43731,19
137504,0
178468,3
33145,12
137614,0
103014,2
60889,0
4139,12
170854,19
106721,0
195291,9
24148,0
203069,3
185450,9
93169,0
91334,9
39587,9
74991,8
156212,0
132556,17
93949,8
116087,19
32815,19
103313,15
9013,0
18222,19
53068,17
1748,12
83811,17
160865,8
105084,14
152050,19
188319,12
11489,12
93088,16
31864,12
100688,0
66005,12
170080,0
191593,19
212585,2
190824,9
34884,15
71337,14
189871,12
139600,15
65150,17
135356,3
181981,12
65689,14
175197,6
73752,14
131352,12
39780,14
70553,15
120643,12
88814,14
131751,1
117804,12
84619,14
86439,17
53229,10
170476,0
26840,9
213949,0
204338,15
1307,14
117612,6
101299,19
158811,15
141604,15
140573,14
29804,18
109223,12
4024,16
187434,12
122186,0
64761,12
159460,15
120337,13
45904,3
33832,18
86114,15
176862,9
94069,12
152053,17
133526,6
66543,19
6253,10
202060,15
26961,3
79822,19
212655,12
74793,6
50187,14
207165,3
18387,12
91948,15
179552,6
201723,8
16631,19
172595,8
207501,19
781,19
14470,0
30860,12
100751,19
50113,10
28629,2
214915,2
201616,9
103598,8
61551,14
67184,8
96573,12
145182,4
202751,2
111535,10
77729,0
52307,17
141757,2
121350,12
84384,16
20755,0
71867,12
26572,17
87657,18
161641,17
201174,9
160640,6
160241,13
45090,0
20009,0
52754,10
114557,0
50437,17
150351,12
165258,5
64328,14
35754,17
161282,3
39200,18
18916,14
31434,10
52384,14
208715,3
124797,9
94025,10
135653,0
207802,0
161995,0
214384,12
16137,14
44334,14
93145,10
30601,6
32946,14
35190,17
185749,15
70469,14
152775,0
72683,10
53754,15
20425,3
173293,2
7887,0
62234,9
120244,13
75082,14
55353,17
66260,9
101543,3
151332,15
92330,12
88539,2
73486,14
173415,0
179637,6
27392,2
187886,9
180362,12
85548,16
160090,12
4830,12
33927,14
88384,9
174913,8
175249,2
209185,7
58776,19
165498,12
190682,12
82304,16
14968,8
79155,19
105973,9
27441,13
145431,0
13143,14
3479,10
119117,17
84084,12
107896,0
9361,2
6836,16
106604,15
143571,0
88074,19
32440,12
189004,9
96729,8
122179,0
179616,0
137366,15
116081,6
184157,12
179181,17
183639,5
88121,1
118265,2
79057,14
207336,12
123353,2
20173,14
140407,8
214387,8
199948,3
86618,17
176689,12
70242,0
96993,16
45617,18
205917,12
187385,8
210507,3
200161,6
186278,9
32292,0
203579,15
46050,15
112729,4
12276,10
23515,10
26306,17
67921,18
63852,16
71993,2
154275,12
212035,6
35103,2
133270,15
206578,0
112741,0
58891,14
138377,15
6804,14
53316,19
19057,0
204358,0
28057,0
161873,2
101399,17
23640,17
119908,12
147102,12
13412,6
115579,15
85570,17
139717,6
8892,12
28667,10
17981,10
177894,15
108364,2
203169,3
118868,3
85968,0
5051,0
29123,0
36155,12
60547,0
191554,2
77133,0
98787,9
207175,12
111894,0
213741,15
52927,0
116112,0
24111,18
192614,14
32731,8
122316,8
187972,13
64423,2
75882,18
200716,9
124592,12
17825,3
127181,13
34305,0
170181,0
180619,2
101863,12
27846,12
135804,9
59400,4
60400,12
200515,17
188833,3
139392,12
11017,10
192959,2
162921,8
36476,2
20116,0
139295,9
187961,12
78005,0
123437,8
1582,18
18796,15
196955,12
175206,12
19056,0
37909,15
147165,3
103534,16
161866,3
33061,0
179633,6
128704,0
82047,3
88624,0
161078,2
200701,12
148965,0
68053,3
73020,2
147372,15
62808,17
26512,10
25674,0
194196,19
105256,3
5548,19
31054,15
110422,16
108276,16
53566,0
73685,10
63217,0
132597,8
70187,2
20729,18
93195,1
43711,14
154493,0
16930,0
102982,12
107104,2
189718,9
130205,0
142007,0
182852,7
118890,13
203622,12
59097,17
31786,12
60062,17
118480,0
154101,0
130940,4
155144,15
6817,19
164316,12
148201,3
186629,3
197753,6
32834,15
119453,2
117283,3
4202,17
171294,0
110088,12
147241,15
132031,12
102700,8
60049,17
204524,12
52056,17
174820,15
23339,14
6423,19
63665,6
121606,12
45311,9
183358,0
181769,12
106705,15
15347,14
186273,9
29278,2
122998,8
68763,0
149327,15
38169,14
170300,6
167435,2
135769,6
109836,0
150346,13
74770,3
160819,2
211938,6
114004,15
21120,14
57650,10
128770,6
26897,5
9759,19
4975,10
156815,0
136389,20
155996,3
200283,19
125805,12
112225,12
190024,19
87800,12
133479,17
78741,19
140327,19
107323,9
47284,18
37889,14
179375,0
164789,19
19937,17
3512,14
186539,10
100359,12
81288,10
146796,6
145502,16
15845,17
202995,12
204497,15
40314,12
172463,2
68551,14
203269,17
20185,14
123583,12
96942,12
10835,8
199671,0
43134,17
147064,12
204830,15
155835,13
53821,12
16869,17
6829,15
203476,2
5708,2
16436,6
51582,2
23486,8
160361,0
196635,12
166116,6
25704,12
108557,15
141855,3
173974,8
79396,10
70585,0
202084,0
192918,8
205916,16
130215,12
33978,17
18674,0
100500,0
153420,0
163368,0
183474,0
160559,12
57592,0
45448,17
121075,0
169990,2
77694,14
137619,0
17637,15
44803,10
145956,0
30362,17
56388,0
29517,8
31181,14
216149,16
157950,2
34109,17
61284,18
163863,3
138162,0
17641,0
41438,14
21311,15
55039,0
137968,0
112977,14
44786,9
46097,17
26663,14
145691,6
5913,14
17696,0
139790,0
54142,17
71076,0
77072,18
23576,10
189906,12
66440,14
191863,2
95924,0
59972,14
53384,17
46156,12
99813,17
11962,12
52185,14
201060,13
71267,18
54787,8
39794,12
10773,1
115772,17
186843,9
114369,0
119609,17
210237,5
139836,0
193027,15
42448,12
7921,6
161776,15
6271,10
179965,12
31095,0
140728,9
185916,15
216241,6
208754,12
99403,12
170205,3
113675,0
139646,6
80115,14
15143,12
26957,4
121786,8
45909,0
77318,14
10812,12
52760,10
170638,15
1954,19
49718,14
94544,12
30178,10
106183,3
177455,18
137633,0
42456,10
22560,6
117436,0
2651,17
186041,9
131359,19
198790,2
73045,3
73558,14
53802,15
181782,12
209927,6
54229,17
148090,16
181934,3
70661,12
133722,0
142108,0
8582,0
197876,15
173688,3
66540,19
27713,12
100391,12
176479,4
115482,8
84296,2
166438,9
158879,6
182883,12
23798,17
67931,19
17762,14
201505,13
150889,3
65029,16
215161,0
33024,17
41926,0
186991,9
136391,19
89539,8
57714,18
107542,17
115895,0
175528,12
198081,3
176723,0
52308,3
39889,10
55767,14
160761,12
59587,0
60109,2
54979,15
76618,12
82377,20
201215,12
17770,14
51647,0
38255,3
34716,17
124650,0
54158,0
122575,8
119141,0
197179,6
198295,2
150553,8
100398,10
35990,10
83096,10
134223,6
51204,0
20931,19
40969,2
102716,3
145349,0
89533,9
11971,16
71599,0
32596,15
92622,12
180690,17
194485,13
42721,17
144319,2
66407,10
121298,9
64980,18
141494,12
161426,12
120550,0
130797,0
3158,19
125138,15
32838,15
100606,12
25718,12
214594,0
173146,16
17046,17
91776,12
169652,6
187648,9
88263,15
22922,0
49351,17
103972,17
216120,12
154751,0
56449,8
137188,0
189173,0
114692,16
207537,1
196142,12
185350,9
67259,10
182825,3
66572,17
75223,18
166826,12
98719,12
61506,4
191515,13
114848,0
2392,0
171408,13
199695,0
34934,0
53693,0
143350,0
44827,16
154224,0
4316,14
85184,3
43345,18
5516,14
125714,4
2123,14
117597,0
152521,17
114000,15
142878,12
164263,0
102105,12
122754,12
113667,0
58124,14
128400,15
136162,0
49906,14
175253,0
112980,17
50784,17
24741,12
78369,13
28552,14
18419,10
11299,19
34544,12
99194,13
63784,14
11528,14
77030,15
212350,2
130598,0
41460,16
107740,3
196780,10
113026,8
104549,14
61727,17
186587,9
124430,15
44578,19
110244,0
1976,9
207178,13
123128,12
2779,14
129382,0
67103,14
142716,3
79823,19
82741,0
167495,6
182726,0
152109,6
19524,14
150776,4
53169,2
80997,3
214422,12
38937,19
157952,0
146233,9
64998,19
73928,12
151147,0
72142,14
136314,0
212169,15
59994,18
134615,9
148856,2
140443,0
213581,3
100303,17
195404,12
73310,3
157972,12
42900,17
116920,4
172676,0
91660,9
176200,0
104319,17
216922,2
10551,14
186724,9
216770,3
215215,12
161117,12
64493,3
96636,2
92786,12
116125,0
91858,12
66770,17
186835,15
63300,14
172036,0
24886,19
120190,5
57550,0
134971,12
53095,17
64108,18
120524,3
62463,14
178974,6
3750,9
27830,14
77141,2
150913,12
24239,19
17394,0
54412,17
101359,2
171243,12
34154,17
46998,9
186949,9
17719,12
17647,0
187173,12
44324,14
95666,12
155959,12
9194,10
197736,0
79684,12
162598,4
47734,14
10056,0
162662,0
167577,17
73800,17
145451,2
66696,12
137613,0
104037,0
8486,14
49632,0
87600,14
156066,19
58592,0
135412,12
82277,9
112875,9
47297,6
78286,14
148382,12
51231,10
70162,12
54540,12
121626,9
132553,18
54465,0
37258,3
158796,13
187310,12
134332,8
134900,6
94841,17
70497,14
157432,8
48089,0
82591,15
124849,12
118818,3
172916,17
129727,9
186714,9
200296,15
9209,2
102965,0
61810,0
115086,0
134323,0
198721,9
113574,9
204467,12
108185,0
11784,14
190160,15
206035,0
183057,4
171413,12
191483,6
180459,11
97428,15
31939,14
51933,0
144572,6
180018,0
199688,6
152227,4
104370,6
171124,0
71553,14
42856,14
29642,12
78466,15
208433,0
174978,18
99378,12
193812,8
69012,0
65919,12
189094,12
4333,10
122989,8
209154,15
148025,9
58596,12
99225,2
86708,16
30823,17
116539,15
94812,0
111971,8
215646,12
42656,10
32117,2
385,14
54690,0
87736,10
87686,0
4567,14
29761,19
87465,0
166072,9
201849,12
213444,12
51136,15
24005,17
192434,8
124393,2
147854,8
93367,19
103655,3
146836,20
34918,17
182055,12
55564,14
12630,2
116158,9
171260,19
38779,0
121105,6
85289,19
4408,15
96761,16
146678,0
86467,0
186963,6
65866,0
102484,17
55462,17
137708,15
175279,12
54385,8
132669,17
57287,12
87135,0
109414,12
98462,12
148530,12
194501,2
102836,0
10513,15
32894,10
152553,4
74102,0
60327,17
5305,18
82683,14
173218,12
115113,0
153199,6
172668,2
105415,2
205740,12
18503,0
185932,0
42080,17
188434,9
103009,1
14802,0
136888,15
48099,10
130542,13
156879,16
134745,12
178683,11
1077,3
58226,4
64559,0
171083,12
193866,0
138079,9
65030,16
100162,2
123252,0
42033,1
71520,13
34216,17
197628,12
175490,0
4020,17
159335,19
95474,17
3931,14
203726,15
174612,6
85201,0
116172,12
9343,17
141712,3
23406,1
59034,19
48357,20
99864,0
170049,12
189115,0
169233,0
193836,12
139088,0
37319,12
71135,0
215071,12
135936,12
23954,14
152576,6
117092,0
42725,20
38024,4
120972,0
16320,0
59338,0
38111,12
191117,12
21130,17
134321,0
19543,16
103468,12
128066,1
210993,12
23061,8
118631,15
212835,12
58281,12
194840,15
63129,14
64835,0
208059,3
7616,14
105263,12
183085,12
151884,3
111907,6
114590,15
90351,16
26699,14
107203,0
136341,0
214979,15
59237,18
195368,2
129797,0
105191,0
46168,14
189619,17
166562,6
8875,6
142993,0
166598,12
33534,19
54880,20
209329,3
46167,14
7743,12
56933,10
23917,12
109691,8
4296,0
121390,0
142246,15
86615,17
148737,16
10995,19
71642,14
134836,3
167732,3
102292,3
48,14
197924,6
89004,6
55884,0
175986,3
179180,18
72176,18
146237,8
112608,9
43895,14
103920,2
1355,18
207923,0
198230,3
104188,0
94305,0
124956,19
174475,13
71834,0
185054,6
124919,3
151879,0
138456,12
105835,3
200544,6
109703,3
99282,2
167049,12
114154,0
202167,6
79707,6
146699,8
210769,2
157228,0
128060,2
78405,0
156211,0
99892,8
128791,0
44229,20
4250,17
165305,17
204965,2
38364,17
182682,17
41282,14
79813,14
8134,14
108934,17
165821,12
14693,20
155777,0
47913,10
93231,9
216727,0
44877,17
168677,0
169969,2
5934,14
67394,0
81421,6
37355,8
28081,2
10394,10
98933,2
134788,0
182136,15
129733,9
15615,12
16363,0
173242,6
161350,15
61092,17
125107,12
65899,12
147079,17
9227,0
91980,6
128888,15
177910,2
215294,3
177866,12
67274,14
72605,3
139434,15
18795,17
36719,6
152069,13
16342,0
212664,2
156304,17
31530,3
180793,15
51909,17
104196,9
171738,3
213797,0
64880,13
175219,12
141158,6
52209,19
76012,20
191266,12
106664,8
163948,0
59642,18
214520,12
172074,6
36683,19
80878,16
27182,9
137053,0
33363,9
112934,0
142752,8
115933,12
214176,12
110497,19
192661,3
138994,17
79127,14
206920,12
27061,18
34082,14
89382,15
59653,17
100847,12
52908,0
167046,9
26960,3
143601,2
153526,0
160301,0
67382,0
85496,14
175463,16
132145,12
207691,12
106752,14
47224,12
78462,15
57787,14
21617,12
131099,17
111025,17
138778,0
7397,12
82746,0
77221,6
47670,9
86438,17
137507,0
176712,16
61578,14
79330,18
156454,6
184458,19
59373,2
122730,2
169014,15
31060,17
43212,0
104868,5
48446,14
93361,12
22679,10
65911,10
45471,6
171866,13
173615,3
164847,8
131525,3
179237,6
192562,2
208975,12
8217,0
181868,12
103366,14
95616,9
132126,2
75109,0
15120,10
8245,8
136347,0
24671,12
123513,0
155272,0
193778,17
136586,12
108019,6
15453,17
76671,14
105176,16
36230,17
59547,17
209848,6
127487,12
96128,2
82780,3
81947,14
111050,0
68464,12
2605,0
17381,2
110205,0
213091,2
111897,0
155763,15
50837,14
147221,17
141795,9
5959,14
179484,17
51533,17
91331,0
210344,13
87618,12
175432,12
88794,9
77183,10
190661,9
162028,12
35683,8
140254,1
176571,6
49617,14
26215,14
63570,14
116414,12
74116,8
24880,17
168154,0
56130,9
31207,18
74140,14
10124,19
36075,14
150539,12
125497,2
135528,9
81689,12
75923,0
173985,7
157524,15
72568,16
207816,6
9038,10
216463,12
64914,14
119179,0
58213,7
147645,15
119804,0
49062,12
141183,0
72207,18
53054,15
180110,0
205443,0
206857,0
150379,0
192413,0
132472,0
87363,0
56441,8
8117,14
89635,12
182607,0
86678,14
45025,11
155490,0
160668,12
176525,15
54175,14
127032,12
127666,9
60571,0
54798,14
206289,0
212527,6
85850,14
148669,2
210723,17
61424,15
23705,14
31315,14
96294,2
106208,10
7621,3
149145,2
150878,0
182490,3
59961,15
123413,18
125105,12
197511,0
16569,10
174281,13
154172,0
187631,18
119904,12
53927,0
32294,0
99285,2
39595,10
159999,12
163371,0
89411,10
95874,16
48313,15
177555,12
3439,10
24472,14
151836,15
165844,12
108810,2
19137,17
163730,15
79986,17
14226,0
105222,0
123814,9
51438,17
59306,0
51782,19
44184,0
113306,0
119580,0
135579,3
88317,10
9732,15
143237,15
138685,12
113796,12
158344,2
100405,14
65356,12
4898,14
96091,0
209053,8
178458,4
91242,9
8511,19
24481,14
149161,2
212313,2
33761,2
85989,2
212686,12
57162,19
34841,14
206811,19
134683,0
145316,0
80779,14
90139,0
61743,17
132586,0
202198,15
190431,16
69180,18
90715,9
120649,12
16123,14
198234,3
94805,0
89322,9
137043,15
75198,14
8365,17
174034,2
96632,0
125171,6
77171,0
188750,3
204558,6
214733,8
127102,0
11102,18
132984,12
55347,17
195063,8
158560,0
123895,0
11882,0
206459,2
34008,0
166171,1
20923,10
74305,14
67756,2
101521,0
201237,4
178828,15
21497,0
70495,14
40902,18
123486,0
191891,6
68759,12
20044,2
141983,17
83605,0
215014,15
63489,17
36093,18
207710,8
78397,0
44491,14
161325,9
215565,19
145151,0
151859,0
105699,19
28846,17
23851,0
204081,20
129386,0
83588,17
62205,0
204655,12
141205,15
27346,20
152427,9
23258,14
93126,1
129092,0
100692,0
110810,0
97963,0
106181,3
8271,14
94126,6
101313,15
111798,3
149081,0
83440,18
45922,0
153709,6
181779,12
149760,13
9750,14
168200,9
78740,18
174748,4
8321,17
13195,17
213575,3
87615,12
42116,19
86577,3
62064,14
154875,3
86899,12
162475,0
134584,3
95793,0
37459,10
202514,15
2842,16
115604,10
98392,0
116593,0
74049,10
57002,9
181429,12
103210,15
86715,0
209626,6
52588,12
61245,17
1929,14
28121,14
188443,9
162824,0
144492,2
195389,12
30820,18
17763,14
135447,0
167450,9
197395,12
17727,10
41906,6
168697,6
68841,14
190077,10
120075,13
109839,0
55481,10
150112,9
23255,14
10372,0
59584,0
48482,12
184626,0
135490,2
72064,10
144653,16
181954,4
123473,0
180910,15
57268,18
17775,14
64137,0
39400,18
33471,10
100018,0
185438,12
72080,12
73260,20
144777,12
68828,3
139566,15
180734,0
212038,6
97753,2
82490,0
43602,9
204554,6
10466,14
45580,8
68636,0
130475,0
70481,14
10080,8
149782,0
159711,0
181783,12
174552,15
48568,20
144855,2
33746,2
133382,6
198426,15
60145,0
88404,9
74847,16
38147,15
210155,12
148511,2
151477,0
65993,18
127864,0
9041,10
148286,12
21215,0
161528,18
7561,14
11071,14
5349,17
129707,2
107786,0
175842,0
47835,14
19060,0
107190,15
160991,12
198290,0
14782,0
205888,12
171038,3
83499,10
46845,11
81195,11
143965,0
51149,14
204329,16
37113,15
145244,17
121414,0
160096,13
187658,3
107706,15
29743,14
20462,0
69694,10
153757,0
42183,2
26997,12
101730,0
131557,6
67366,0
139294,15
104264,0
87171,12
61134,18
64355,17
136213,12
19961,14
41694,3
134850,12
212339,6
203520,6
96662,0
137024,16
142816,5
52287,0
106211,9
190677,4
66796,2
200453,15
96988,17
193867,0
23484,8
106465,12
147184,12
31692,14
135082,3
118988,2
7011,10
183875,9
186046,9
68523,3
202100,13
172076,6
139752,13
134443,0
99593,2
145392,17
128980,15
192898,12
216367,2
11430,4
3168,18
214909,0
114751,0
87605,14
37468,17
67496,17
201124,12
129791,0
160701,12
40464,0
163482,0
103988,20
12325,0
155895,0
199222,16
31963,12
181836,6
61206,19
180937,0
196141,12
130171,0
198704,2
160659,12
155486,0
48460,12
147378,3
108931,17
78483,14
153903,0
31766,18
39323,14
23978,14
118913,2
21433,14
196643,9
67359,0
175352,6
158543,15
132527,12
2450,17
45495,0
17045,17
13150,12
111286,3
157737,0
164197,0
24326,6
129094,0
37817,0
119333,6
127465,0
30425,19
73452,0
108016,8
71335,14
146545,9
111236,0
149794,0
182210,12
68295,17
91574,15
89645,13
89576,19
212374,12
52262,17
95393,0
206117,0
215134,15
149522,12
148246,9
130068,3
140440,0
131542,9
103813,3
208394,6
57172,0
104182,9
80346,13
210900,6
159275,15
68045,4
100932,0
194499,2
110627,17
114546,0
201763,2
83783,14
206728,15
154998,3
66047,14
23924,19
116491,14
131599,15
132680,15
186367,9
15736,18
15775,2
209978,15
51751,14
106667,8
2436,14
45597,15
16086,19
92859,12
64317,12
32114,2
121,10
28140,14
197160,17
77367,3
109144,2
100061,6
22875,19
168304,12
32823,20
136331,6
166312,12
153931,0
170156,12
78414,10
206666,9
62455,17
9744,14
90043,0
118382,8
182761,6
95688,0
155405,8
82244,10
43141,17
136595,8
138445,2
117869,8
35652,12
200735,3
189833,0
61172,0
89108,0
48414,0
14857,8
77281,2
180493,3
114406,2
150722,16
111816,6
176651,0
188804,15
189938,8
201221,13
212014,2
147225,17
179057,8
70163,15
122892,16
1510,10
12459,14
177237,15
93179,17
126262,17
30660,20
27434,0
197690,12
51728,10
85305,19
193149,9
13936,19
107310,15
97714,1
51339,1
82064,0
1939,14
202990,12
109068,13
196895,15
17032,14
55469,10
204873,0
205447,12
195578,2
17280,12
6095,12
108472,6
53025,12
120178,15
187883,12
174498,12
73078,0
213769,4
114484,12
181774,12
85407,3
211393,8
56816,12
195585,2
105231,4
204884,12
179716,0
130385,7
191092,0
93423,12
170390,3
31242,8
83956,12
78792,17
32328,14
155783,0
184356,4
192686,12
215534,8
185251,9
201244,8
132881,6
164190,0
172422,12
120688,0
127093,0
154505,0
185341,6
49148,3
151600,15
108129,16
96996,15
49339,17
114361,0
188704,12
143551,12
37058,12
41266,15
136777,3
24106,19
183727,0
75614,14
58648,16
183284,9
44862,19
170829,6
200428,9
188438,9
55560,14
73376,14
176381,2
18760,1
168132,6
124965,15
205892,15
212735,12
79339,17
147386,0
111393,6
113716,0
91679,7
213389,0
186577,9
118699,12
69929,0
194104,16
77641,14
123405,9
1570,18
72926,17
211768,8
195469,6
183937,2
144835,0
16132,12
125626,0
176290,15
30498,2
153014,0
208737,12
163539,0
32929,14
48283,12
168197,12
17398,0
80254,0
146252,18
78408,0
122792,12
189446,15
170014,12
129397,0
46454,0
31598,10
14355,6
79548,17
36295,0
126791,0
187665,0
210080,15
101169,12
145612,14
146572,13
14496,10
83272,14
32609,2
46529,6
146223,9
11860,3
52499,0
169484,2
149121,2
183835,3
178018,0
214884,17
62819,17
199690,3
141858,2
184634,13
17935,17
210695,12
105665,3
181189,6
98159,0
31940,14
90575,9
183140,3
74657,1
27174,10
13350,18
127552,1
153888,0
186480,9
132826,0
97862,3
55120,18
112130,19
13166,17
156120,0
77626,15
173386,2
111273,0
121010,8
69054,0
109201,0
19943,15
205978,12
141029,19
208974,12
52501,0
9369,0
94551,12
204691,6
55809,12
168731,8
83304,14
9177,16
122348,10
34830,0
100590,0
7549,15
109588,20
80564,10
133047,15
9161,19
195947,0
14308,19
86997,19
41134,9
208434,0
181211,12
126676,0
166556,0
163508,3
25256,0
79099,4
167019,0
93637,15
153348,2
123578,12
6960,19
120323,15
151201,12
29581,10
61667,14
141656,12
69966,2
29945,17
151568,16
115395,8
196796,8
85420,0
145076,12
40758,0
197125,6
139446,0
2167,10
85511,19
160406,0
104471,0
209659,13
155285,0
28295,8
32362,17
214786,15
203782,6
174628,8
19014,0
176573,6
211958,12
129341,9
89885,0
105768,2
63598,18
205021,15
207855,12
84194,8
128661,0
165566,0
171556,0
49866,10
155269,0
87515,12
93130,12
49223,14
138155,8
97159,2
131113,15
2738,12
54483,12
161179,0
73515,12
22368,14
67337,17
167379,1
50564,15
100784,0
189946,6
81858,14
3496,14
54625,15
118944,0
51659,13
180628,6
22331,3
154056,0
97297,19
128836,12
68343,0
11679,14
213328,12
103847,20
53390,15
122238,8
214898,15
128858,15
184529,4
128865,19
95328,3
110836,6
199478,17
81809,0
34374,12
147428,12
182989,15
157034,6
52525,14
208589,15
108983,0
139639,0
128312,12
76446,10
48572,19
163652,15
91528,15
30811,14
138866,17
13041,6
208388,9
13306,17
53019,12
64988,17
78137,0
121681,16
22311,16
21385,0
12468,14
212994,2
119329,4
85787,0
59025,14
115845,17
97636,0
165810,6
133688,19
165270,4
96452,19
137548,9
72393,8
146727,12
61594,15
72706,17
36667,14
100410,17
165402,9
82071,0
204143,12
36127,0
179625,7
83383,14
203658,6
101467,6
207373,15
168667,0
127909,16
78120,17
50933,3
157478,0
211326,3
48178,17
89467,9
179694,13
186701,9
100671,0
37159,19
210732,15
24388,12
723,3
16007,17
7951,14
9084,2
74008,0
101978,15
112208,8
204590,9
45871,17
205554,6
186663,6
135839,12
197149,17
154857,9
154565,0
194669,1
128561,0
137020,17
194936,16
197404,15
136924,0
146468,17
65275,8
211935,6
137311,2
46952,12
63342,12
207538,1
72347,10
169801,13
153010,0
203956,3
18566,0
145925,15
97360,12
205731,0
23768,19
18057,10
84371,14
31984,3
124060,17
178378,9
6285,14
141750,6
66580,17
132253,6
149482,0
7569,14
154980,6
192629,2
161246,15
198613,8
159750,13
121507,12
30794,14
114475,3
187160,18
18558,19
99116,12
210852,13
65377,14
9198,0
112255,12
192180,8
34862,15
139496,9
131655,6
55090,17
46383,16
11065,14
201722,12
19317,0
130930,0
166494,12
122198,0
105388,4
21828,9
72323,0
40209,17
7212,4
134393,17
36791,17
97166,9
147520,3
191612,17
48101,9
53146,1
190657,3
28346,8
166271,12
159656,3
172737,12
189867,17
190084,15
31687,14
120669,17
83660,6
107272,12
109337,19
149931,0
4709,19
36020,19
21645,14
15386,14
91219,0
17810,19
201922,9
53123,17
1252,20
68699,15
140492,7
172542,17
122559,12
5727,0
215404,15
44551,14
142441,0
12107,8
7622,3
39077,3
62583,0
34364,10
163796,8
100006,1
167817,0
177856,6
212244,12
190189,0
92440,15
138409,0
147067,16
27306,14
203521,6
161124,12
1689,20
75861,14
139711,0
75170,14
122759,12
81770,0
193148,9
3157,19
2803,14
27779,0
123234,2
53903,2
25836,14
64343,19
115983,9
99460,2
154205,6
128937,0
153700,12
62321,19
214761,3
70910,10
3234,15
41661,17
41930,18
3376,8
88147,0
24056,10
190530,13
125846,6
102001,0
119023,6
165274,13
106687,3
187258,9
183907,16
181919,0
174907,15
139175,0
104446,15
134491,12
170002,12
200526,8
176778,19
207474,12
153576,12
214407,12
86731,0
47924,13
162997,6
35243,14
134642,15
139948,0
198881,6
188193,12
37374,10
59027,9
64521,15
82742,0
180575,15
27220,18
35029,16
30052,3
30740,12
36483,3
64704,12
50907,0
188062,12
114831,12
33771,15
214447,15
68030,2
43305,10
23399,14
13278,7
50045,0
32177,17
53524,17
207726,12
129687,0
40950,0
27261,3
112745,15
46676,0
39108,10
51195,2
200123,6
96368,0
108552,18
80612,17
169031,0
180261,13
110767,15
95061,0
62782,5
134242,2
8867,0
182075,13
24299,0
49073,14
101340,0
185300,12
215778,15
76687,15
112401,15
179629,6
81028,15
3500,16
215987,12
62931,14
90690,3
127133,2
1175,12
181242,2
214728,9
190269,12
102322,12
177826,0
35095,3
196144,3
130910,0
119122,12
196761,12
102355,0
99258,2
96885,20
20643,0
24655,13
212890,0
146530,12
54389,14
65691,14
89348,9
106655,6
51295,18
195719,13
152090,0
159157,15
78450,9
29326,4
91196,17
44348,16
103700,0
214933,0
122229,0
15756,2
102832,9
174634,12
79292,14
154441,15
149388,0
144448,0
144402,17
207431,9
177008,1
16303,12
193381,17
179573,10
136093,19
143025,2
163991,15
200354,13
200712,8
80332,12
97113,16
129590,0
102842,4
131030,0
169869,2
61324,3
67424,3
72961,19
62718,10
56375,0
109659,0
138670,3
38873,15
23124,2
181116,15
6473,14
26193,0
172149,12
80035,12
21613,3
49411,0
19078,10
208627,13
155918,6
49441,10
29597,14
35565,18
10671,6
185768,7
194794,12
196011,2
39519,0
72671,12
91862,12
197176,6
204459,0
112625,19
21036,12
148016,0
39611,14
69194,17
91777,9
24413,10
14325,16
215557,12
109420,12
137648,4
216143,12
14560,0
148217,0
212136,12
97248,0
137165,0
47923,9
17866,10
143724,2
104030,3
39731,0
177703,16
209623,15
208558,2
166035,18
61202,14
162882,0
134065,0
31228,18
14736,1
71268,19
63590,14
174382,12
216754,5
58591,0
187777,6
99442,13
50989,10
148207,0
54813,17
149297,12
165472,6
118648,0
119324,3
170342,0
25494,18
69150,10
57865,17
209996,0
85147,19
85732,7
24890,17
116254,3
12567,17
172073,6
164535,12
104322,19
189407,0
168874,1
194875,0
141045,0
102372,12
199108,6
87514,12
113960,0
86128,14
108077,10
139438,15
210997,13
43992,2
212346,6
213208,12
212888,2
172427,12
109545,9
179761,12
71658,15
32347,18
133925,15
105349,6
37858,17
116773,7
110549,0
206801,6
146393,0
151719,15
71231,0
166421,12
23870,3
47948,10
133678,10
47682,10
212432,1
108700,19
140681,8
9001,2
215754,12
11031,4
144512,0
36515,0
120124,2
162777,7
216213,0
211831,12
149775,0
144486,0
17619,17
87468,0
15013,17
41802,17
23252,14
51390,3
213029,8
34779,15
99156,15
84257,19
209457,13
160438,12
143412,17
22693,17
48317,14
216298,9
211581,3
99547,6
184998,6
145231,9
151159,0
76103,9
57048,20
87873,12
190147,9
130269,15
166224,18
15544,0
26315,17
9791,17
36342,14
178841,3
132124,2
204129,2
18240,18
126584,15
19490,4
50597,16
81292,8
108249,4
117434,0
152156,8
207585,3
87094,3
212330,0
120300,3
163292,8
149037,12
210532,15
153944,8
146100,15
202082,3
162880,0
181057,0
139156,15
19460,3
15755,4
40041,0
204360,0
25963,17
182775,12
110435,0
177844,7
164347,15
180680,15
102588,12
102720,3
168631,17
18482,17
10732,18
151052,6
167567,9
170209,2
73012,3
173077,0
90414,10
155317,12
35841,14
81380,10
148408,13
160866,4
39236,14
183788,12
57335,3
86092,10
68380,6
142999,0
216681,12
136011,8
152039,9
19005,17
108631,6
126796,2
131513,0
131860,0
22755,12
55156,17
9924,13
161987,0
186582,9
129967,2
101493,10
160485,2
83884,0
147050,12
10392,10
127946,6
139494,8
25662,1
3566,3
205190,15
141247,15
50867,19
104240,17
137669,12
194127,6
73388,18
23455,10
31509,17
91953,20
48984,10
129738,8
182254,15
27663,3
168979,12
55539,8
201511,15
118775,2
152584,0
28902,10
144418,9
52155,14
174729,15
97471,0
93436,12
135796,12
117194,0
4907,13
88891,9
1090,3
36686,19
147823,3
87812,20
139231,12
115831,18
194118,12
111449,2
34117,14
179533,9
152612,12
49547,0
42640,0
78890,14
83331,17
87831,0
197852,12
66304,14
11335,0
120185,6
188916,0
105232,4
6584,14
171851,9
204694,6
30246,0
148285,12
57354,0
137172,0
81193,10
158138,12
48686,12
176939,2
119910,12
195520,8
39303,14
154025,0
150342,15
157904,15
141312,8
126545,2
50139,2
101256,3
88938,12
58364,14
36915,0
173695,5
126598,0
123171,2
144613,19
184752,4
146152,17
390,14
123351,2
181968,13
203413,15
152031,12
72928,18
131637,0
97007,0
55532,9
118347,0
147528,12
68917,17
2203,15
211949,17
135656,0
42648,12
84078,12
35937,0
109181,15
6750,3
81648,0
148102,16
70075,10
48137,14
111085,0
14354,6
211541,6
882,12
164071,2
142887,0
210148,12
124524,12
185431,9
187835,12
89369,19
72418,14
133832,0
99918,3
70769,17
111888,0
147338,12
54287,14
210758,0
8578,0
49597,19
38698,19
126010,8
215617,3
30532,0
124491,2
140687,12
93017,17
199023,0
36818,14
107743,11
77701,14
35386,14
60673,16
111122,12
86763,17
49050,12
51274,12
33692,2
69537,14
16711,10
174262,12
50609,18
85501,14
83256,0
180621,2
35448,10
161870,2
94409,12
207461,6
145155,0
165947,0
55797,12
6237,0
161546,15
55086,17
42196,0
159305,0
92538,10
17530,14
62675,12
10246,14
170960,0
174906,15
91291,16
119101,10
28188,19
64769,14
12478,14
168048,0
128703,0
27710,12
100841,12
61111,17
61641,14
170469,0
74240,0
147526,12
141735,19
72381,8
146255,17
208328,13
202469,16
118085,9
65441,14
55416,0
215787,15
49385,2
73780,20
19845,0
82439,2
80104,15
172556,12
28418,19
91645,9
152572,0
57834,9
160250,19
150424,9
100926,0
31975,0
92051,10
21736,2
139882,12
61757,17
119567,15
54872,12
50606,18
52178,14
207560,0
159206,6
94477,19
186210,9
36387,14
124418,8
150415,9
186906,9
130359,2
22251,14
50607,18
91593,0
28385,14
171080,12
131382,13
93758,6
194417,0
208548,0
2886,0
145050,0
136935,0
201369,4
179419,0
89960,9
177007,1
183475,0
100600,0
50457,17
121228,15
16389,10
83980,9
162236,10
211549,1
47131,17
25234,3
202171,15
152633,19
105114,4
213059,17
77820,17
67987,18
135215,3
131406,6
34639,14
182089,12
22102,9
1738,2
61774,0
198972,9
7374,0
199413,0
29572,0
62038,2
134303,0
72495,19
27678,10
93097,19
25492,18
102324,8
136138,19
16864,17
93474,17
1331,14
165459,0
23459,12
173025,18
69117,12
148904,2
103194,3
46250,3
108303,12
107777,0
21974,3
203081,4
185290,16
116679,15
139595,15
204041,4
147078,17
90277,0
96142,6
72470,14
56518,6
133698,15
30842,0
149123,2
204573,0
11008,14
61194,15
150388,3
84498,12
145085,12
53245,12
191802,15
60992,6
4720,19
102525,8
18128,14
50115,10
84226,17
197901,0
108271,15
28660,9
179255,12
215978,2
70907,12
127742,3
46233,0
90449,17
114827,15
52696,0
61651,14
178905,16
108923,19
176691,12
79277,19
12917,10
125260,12
143938,9
152765,0
148361,12
56425,0
109010,13
170770,12
111240,0
79627,0
43056,14
135496,0
96164,2
164828,0
22370,2
194569,19
68433,19
2316,14
156385,12
196876,6
12981,17
182185,11
12413,0
42949,0
194362,12
214059,8
127328,9
33893,10
209933,12
154678,17
181781,12
185481,12
93998,13
40247,3
150638,6
210121,8
1185,9
20690,14
45280,3
31650,6
125143,15
48936,19
148386,12
111161,17
86571,14
194710,12
121744,0
28297,12
111324,16
212612,12
162274,13
215840,7
85586,0
74714,0
44893,17
211793,2
47516,0
83120,6
67303,12
88890,9
35845,15
171329,4
27323,14
34430,17
73434,3
119651,0
7006,9
47348,12
191365,13
77284,2
128780,15
205626,1
206050,8
136982,9
5775,17
15361,12
205604,15
137559,8
212507,15
10999,17
197543,12
34135,14
196493,17
79516,17
149359,0
119979,15
55199,14
53125,17
48938,18
137243,17
196397,12
103182,9
30519,3
78603,7
45264,0
71339,14
63061,2
85124,12
90183,9
198615,8
80960,9
69311,12
163166,2
82538,14
148708,2
60687,0
50221,17
150548,6
168752,12
118794,12
135188,0
69897,2
162254,6
81663,0
130634,8
52748,2
36336,10
107578,15
54034,15
56600,14
58433,10
51530,18
17342,13
200784,8
135343,0
18346,0
19095,3
132176,20
117012,15
81408,0
130672,19
162826,3
120388,12
55464,0
83443,14
7322,10
89920,9
15425,18
158864,7
51084,16
113099,18
128216,15
107390,10
137979,3
83147,15
76950,0
199885,8
196670,8
183354,2
46034,14
109123,6
181087,6
59102,17
35543,20
216930,2
171795,17
99437,12
204962,12
95122,6
112380,8
46291,14
14735,0
28888,12
106949,15
47191,0
137106,0
17065,3
33286,2
120173,0
100003,0
139394,12
193821,6
168761,0
59618,15
153746,13
33026,17
19999,18
177523,3
10400,6
3014,2
45991,19
129027,3
48684,12
160395,0
114405,0
188264,0
194618,6
115996,12
214841,8
7495,8
151715,17
65726,12
4697,14
208882,8
97764,2
14301,14
3422,1
172635,12
86794,18
1340,14
127383,8
3267,14
164837,0
166786,12
50052,0
28433,17
31989,20
162494,8
212604,12
158412,12
58342,19
61704,19
150790,2
214669,17
99788,12
204097,12
32060,0
202395,12
89449,3
168706,15
90838,12
49584,12
157887,2
47799,19
179145,6
31075,0
103393,16
85727,8
114302,16
127316,3
210352,19
2111,12
201381,5
174352,12
82143,15
164835,0
47332,12
190845,11
110695,9
30771,10
32195,3
215356,13
36941,10
173426,6
174613,6
117855,0
81085,0
160341,12
73958,9
13148,12
155617,6
28324,8
156872,18
182152,2
166390,17
92906,8
190945,6
72818,14
154943,17
204023,15
138011,12
193094,15
170825,6
100582,0
145699,18
108030,3
76503,0
216678,12
95439,12
165636,12
69519,17
78241,0
5298,17
56459,10
98096,0
178230,0
46882,10
124885,15
26111,10
131784,12
59369,12
57005,9
216791,12
5766,14
926,19
52237,15
85804,6
73517,12
29327,0
93249,2
22671,8
126681,0
170322,12
99117,12
190345,12
135480,0
208336,17
67971,17
53752,15
156602,15
209630,6
109575,17
73024,2
185378,15
130809,0
142631,16
205999,0
16445,12
29845,3
174276,0
93399,9
84057,3
162366,15
70351,2
86912,14
128276,2
203719,15
35655,14
54595,12
5483,10
192681,12
166545,6
155168,0
46370,14
144477,0
4107,0
7153,12
147697,0
41504,0
150139,12
168489,6
161005,12
121109,12
154468,8
78570,6
6674,1
50815,12
163358,12
189322,12
131778,12
6130,10
91596,0
111993,9
187595,9
211903,6
44622,17
56796,0
180049,12
181794,16
6446,2
137108,1
131264,15
88196,6
162471,0
136416,15
198106,6
155261,0
698,13
173094,5
189270,12
110820,0
57110,13
145359,12
177507,1
37400,14
74852,3
73970,17
89528,8
925,18
64687,0
154421,0
98647,12
128784,0
23288,9
42135,17
189803,12
32819,19
107281,12
147175,12
60984,10
85835,15
215687,2
175800,9
136370,12
134522,16
144269,12
142506,10
123362,12
36990,14
176583,3
183781,14
56844,14
55167,0
160720,0
151475,0
134985,6
159902,20
187899,0
182398,8
63934,2
108469,6
82506,0
17840,0
216010,12
28769,0
12047,2
184085,19
63556,2
14516,14
102823,16
184615,6
144209,1
163350,15
18431,14
26333,3
61090,2
119719,0
30430,19
9137,8
106563,9
147140,0
88974,0
75872,14
57835,17
116747,17
48250,12
72144,14
152457,9
127641,8
15037,17
11118,19
188302,17
64448,12
117837,12
26305,17
195962,0
153735,15
164677,13
205661,12
131597,15
137941,14
106256,18
8925,14
84656,19
2904,12
9729,14
98244,1
177925,0
71297,3
44588,14
6781,14
111779,7
152715,12
130992,20
133814,15
205845,12
91740,0
5353,17
105734,10
176669,6
1767,10
128485,4
71941,19
44535,14
20630,0
15081,13
2753,8
64429,3
198712,0
126541,2
109059,15
57032,14
154352,0
179906,17
29445,0
98992,2
216381,2
184034,0
211116,8
121461,4
11835,17
71697,0
97228,10
110045,0
11842,17
213411,6
23011,19
105977,8
14133,6
39481,3
159628,0
83708,15
160265,14
58128,14
169136,6
197850,12
69760,2
113069,9
62610,2
118286,8
123608,17
27670,8
29310,12
36965,10
96167,2
110424,3
95621,11
77698,17
6605,17
21575,17
20978,10
24973,10
26621,12
195367,5
166214,14
62295,14
17650,0
42976,10
59582,0
28519,10
81941,14
196915,17
6505,2
25229,3
111539,9
182191,8
33947,19
35805,17
173952,5
3615,8
127886,12
71548,12
122975,3
164286,6
142923,1
156128,6
96150,2
21735,2
37040,0
67144,14
133746,6
214798,12
187028,10
59918,17
154006,15
174030,0
91872,15
158949,2
172134,2
10121,14
124847,12
144751,2
61993,17
152087,0
15032,4
212804,6
22000,12
132634,12
212109,3
152470,6
69480,17
17580,4
168135,0
18269,17
67712,14
144071,0
29025,17
138399,0
139602,0
94475,12
214632,9
87262,17
182381,0
38638,15
202382,12
205166,12
61647,14
25708,12
155725,12
83189,18
42034,2
37123,14
73682,9
10249,15
165321,15
66369,0
68531,9
86142,17
142912,0
21228,9
164203,12
86850,0
28236,2
152742,2
134472,2
99878,17
199483,16
10103,14
135285,16
116843,2
43954,17
90243,9
187398,9
59759,19
62720,10
189865,17
59139,10
104524,0
85864,14
210163,17
103698,0
778,19
66578,17
192179,5
184988,1
19233,12
203901,12
175936,8
190354,3
30694,17
89129,9
41985,14
39225,2
130190,3
108797,12
191566,8
157337,0
7084,14
146662,12
170667,8
77271,0
190467,9
115938,0
122472,19
603,9
10438,14
37788,17
34614,14
214630,8
67143,19
139206,4
141665,13
169450,0
181542,15
155757,15
112308,19
214613,12
43496,10
55860,3
163255,12
121757,0
16670,0
198495,17
125024,13
127091,0
107884,0
136818,2
143662,8
27833,13
92879,19
194208,15
136458,6
84575,14
153825,9
23965,14
51855,10
5565,17
141272,0
119450,0
74733,10
6518,13
56947,2
196419,8
29389,4
206334,15
79745,20
74405,14
33859,0
73587,18
126557,12
204753,6
143549,8
161448,15
142287,2
31936,14
66309,17
158767,7
181008,18
46814,6
79694,8
201166,2
124088,12
185726,12
31018,13
140277,0
13860,15
133671,12
198998,13
95406,6
186657,9
200002,19
188311,12
88644,9
130399,9
26116,10
53980,12
164340,0
41720,0
10181,0
177618,0
89664,0
168645,0
12820,19
183239,15
139333,9
35542,20
105477,3
21847,12
190324,12
208045,12
85528,20
51272,12
114717,15
103421,0
139922,17
97209,17
3791,2
114468,4
4254,17
116903,0
74186,17
135967,4
92414,12
211708,6
83357,0
77069,19
100962,8
160173,0
44242,17
106784,0
32907,3
124366,4
148502,0
17657,2
52992,14
28501,12
31000,12
13302,17
16331,3
114729,0
46873,9
137639,4
179347,12
110199,10
182864,8
147949,12
15753,0
193033,18
165756,17
172628,12
101444,9
52848,19
194325,0
166028,17
209902,15
128059,2
38641,14
108132,16
70438,12
216710,2
202749,2
194378,12
180544,11
194918,12
187097,0
97739,0
208578,12
96365,0
193109,16
66707,12
168674,0
186725,9
126636,6
119308,10
205454,9
56260,19
137113,0
168112,18
54117,14
147357,15
111874,9
67674,0
135721,19
108843,19
155351,15
207106,2
100781,0
128044,0
84349,10
85535,19
144292,0
23379,17
151955,15
89568,9
166798,0
191176,8
199712,8
90117,16
206949,9
191803,6
19716,3
212233,2
28044,2
135563,0
33481,8
40636,10
14135,9
78409,4
88573,10
30879,10
12415,0
19026,2
116727,12
29307,12
215254,15
7475,17
111103,0
88167,10
185399,0
70238,0
74905,0
123966,8
186346,8
48949,17
17086,0
97597,12
125628,0
123445,12
139432,15
195473,5
109730,12
138777,0
45688,17
83719,14
19547,15
100835,12
171303,0
169482,2
37341,12
182252,15
31808,3
141480,1
211422,12
142331,15
17098,12
90796,9
53604,4
24441,15
123915,3
146358,12
137705,12
19104,10
170486,9
187432,12
136719,10
27226,17
24502,19
168929,15
177946,12
21075,4
82973,12
169853,2
3200,14
136945,0
9571,18
31016,12
92809,16
80728,2
106908,2
93180,17
92156,14
216187,1
163967,6
64344,19
86978,17
176718,3
12831,18
12517,14
8707,0
212034,8
7042,14
169922,16
70206,2
188597,12
125369,12
731,0
198387,6
11312,18
82479,0
99054,15
176508,13
206402,12
6975,17
85146,14
40116,14
85106,15
178726,6
30061,6
126188,0
210221,6
161976,0
202306,0
4848,19
168220,15
60490,14
63543,12
205257,12
168131,2
41929,0
6021,2
110391,12
198131,10
9576,0
72339,10
172764,3
134502,6
138182,0
50038,0
150587,0
145030,0
157667,17
145162,0
77875,19
166272,15
49739,19
41801,17
83578,15
158886,15
178196,16
102729,8
175645,12
58020,18
122560,12
90112,9
167350,17
204241,2
154506,0
115931,14
214103,15
74289,15
188800,15
190090,15
80679,14
52657,19
70715,16
84298,2
148020,2
215,10
78283,6
97271,3
35852,15
104787,19
125464,12
34125,14
673,12
157778,12
168616,12
13468,9
167263,15
7240,15
191861,3
21932,17
16798,14
62248,10
32248,9
87988,3
174004,12
40679,14
200574,10
175213,12
190202,6
49175,0
74938,18
86053,13
103684,18
96216,2
116186,18
92195,17
192350,12
179516,0
104925,13
199350,6
133994,10
167734,3
76306,4
164388,3
96685,9
84716,17
72893,14
83824,17
66472,12
78964,17
21523,9
19475,17
69890,2
216840,15
90921,12
60930,12
48921,16
101917,2
61549,14
23690,3
90237,10
211932,6
71033,17
166164,0
115292,0
132207,0
171289,2
69727,2
92749,12
125246,0
54980,12
144108,10
94554,12
1527,12
207930,0
150004,16
31605,12
131527,4
39559,12
173450,12
64498,19
18264,17
191954,2
166503,12
64698,2
148784,0
133937,2
96769,12
80645,3
156603,15
216878,12
133969,6
168987,9
133697,12
153624,12
65327,12
142379,4
163972,6
182885,9
105344,2
175068,18
148220,0
136824,1
72318,0
92004,17
108549,0
55062,3
49521,17
178675,11
4920,14
159278,15
125887,12
177531,6
169928,15
65139,12
110710,9
104435,9
197364,3
169178,12
136119,9
200547,6
208596,15
82696,11
52214,19
179645,12
187259,9
213713,12
212574,2
91934,15
121768,0
70504,14
119618,6
109572,17
68621,2
26239,9
74666,2
92658,12
53265,9
183201,12
109724,4
134124,12
183105,20
206640,12
28580,18
4051,3
173072,0
209843,12
177482,17
215122,15
129878,19
141514,17
27644,12
47631,0
196178,2
26782,0
77888,14
162246,6
99029,12
174239,17
48671,12
56547,19
128625,19
6216,14
202733,15
213313,13
66855,17
71724,10
202137,6
197793,15
111933,12
174016,16
57832,12
72619,17
89493,0
155951,12
53533,0
139724,15
47484,17
172320,9
63842,17
132770,19
155419,12
155807,6
136934,0
4963,0
206545,15
6418,17
175565,15
3306,19
169692,4
150550,6
187857,9
27128,0
6722,10
67925,18
32668,0
188453,9
133458,15
149687,6
17090,0
60363,12
115205,17
187354,0
46200,18
8308,14
207120,0
140742,12
171686,12
73553,14
154417,0
78634,9
135946,0
174148,15
111776,6
110165,20
68596,17
18754,0
179000,13
5596,0
179077,12
113866,9
36701,14
149616,12
213235,13
34551,16
104890,0
144426,12
97848,11
101971,11
35132,14
94379,19
145881,0
99219,2
116335,15
2746,12
36018,17
59434,14
163663,0
78211,19
32441,12
64090,17
37992,17
83363,4
60224,14
165887,6
12904,12
210985,8
216690,12
90031,3
137126,8
175282,12
203389,6
110550,0
49071,14
130354,1
115535,15
43592,17
141467,0
169650,6
34047,10
174779,5
101337,0
174433,8
107956,19
112720,3
41324,17
51901,19
37065,12
1202,19
80224,14
166941,12
44204,14
140059,15
111153,10
83765,19
52790,9
80509,0
177411,0
70249,2
131290,0
51809,0
202046,12
137152,15
4401,17
78287,14
51598,6
42110,10
57333,9
161172,0
213680,9
140866,6
199005,15
199345,6
100975,6
202313,2
144218,2
78145,0
145760,2
167544,3
184372,12
173381,16
22682,10
87780,8
150739,13
198912,19
101626,8
6498,16
196633,12
41668,12
122044,6
67699,0
39483,2
112527,0
164256,0
118976,2
307,2
25596,14
101607,0
126988,0
100666,0
42823,9
190355,3
76560,19
133715,0
50796,14
39271,14
165735,12
98172,0
187701,12
193373,15
27696,15
48104,9
124944,8
13058,14
173966,0
129076,16
62030,17
216484,12
38734,17
10201,10
112582,9
186463,5
45693,17
120425,17
11589,17
132814,0
72297,0
143745,2
155099,9
109681,6
135365,0
32466,14
146808,12
69501,20
5921,14
20867,0
87764,12
129396,0
93464,18
77497,16
214530,12
120789,0
157412,16
20134,10
5080,9
211155,12
28393,14
18581,14
44292,10
201889,9
14105,3
165727,12
105316,3
76460,15
9653,0
42606,17
53210,0
82699,14
141356,0
160057,0
161857,15
96849,2
189864,16
132629,2
137732,0
181347,0
178758,8
68578,19
23645,10
160563,15
28890,12
12431,12
100100,2
118517,0
57625,14
151168,6
104209,5
76784,0
75224,19
37832,10
61032,14
178894,13
109665,0
137105,0
45938,12
204194,9
117894,10
55153,4
63385,4
530,2
66646,0
138858,19
68281,17
105251,3
172699,0
193926,18
62849,19
89831,9
14686,20
33044,2
124146,12
125938,14
99424,19
83330,17
51169,19
79955,19
65661,12
106092,0
12542,19
158486,4
7189,0
106484,12
132952,6
62403,12
174640,19
212010,3
178166,12
34223,14
48181,17
149814,2
174855,6
187102,6
205310,4
193521,15
91281,9
161421,9
163171,0
122630,12
191252,6
99822,9
105681,9
13029,12
179358,12
148992,12
42475,9
61655,14
26155,14
215496,16
404,14
111373,12
47644,2
84462,2
85880,14
97494,3
78661,15
166936,6
96675,6
29415,17
116218,0
143929,8
77002,14
198061,19
85355,0
74941,17
1695,19
88250,12
153459,0
151870,0
119648,2
32923,3
153395,15
97946,14
63465,19
2657,17
34603,17
101505,15
30373,17
170042,15
143057,19
196306,15
189165,13
78528,19
128333,15
181656,3
168079,3
164852,7
75137,12
49398,0
109372,3
166199,6
147658,0
52004,4
206567,3
64708,10
142279,2
34776,14
46257,9
65914,12
21670,15
192050,2
5537,20
12428,12
190423,15
207006,9
141018,12
78882,12
18791,14
27730,18
143218,17
45460,9
155481,0
24961,9
204367,3
37964,17
114112,17
391,14
131259,12
11685,14
120534,0
67638,15
102054,8
62116,12
118234,12
130111,6
144802,17
76123,14
176426,8
86209,0
45423,14
7439,17
155811,6
33468,3
34459,12
184208,0
49256,12
124852,12
46436,3
198322,12
9374,0
101186,9
173351,18
112250,17
48052,14
42837,14
184915,0
62663,10
132265,0
212798,2
140060,15
45466,2
77268,14
57822,14
45216,19
62031,17
211105,15
41421,15
17579,15
15792,10
65986,15
143449,0
37999,14
114360,2
149901,12
113451,8
206638,3
97731,0
147289,0
212150,12
65450,1
34473,8
5550,19
24141,0
64744,16
165539,15
54575,15
61474,17
172874,2
42041,3
27932,0
199751,1
11850,14
6287,14
150330,15
78581,0
49898,14
28423,20
4273,3
39295,14
97370,10
1533,17
15197,2
204434,15
76049,2
193292,6
23652,1
40348,10
110607,12
4125,12
23338,14
163712,9
20067,4
96725,20
667,0
72264,0
170922,12
25008,20
212017,2
63690,12
22123,17
159871,15
27243,0
14382,3
27262,2
212515,15
161160,6
31929,14
113231,15
161607,6
12023,17
4253,17
53434,6
101771,6
62004,14
5315,18
18238,19
132231,0
143867,2
6754,17
94909,15
63703,17
68365,14
209095,12
10688,10
202824,2
31427,9
183932,1
161677,0
75209,14
50301,9
124193,0
67525,17
70413,3
154060,0
41722,0
8186,0
186493,9
71140,6
188051,12
168025,2
184524,3
127162,19
193419,6
162791,3
142791,0
58600,10
125919,16
89590,9
102,10
166886,12
208633,15
61326,3
150097,4
31950,10
191499,6
3765,15
82320,14
130727,3
216153,17
214426,13
192175,8
2683,3
97533,12
10487,18
63474,18
26929,14
90004,12
147869,9
197390,12
61174,0
165155,12
133192,0
38107,14
11787,14
215149,0
136952,6
122490,8
147444,12
107434,0
93577,17
213092,2
79767,0
75415,14
193440,15
146384,3
65529,16
18952,18
112355,6
11857,3
140959,12
19950,14
145249,17
25393,3
216548,2
3456,12
112021,17
57954,19
156438,0
14658,14
182575,15
35902,17
167729,3
145965,6
147798,0
100487,8
49371,0
114257,12
213260,17
111502,0
46942,17
134043,15
158432,15
62691,12
9451,0
122659,1
5004,14
31450,14
194920,12
177193,2
72623,18
102270,9
130921,0
146413,2
24089,14
165766,15
2363,18
129180,15
104831,0
197206,12
5140,14
112129,18
55030,1
50,17
37723,9
80289,0
168409,13
88181,8
103223,0
167148,15
135119,9
141325,12
75406,14
18899,15
194163,8
110811,0
95280,16
62607,2
209074,2
195400,12
149662,0
177802,15
106085,8
87625,12
105624,0
122234,0
53050,12
185529,9
45831,17
16295,17
171444,15
6749,3
112628,19
93623,12
210259,15
184940,6
142632,17
61469,17
138049,17
130785,10
47435,12
212706,7
109686,7
97193,12
120095,12
112917,0
66049,12
95149,8
99586,2
52965,2
202776,9
170669,8
64337,17
617,10
160911,17
97001,15
33882,12
53450,14
3710,0
208968,6
98849,8
132513,2
104458,8
111459,12
182250,15
211639,17
199452,12
42801,12
161460,0
90091,6
183782,12
43884,12
1108,14
80180,14
67741,17
141673,15
161314,15
18807,17
188053,12
94925,15
205847,10
132020,2
112472,3
171321,6
145197,12
194945,16
196990,17
30183,10
72819,14
42362,13
149370,7
171199,3
29407,14
214218,3
148145,6
146076,12
56514,6
100948,20
197021,0
156738,2
172260,0
69678,9
143173,0
109251,13
208514,13
179332,6
49945,12
155424,13
210844,15
11910,12
49491,9
92744,18
62692,10
27272,2
128750,15
140478,9
4239,19
33232,17
206492,6
195684,15
202061,15
124476,0
106272,15
73714,14
85416,0
20719,19
10445,14
29202,10
165847,15
153936,0
188489,9
158629,20
149823,0
112660,0
187470,9
120607,0
123715,12
149715,12
174336,13
188119,9
55780,14
30207,17
93897,0
75666,14
118202,15
40967,2
32891,9
198758,17
179581,17
213761,0
26350,0
21778,20
202553,0
123468,0
215113,15
98931,2
198862,6
4659,14
149930,0
55404,0
197418,3
143378,3
149339,8
123380,12
108847,15
198788,3
110966,0
212538,2
201881,15
194402,9
22237,14
142590,9
170442,12
181926,0
98571,2
164572,2
8480,14
155944,12
185841,3
142030,0
200922,6
126937,15
134877,18
194646,6
18183,14
17358,19
118518,0
163445,0
181876,18
143905,2
105321,3
11432,0
25778,17
57338,14
4451,0
146771,0
123093,17
22096,12
66074,17
114645,2
45187,16
95166,1
46448,2
169978,9
33028,12
22135,0
159256,15
76684,14
88119,1
174947,6
36322,12
39732,0
194730,17
45166,16
86532,12
22378,4
33474,9
68146,14
215546,6
60898,0
199496,3
74129,9
111568,12
121776,0
77180,3
67080,0
88637,7
191326,0
35587,1
48349,18
147805,0
59728,14
213874,12
108183,0
28652,0
91819,0
207084,13
54109,14
89704,9
27641,12
81600,17
186408,9
136325,5
165580,0
187913,0
59325,0
92697,12
178997,12
106609,15
56725,14
77957,0
185502,0
188633,9
26484,0
92131,2
121157,0
174232,0
130437,15
135420,0
46985,2
149926,0
147166,6
120844,9
8743,10
3485,10
214724,6
27422,3
134756,15
74214,0
108554,3
129231,13
107527,11
28372,15
150427,8
149417,12
35226,4
19335,0
212694,12
41066,12
56355,0
101157,4
88578,9
134063,0
133143,16
215083,12
69989,2
78364,17
169021,2
209306,0
204677,6
163237,16
18661,2
127178,15
107806,15
56519,5
18948,18
139117,9
115110,0
100542,0
113308,0
205723,15
61171,0
127770,8
196232,19
86917,14
209428,0
209850,7
202428,6
192334,12
171159,15
133109,0
156163,9
88232,0
211263,18
140978,13
197350,0
210610,9
129647,12
180720,4
68954,17
85682,10
125357,12
162709,12
190988,12
50566,15
100367,17
28613,17
47000,6
129597,0
16306,3
92053,19
64430,3
45949,12
162511,6
59312,19
110372,8
121206,12
6398,3
189151,8
140455,0
154300,0
168309,9
71800,17
191942,0
84601,14
57678,17
140191,12
157252,17
169277,2
3222,14
108022,6
108618,0
122049,9
44239,18
32498,12
67864,14
16325,14
28669,10
34163,19
205877,15
46864,9
3580,0
84396,12
4867,10
48344,18
44745,12
78486,14
39768,12
42416,0
20028,0
137720,8
58826,1
121204,12
48857,12
5778,18
143234,15
160714,0
91321,0
177951,12
147482,0
67653,17
108945,2
180884,12
133172,6
189385,12
47377,0
98895,15
79500,14
146217,3
215877,9
77578,10
197713,15
91134,12
8827,17
155301,0
93963,0
68119,12
57244,14
8823,17
163554,15
158370,3
291,18
116011,19
199667,0
64099,17
82378,20
70557,15
181233,15
143822,2
20952,2
215056,9
82938,14
83059,3
39132,12
57208,19
65842,3
196923,17
117935,13
65541,15
150909,9
26982,0
128861,15
66915,14
63866,8
145823,12
182770,15
196608,6
142494,15
157133,8
941,17
159000,3
149646,15
153299,8
22763,0
78083,9
25248,0
122263,0
148844,2
81798,13
171177,12
27418,0
163590,3
83542,13
210429,6
123803,9
28574,14
210615,12
195247,17
24175,10
143361,0
116340,17
99598,12
51466,14
130923,0
104820,0
75010,17
44687,6
73103,12
197480,18
74291,15
89827,19
127537,0
85130,14
62630,0
130892,15
157098,15
184496,2
81565,19
70226,0
149056,0
98778,14
170246,16
76847,15
167017,0
109479,0
87302,3
156584,15
80479,17
135273,9
149164,2
33920,14
60030,17
24653,10
90905,12
126423,6
89285,0
184545,8
157712,17
142061,12
42231,9
88465,15
68250,19
39985,17
174479,12
172342,15
158100,12
48873,14
21400,19
19337,19
46475,0
154048,2
103532,15
55759,8
132558,16
146113,0
158283,12
145385,20
144472,0
20219,9
92796,9
77951,2
106224,3
207896,15
136514,16
171221,9
35192,19
186421,18
166404,0
216442,2
113,12
62797,16
206664,15
53928,0
79034,20
84615,14
32739,2
118719,20
90849,9
129078,16
157684,12
200214,13
101016,12
72327,0
91464,9
202022,19
52341,0
122260,0
149045,2
24679,12
214974,15
6147,10
174975,17
142984,0
7721,1
181065,16
5016,17
119006,2
1758,10
157095,15
74445,13
74136,14
196967,12
185677,0
169756,2
26071,12
170973,9
144915,15
215007,15
13710,0
43213,0
94486,16
69657,0
31776,4
170188,2
140824,0
60144,0
121472,12
150344,15
120523,3
51020,10
135684,2
21292,6
214574,3
189727,15
165249,6
45674,17
190504,9
122738,2
77023,15
138675,0
166181,13
68611,0
17216,17
157397,6
210825,17
45000,20
125323,4
86485,2
17558,12
185140,9
111442,0
110812,0
177717,12
139304,0
123296,2
50300,12
126978,0
207877,15
62672,12
161643,16
67643,19
110721,16
72437,10
59282,17
133948,0
187685,9
31561,10
144288,17
51498,18
146641,12
90418,9
164145,12
203769,12
49603,17
10969,9
132263,2
30678,17
4642,16
65701,14
164486,0
85568,17
84707,18
18236,19
102661,0
40517,14
163144,14
118966,2
5395,8
66527,17
141906,3
127084,0
194475,16
192424,9
164913,16
201149,13
216052,2
181778,12
64438,9
79055,14
10590,0
139366,12
188407,20
55600,15
9382,0
117594,0
112777,7
89482,0
125384,0
60645,14
84852,12
83406,14
141021,15
66828,14
71740,10
184414,2
117489,12
36098,0
118936,0
26440,18
183492,7
166902,2
2601,14
170395,8
151260,3
2045,9
173151,13
160736,8
178526,6
80998,19
173425,6
41368,0
79287,14
210992,12
102177,15
75358,15
93104,0
160912,16
127136,8
85800,14
13321,14
51765,14
125935,15
186986,0
14582,9
84869,10
169835,0
87547,17
78739,19
97188,12
57181,6
158865,6
164772,12
37397,14
187894,3
148547,8
48674,12
44705,0
70450,10
128506,3
176170,17
216636,9
192645,3
67852,17
146828,14
90925,9
7183,2
159929,2
45212,19
17845,12
68049,3
125658,17
59209,14
69919,0
190245,12
81856,14
124906,0
210863,3
149492,12
32975,17
186266,8
44917,0
169221,0
177550,15
183823,15
50361,4
178345,8
67618,14
133393,0
14767,0
130925,0
132791,12
32156,15
212222,6
79420,6
66743,10
70790,0
123971,12
169492,2
71340,14
123542,6
152932,12
211374,1
17613,15
28414,19
29524,10
127932,0
204226,15
31479,19
122431,0
6753,3
133683,12
177082,16
69232,12
148934,12
86562,12
128153,6
84846,12
59461,17
134494,6
160942,0
106927,9
180219,0
167554,12
106606,15
144475,0
5833,15
161097,4
23129,0
26018,0
10378,0
100996,9
116425,19
192897,12
118304,15
79455,15
38758,3
200763,0
126637,6
128631,18
86460,0
116038,8
27556,19
26257,14
10443,14
22413,14
68812,2
180053,11
202182,15
167193,13
82730,10
110109,11
114873,1
54409,14
195064,8
108285,0
130024,15
1791,20
12378,19
60023,19
113354,17
44641,17
191395,9
190151,11
35507,14
185535,9
68959,16
64187,0
161009,9
199425,3
138667,2
85110,16
190886,12
49976,19
96876,19
8751,8
180017,9
177243,17
98741,15
187950,12
130026,16
182434,11
58045,8
120965,8
195995,3
214283,12
59106,0
209156,15
141038,0
65043,14
78584,0
95570,2
84927,14
126270,15
52612,14
23855,0
98227,17
15626,10
41130,2
88503,0
162501,6
66376,0
174230,0
85152,19
113194,8
141928,3
109211,7
46252,4
194286,15
206775,0
59071,19
181537,12
10976,14
12192,17
108471,6
80701,18
165864,3
16500,18
206160,12
67033,0
166188,15
23625,19
30236,14
206989,0
89810,9
182303,7
63396,10
78228,17
38003,3
73454,14
123576,12
207547,0
131139,0
12306,14
71633,16
168210,19
63683,12
160881,12
150259,0
60636,19
129766,15
159371,15
128889,15
202166,0
165934,0
97415,12
18811,17
167916,16
72615,17
173167,0
1247,17
3424,2
207268,0
35419,3
51595,2
96682,9
2869,19
141046,0
3180,3
86181,17
154343,0
74842,17
59562,18
65653,14
41288,14
87298,12
111598,0
67351,18
208093,9
180201,9
104581,6
125981,17
173499,15
108707,17
93615,0
198833,9
89003,9
139089,2
108906,12
151560,8
159418,0
200896,6
104401,9
144326,2
185281,19
101162,3
23809,19
162761,0
147754,12
161752,3
168041,0
25550,10
137242,17
212525,6
9787,0
182330,9
193212,6
96206,0
33697,2
140684,6
194696,3
213633,20
84307,0
75720,6
140594,0
182621,0
107345,0
187587,9
179531,5
172898,12
2932,10
128964,9
150933,16
148265,12
75013,15
30317,3
150754,0
80239,2
95875,16
82756,0
116326,12
209351,15
67836,17
90438,9
97012,0
204265,12
34735,0
46934,18
170085,7
78592,0
191333,0
3016,2
19173,19
158816,9
1062,0
83341,12
73666,14
69200,15
88783,9
146423,0
199149,15
68056,3
804,0
181995,17
32331,14
112856,3
72497,19
114340,0
182725,0
154356,0
145891,14
174448,12
155441,8
140950,0
98077,15
200081,15
200132,3
83949,12
202056,15
97663,2
24154,8
207271,0
94559,12
91509,9
138464,12
74668,2
135461,0
174128,8
98142,17
27744,17
163990,20
3672,17
8413,0
138725,17
3541,18
62601,3
79042,17
154599,17
131304,0
79570,17
41788,9
160075,6
26996,19
135275,9
78210,19
64617,13
25951,16
192798,12
135388,12
145156,0
168173,2
82113,10
5370,2
93873,9
192503,12
130021,15
209378,6
42790,0
163743,0
14733,0
123393,9
42182,2
28245,2
58473,18
54280,17
104018,0
121467,12
64378,1
210709,9
132193,15
10964,6
214793,12
162476,0
31799,2
152089,0
4345,14
179542,6
94583,14
20782,0
132447,0
112153,15
174080,15
75196,17
203938,2
17517,10
4469,12
4690,14
177708,15
126268,15
55819,17
56480,8
91271,9
7545,3
181071,6
205858,9
194866,2
212845,9
5230,10
41098,14
120019,0
127517,0
139052,0
198492,10
58999,0
122463,12
57849,18
171776,12
117498,8
168923,19
214921,0
42469,5
3925,14
137315,3
146779,11
169672,8
142372,6
47217,12
110659,3
164761,12
203222,15
100497,0
181403,0
148789,2
94994,14
130898,15
30086,14
127650,2
187389,9
146115,0
123347,2
142292,0
41071,10
183088,12
105723,2
6464,14
138885,3
164891,12
38036,1
163920,16
107387,12
4643,15
192915,19
174609,6
160077,6
11271,14
189935,0
120351,0
139999,12
213503,0
105080,15
105773,3
153057,1
131772,1
130283,15
176144,12
162832,17
83408,14
48056,12
53943,0
48744,17
152230,3
191598,19
53448,14
90350,16
100109,0
48993,0
92276,9
198472,6
15672,14
59982,18
39994,17
52189,14
29664,0
174045,5
170135,12
165535,15
74369,17
192447,8
82763,10
134729,9
153138,3
60517,19
202669,12
100822,12
139292,12
77981,0
6207,17
131115,15
85394,6
182695,15
122310,2
29234,14
55966,17
14740,2
25405,10
110070,2
81152,12
59783,17
182228,15
4952,0
56557,14
104040,0
34271,0
77679,18
89172,9
214647,12
147099,14
88670,14
120386,0
77445,12
144592,8
111339,15
104255,0
73667,12
191424,6
82413,18
134374,12
42453,12
172483,3
116159,12
181269,6
82351,14
144283,0
181408,1
57534,12
98885,6
92444,15
8580,2
168325,17
112889,19
7263,14
53968,12
216884,2
81916,11
55016,10
23636,14
211956,13
214917,2
62976,14
31036,19
12159,18
165676,0
108698,19
71532,10
197113,6
8730,12
149046,2
154475,9
161820,12
196023,12
123898,0
21532,3
47081,20
74708,0
54304,0
137060,0
110087,12
165000,9
200565,15
180819,3
169925,15
26055,10
96974,20
183007,15
93375,14
10390,2
38997,10
12505,14
152269,8
157358,9
167892,12
124204,3
77332,19
105903,12
142944,9
109147,3
22187,2
86524,0
186511,9
118340,2
192256,15
178771,6
143960,0
17059,9
57443,9
201864,9
4650,16
18459,14
55130,19
31529,3
198310,6
94130,12
156521,0
52546,19
62336,17
119644,2
99725,2
180389,15
17676,0
31518,12
138029,0
141031,6
69098,12
119118,12
114790,9
112827,15
208395,6
54360,12
209533,17
89604,9
177791,19
145930,15
20247,14
79636,0
209960,17
207591,3
85198,19
182304,7
91744,9
74939,18
168807,12
4025,16
140595,1
12610,14
87297,0
111559,12
23943,9
108542,15
168802,12
110976,0
122964,2
164890,12
24842,15
76775,0
133279,16
105101,2
118026,0
27959,2
63786,14
9582,2
150480,0
57300,0
64047,19
76885,19
188127,6
214210,3
116299,12
66170,14
62517,18
204739,15
124652,0
108035,12
160033,15
121774,0
10038,2
11386,14
75728,14
180166,15
59538,16
65715,12
198896,12
116195,13
17808,17
207576,3
16288,17
67000,0
196709,6
195076,12
40338,10
85613,2
92464,0
4361,14
5581,9
128127,0
113859,12
22946,2
208399,13
179280,15
99678,2
153296,16
83816,17
150075,19
190495,12
159973,6
200871,13
57732,17
110030,0
76480,19
102061,2
70908,12
138157,15
15091,3
49325,16
89856,16
76632,6
82562,6
124494,0
91167,6
60646,12
49530,3
39157,17
97174,8
24215,15
90372,0
126207,0
101462,0
107159,3
212050,15
5606,0
45853,14
163129,12
72061,14
48240,0
141199,12
186676,9
104012,8
140569,13
139578,18
205295,15
25650,18
8903,10
72081,12
77100,17
22761,0
196762,3
53427,12
89278,3
7315,17
63322,18
122369,16
183622,6
104021,1
203452,15
22478,18
2714,0
12341,4
120630,12
105155,17
195329,2
35184,14
133322,2
139034,0
156173,12
49843,10
111594,0
20012,0
27380,17
179092,12
47526,0
175026,6
51824,0
56921,17
145379,11
1790,9
209478,12
56646,0
170586,0
62799,17
209684,1
162914,3
64919,16
133425,0
102344,0
157993,15
163387,0
36245,17
84549,17
43381,0
195867,16
214280,15
157983,7
138324,3
74574,18
171363,15
216679,12
48697,6
58051,0
167089,13
68066,0
72840,12
196381,0
150666,0
102658,2
81970,14
34736,0
115955,15
119091,2
10074,9
34402,15
206510,13
174326,3
188543,0
107757,12
30715,0
64178,17
58310,14
176957,8
213568,15
89511,9
13334,15
187279,9
72804,0
92455,9
58004,14
114430,9
208629,15
139742,12
9811,17
33108,6
207022,6
52310,3
104911,12
61576,12
208069,2
182038,0
162111,4
120752,9
14294,14
124929,0
109351,15
157326,0
89689,12
189024,9
83537,12
119588,0
177456,5
104573,0
166601,0
84833,11
129216,6
180897,17
96991,17
151489,0
91363,3
82941,14
110765,9
97216,16
3947,14
131956,15
180173,19
26163,18
10756,17
117089,8
65423,14
74294,15
58065,10
121691,15
25950,16
72755,17
61404,17
37810,0
16236,17
24161,13
214965,8
126032,3
144723,2
4066,2
50129,3
66319,18
63149,12
85526,12
207009,8
159779,17
118391,17
50298,14
26866,12
12961,19
90126,0
175922,0
214517,12
84420,9
105058,6
123936,0
66488,13
42515,15
93749,0
164606,7
40184,19
214080,12
167134,8
65551,19
210058,15
215189,8
138996,12
78733,19
78225,17
192083,7
67557,0
62587,0
50486,0
110794,0
120385,2
92227,9
176129,3
138614,12
103380,19
143744,6
94778,7
9141,14
122601,17
103387,18
194098,17
161091,6
132863,12
159565,6
78352,17
129896,15
149146,2
87785,1
209267,7
143352,0
110459,3
210075,15
167142,15
172913,18
87517,12
159140,15
102284,8
75501,18
183603,0
172883,12
146365,17
187353,0
117362,0
37834,10
4141,4
73860,0
122951,2
176681,13
114583,20
150882,3
164892,12
165017,3
8781,14
69977,2
182992,12
47787,19
99487,0
114181,2
3089,19
122960,2
164398,8
148427,6
21960,0
96709,15
140289,12
48501,15
173149,15
152758,6
38330,14
198036,13
81848,12
212066,12
205167,12
156568,13
53935,0
109984,11
136683,2
133427,3
161010,12
104625,0
151885,3
156358,6
114605,15
49468,6
210285,2
156779,15
90675,0
119025,2
142221,12
52280,1
102471,20
148267,20
88378,2
151006,17
178257,6
191697,3
59859,10
84261,17
18803,18
67032,0
147044,12
94217,12
91409,17
146786,10
163596,7
186762,3
194274,12
134528,15
99497,2
214223,0
105531,15
195498,12
38649,14
188582,9
88798,17
152861,15
158953,2
129892,15
441,18
137870,6
88979,0
87845,0
162446,19
29618,17
124022,6
137345,12
22700,9
103763,15
66179,19
199216,14
114528,0
60745,14
79563,17
119813,3
140671,0
127233,2
65478,9
169448,2
187862,17
164926,3
86749,9
150092,0
194361,12
49698,14
181254,17
168609,0
10719,14
95453,10
162560,3
71829,0
135956,0
109121,6
213409,7
131873,0
13047,10
128221,15
177633,0
7535,10
71377,19
153084,3
80562,10
162823,13
105166,18
3458,12
107518,10
176136,15
45011,0
172409,19
18618,18
202507,12
83381,14
904,14
96465,15
112574,12
67233,14
153989,17
87048,17
80226,17
184097,15
86232,0
136510,18
47437,12
78913,8
58211,9
66175,19
179311,0
201326,8
208579,12
24333,12
8525,20
139228,2
190933,8
61273,19
68731,19
93319,12
81062,17
96796,12
38990,12
199504,1
67116,14
60550,3
104703,0
15929,0
144918,15
23010,14
186279,9
140537,0
110015,15
164060,0
186072,18
7062,12
159984,3
32959,12
136147,15
173942,15
1048,17
28678,6
51152,14
144607,18
6103,13
212665,2
26687,14
60942,0
170730,0
116084,12
13473,9
74936,18
196084,12
18971,13
17253,0
171020,20
65756,17
117429,13
104554,19
81938,14
5198,0
119637,2
130648,12
42354,17
192597,19
202675,9
3303,20
21979,9
204216,15
182057,9
15059,18
107547,15
101173,12
204083,15
169959,0
62331,17
29896,12
77625,15
77312,14
131710,16
81073,15
143547,15
143727,2
167242,6
159676,10
87808,12
184889,0
204376,9
60516,12
133938,0
95445,9
88606,16
160235,9
181627,20
30093,14
31702,14
148229,2
78763,17
110978,0
130376,12
124994,0
61472,17
111345,3
5918,16
68968,15
114829,13
83038,0
23316,17
85208,0
64734,14
201322,8
124072,8
93061,0
61391,10
141118,9
86817,18
176216,8
203383,6
61471,17
102689,6
165804,8
216364,2
2740,12
175462,13
164582,0
132334,0
166241,0
76728,17
189834,0
199753,0
186178,0
149191,4
10897,17
34373,12
179119,4
161742,15
83815,0
140962,8
172275,8
23952,14
53429,10
120029,0
146977,12
149214,16
204389,6
215602,0
54272,17
112089,12
15353,14
161890,0
153455,0
117730,9
80941,0
215538,9
81993,19
92774,6
68925,17
193531,0
68882,14
89557,9
159949,0
9928,13
46434,3
195547,15
28164,0
155496,8
207343,12
40258,17
28207,17
80021,0
194030,2
48731,14
170656,0
195976,2
3909,14
41294,19
85812,10
213664,0
9054,3
618,10
32614,2
30228,18
200906,13
57537,0
138098,3
52813,15
31761,14
191676,4
39858,2
11280,14
169516,0
130721,6
166710,3
129744,15
10199,12
105147,12
163958,0
157736,0
128113,15
12832,17
22728,2
194470,12
143519,0
60225,14
130175,0
159856,12
85036,14
69496,12
133068,0
60518,17
76311,8
116578,15
74656,1
195777,2
39619,17
67993,17
200657,10
112636,12
149324,15
135553,0
214576,4
79325,20
100977,6
98916,0
108191,4
61674,18
187768,4
174462,12
184438,8
95017,17
188220,17
88107,17
114192,0
186011,6
83132,10
206486,6
210530,12
6983,17
116268,2
98287,12
83313,12
171194,15
105220,0
142557,0
22756,0
162269,15
99358,2
203824,9
172984,2
145103,17
166717,3
44226,14
135501,2
154870,6
78062,6
18110,2
161088,6
133881,12
83395,14
117502,8
39956,14
110419,15
183310,15
9022,0
47167,0
58616,14
206646,16
138037,15
14163,14
39630,0
143109,19
81638,3
20266,14
60339,12
169028,0
31287,12
115090,3
48512,14
165759,17
203299,15
63265,9
68455,15
63456,18
141917,0
174884,9
106402,0
159064,0
100492,0
128369,1
187704,12
94902,12
150116,6
213861,2
106521,2
20532,6
109263,11
189839,0
28436,14
181730,15
93471,17
137841,0
180516,6
10694,15
102239,0
160333,15
171106,15
124317,6
666,2
201662,12
181258,8
63264,9
9686,14
135177,0
63087,3
92261,19
214090,0
210419,9
48420,0
20322,17
196650,13
27059,18
140878,6
61505,4
40720,17
134165,17
137356,16
188924,6
57733,17
33847,3
101129,0
43258,14
67908,17
190942,6
203680,15
173827,2
87585,2
153384,4
26828,0
144920,13
196622,6
58354,17
40107,14
22190,5
68666,12
55537,8
84858,12
77387,12
128112,15
19894,0
70110,20
191455,17
136665,0
98015,9
52457,14
17823,2
28041,2
3073,14
194595,0
99191,12
41989,9
65385,14
208787,6
159014,13
112585,6
58744,14
150143,3
160658,12
158326,15
172961,8
150159,2
145378,9
45574,10
208111,6
52065,0
37264,3
132357,19
31493,20
108231,6
15621,12
173505,15
51673,12
177665,7
25129,0
155743,19
192351,12
206600,9
53419,0
101895,0
55979,12
187724,9
5949,16
67229,14
127579,15
156721,2
33654,2
54650,0
140397,12
120992,12
46198,17
133007,8
82721,15
40439,14
135226,2
8394,9
139289,12
181833,6
212158,12
204576,0
61142,18
191234,2
143500,0
176295,9
3102,12
11491,8
43073,19
85162,17
49983,19
6741,12
169176,6
86570,5
25671,3
110708,9
20817,2
85211,0
33858,0
148211,0
194289,15
158477,6
115822,12
35480,17
149198,12
7195,3
118308,14
99869,0
38420,0
156096,0
130894,15
173026,17
109225,12
12454,14
73278,16
17911,19
205995,17
212317,2
116395,6
163434,9
71846,3
40169,18
152304,12
105794,12
25653,17
115629,0
42175,14
202687,6
53639,14
43787,0
72010,10
72029,0
213964,8
135845,17
45655,19
80940,0
21880,0
34043,12
91318,0
157770,2
49966,19
189239,12
179136,6
152764,0
156594,16
64164,2
81997,19
137994,12
100643,18
189110,9
133885,12
48470,12
40503,17
151200,12
95736,11
160167,0
103105,14
173913,12
116429,6
59792,14
8103,14
152364,0
35811,12
35588,1
147895,0
111663,10
14055,19
62905,0
14318,20
12120,14
24604,3
102776,12
139450,0
10300,0
140366,1
189807,9
77379,0
175192,17
26639,6
206314,12
188813,0
141450,19
53453,15
169513,15
136814,3
207946,0
155830,3
10341,15
62231,8
27839,12
27784,2
152554,0
65512,17
10779,2
168213,17
32477,10
128864,8
79549,17
188441,9
171640,0
128794,0
141223,0
190320,12
79015,14
97631,3
83051,2
9550,13
115653,6
216542,2
203268,17
150136,19
25959,17
35828,9
205235,12
39516,0
194859,2
99636,12
73834,0
107002,3
112437,0
155721,13
206787,0
201010,13
38521,19
30853,0
107191,9
41836,2
184686,0
152851,17
181172,11
55161,18
133377,15
92769,8
174323,9
38972,0
186130,9
128619,6
1993,17
168437,17
166147,15
39975,19
212555,0
24380,19
144128,12
163008,12
171218,5
144639,15
94045,0
151467,0
114798,9
171734,0
125432,12
167698,8
4465,12
46962,0
151393,12
63559,2
146014,15
164139,13
115787,1
206906,12
238,17
152611,12
184668,15
162892,0
25325,18
193512,17
1555,14
108581,8
93140,12
110753,15
132374,12
103981,19
185490,6
74264,13
159942,0
163076,8
11056,14
181422,3
112675,0
105340,9
112299,8
155853,12
77426,14
49725,17
206128,0
50049,0
114878,0
18403,8
77570,19
62244,10
10899,17
183413,12
161847,0
158915,18
216286,12
46127,0
138711,12
28326,12
10762,17
90484,15
180920,3
206380,8
6450,9
137133,3
151875,0
150772,0
2498,19
65902,10
164770,12
110120,12
60256,14
144999,12
140373,6
133668,12
196030,12
157721,15
9893,0
13641,14
58110,16
18857,10
117517,15
198252,9
71353,14
130338,4
4596,14
170640,9
203176,0
30977,12
187577,9
178718,15
146336,15
74322,14
201863,6
112234,3
118327,0
95003,10
174342,15
208172,15
20183,17
24997,14
191708,8
149108,2
161220,12
122250,12
113976,12
50928,0
146510,3
110598,10
25243,0
153717,4
35739,19
118122,0
47655,0
189153,8
912,17
70934,15
134968,12
34276,0
131131,0
213785,8
19438,17
1760,10
55675,12
53971,12
88130,0
65065,0
195410,8
34452,0
23696,14
26634,8
170946,17
8870,2
61087,3
7931,9
123299,2
1151,0
4712,19
142471,2
85572,17
215826,8
122561,10
97115,15
155421,12
83594,0
51884,14
201092,8
187740,18
131629,0
161958,15
153342,4
177962,11
160625,12
1757,10
44354,19
171019,16
138916,0
136330,6
105740,0
98479,18
110528,0
45616,14
122081,0
150816,8
134974,12
16515,17
90809,12
135568,0
207906,15
11029,0
201195,8
197467,9
108142,12
141978,19
13050,10
156990,15
123922,0
176472,6
103606,9
138441,0
77857,14
194842,14
24373,17
63599,17
27990,3
20659,10
51879,15
172001,17
145808,17
138043,15
82531,14
161032,15
104474,0
67128,19
62595,0
67623,14
148875,9
73757,15
9306,14
45749,0
137981,3
21695,0
106945,15
197102,0
59322,0
108434,16
96243,10
200154,8
134853,12
75760,0
192048,2
21060,12
162461,13
166046,0
47464,14
103202,4
198006,0
80368,9
142537,15
23257,19
115073,8
91850,9
103565,0
145080,12
202091,8
39402,19
208606,3
180450,15
210497,3
204121,15
5603,0
195749,2
86507,0
50157,3
68819,2
37919,15
205283,18
35889,19
123274,2
147205,12
176998,0
206756,16
76916,18
145256,15
41560,14
192221,12
129874,13
107022,12
78887,14
185654,15
214609,12
185389,9
136751,0
10133,18
201398,15
137069,0
199754,0
158612,12
156515,6
128238,0
115593,0
189490,12
94513,9
123795,12
48026,13
195238,9
46018,0
20191,3
195500,12
68652,9
54739,12
105808,12
133859,9
184995,2
168835,17
117566,0
147206,12
13866,15
50785,14
65922,12
186348,6
180614,0
140948,2
189375,6
193404,3
35986,9
186653,12
51288,15
186236,15
207921,0
213706,13
48911,14
42023,17
202502,12
77338,17
57774,14
206251,15
20176,17
132232,0
5150,14
59672,0
180665,13
9389,3
104326,16
63813,12
120086,15
37934,18
120540,12
58278,12
135005,15
125190,12
108228,9
153755,0
60074,17
113208,3
6163,14
98796,2
162561,3
109343,17
11947,10
139552,12
52971,5
140751,6
9144,19
39237,0
79072,0
122426,2
48423,0
93691,3
56886,17
10490,18
159521,0
124614,18
181721,19
121033,0
187873,20
214751,6
137713,15
16746,12
192140,12
169896,12
10435,14
140641,6
98988,3
92704,12
100680,0
1780,14
152256,10
94712,14
214968,8
41514,0
120270,0
185339,6
80770,20
7918,12
93175,14
101088,12
149554,15
34447,2
57346,17
8487,14
167058,8
49372,0
203033,15
124782,19
98069,19
162590,6
168948,0
175891,13
1270,0
157784,12
142559,0
63651,12
413,14
113566,9
60050,17
118551,12
125122,12
84197,14
111287,13
50682,3
180438,17
103125,0
139263,12
21070,19
6256,14
188876,6
10314,12
116271,0
176469,6
182297,8
119001,2
105125,12
143851,0
55520,3
65302,14
48438,14
13435,0
15071,17
64457,14
40282,0
136913,0
42943,0
88113,0
79494,14
125488,0
19604,18
186907,9
157210,12
132851,2
63672,12
108913,10
129914,3
75354,12
84075,9
213117,13
40674,20
71221,19
181363,6
91957,9
135510,12
132493,6
32361,17
108299,8
8815,0
170366,3
1029,13
93452,17
157037,6
148143,6
34182,17
138142,17
125666,15
131946,15
64338,18
55549,17
143456,0
159040,17
27627,0
36286,0
27183,10
190745,6
214804,2
199475,0
12065,0
166183,15
63209,2
76067,0
138939,0
17406,0
196531,6
97002,15
90553,8
101941,15
89552,9
102073,2
8022,18
6320,19
102158,20
113720,3
35198,18
73445,8
30389,12
160178,0
167997,18
170466,3
179902,2
32076,19
102837,0
200879,15
175871,4
44002,0
36592,10
60212,14
28541,14
60702,0
112325,12
163687,6
81072,15
126266,15
146963,16
171105,15
79348,18
174931,8
78158,10
60581,0
215620,3
56688,2
22127,14
122943,5
110258,0
3294,19
34626,17
129713,12
44109,10
198123,12
161120,12
31767,18
7310,17
12125,14
150484,0
104697,0
59923,14
125201,12
42093,12
8738,3
116597,0
13243,0
76057,0
9012,0
93639,17
151750,6
189339,15
139994,6
2469,0
157809,18
87922,0
67418,10
82390,17
40911,17
139728,16
135016,15
74685,0
42613,17
173946,12
186036,9
87061,2
129879,19
129289,0
212709,4
99353,2
129161,19
69865,14
188016,0
70886,0
149813,2
98125,12
5791,0
126039,9
181292,12
193405,2
155917,6
158978,2
68108,0
132681,13
41648,17
174143,16
144385,3
42306,17
63941,2
174584,0
170541,19
50588,14
108942,10
115989,12
204598,6
7565,14
170879,0
158501,12
188179,9
151357,0
133107,0
193075,8
159812,0
55960,14
46142,14
12347,10
11365,14
197114,6
47184,0
153340,0
52220,19
100475,9
198745,8
172360,0
3649,13
214846,9
57945,12
181628,3
198181,1
36011,17
150172,9
198996,15
7283,19
37480,17
110870,2
211555,0
146357,13
147793,0
11279,17
34546,19
183508,6
77028,13
99514,4
202389,12
130701,0
177832,0
96480,2
73918,12
80506,0
1014,14
119921,12
147609,9
204564,2
115705,1
65339,0
150382,3
31061,17
137728,0
44462,6
107759,12
133764,19
117732,8
70735,14
170909,6
185893,9
172010,15
44003,0
95096,0
122885,17
119631,8
10403,19
116525,6
90042,0
38891,0
136652,0
98902,18
174402,15
168350,0
214207,9
28182,19
190975,15
144981,12
107857,14
118268,0
134999,18
197422,8
182597,3
215613,4
205504,15
91,0
191769,2
6703,0
99325,15
69373,13
83809,17
65631,0
20283,13
48507,14
132528,12
125102,3
52633,14
47479,17
9259,12
154754,0
92306,8
197534,15
91928,8
192408,0
17973,0
182628,8
210735,15
149326,15
156461,4
184820,15
86852,0
107288,10
136127,8
59035,14
21287,6
27377,17
216745,2
70091,17
215159,0
976,0
68630,12
54464,0
135818,17
172300,12
72354,12
29531,10
54444,17
178618,2
34458,6
207664,2
29593,15
3823,14
97702,12
61145,17
198179,2
166144,17
187711,12
25259,3
163739,0
128447,8
180212,0
80854,19
4044,18
37527,12
82109,9
172305,12
11868,0
127348,17
24127,3
190818,8
161217,12
128942,2
172500,3
105493,12
203728,6
158696,12
2572,16
64541,2
104918,9
206613,15
196673,3
29553,0
110228,2
166034,9
15100,10
128907,0
92003,17
208504,3
176351,3
178081,12
180593,2
111002,9
52686,16
175524,12
556,0
110299,3
141583,13
63725,2
32028,2
48616,12
139125,8
205820,6
147843,12
124281,12
111313,16
16526,17
214460,6
165208,2
47285,17
195026,16
47287,17
186858,0
136632,12
212461,12
98396,0
399,14
124253,0
149894,12
197519,8
38446,14
42245,14
6863,0
143599,0
159482,12
199107,8
28425,18
193264,2
183629,9
193687,15
104512,6
172344,13
34770,14
146338,12
99146,9
94885,3
6934,14
42256,15
210853,8
72329,0
212744,12
16385,12
34336,14
13632,14
177076,17
203790,15
128982,15
200771,3
150024,0
215250,17
30636,15
74385,1
32534,18
101661,12
92296,3
56936,0
48539,14
91430,1
111067,0
172362,0
65107,0
91675,6
2560,14
142446,0
216242,6
48193,17
25706,12
96857,6
128885,15
16815,14
97309,16
202133,6
214112,3
142700,2
53973,12
13183,20
160170,0
72385,10
87970,19
121034,0
77611,14
37244,0
26187,2
125642,10
158851,0
77651,10
46576,17
40298,0
194088,13
145107,15
147389,0
122010,12
191734,12
175586,0
63980,17
108736,0
128497,12
65345,0
173470,12
37704,12
145665,0
40339,10
138533,8
46103,3
63832,18
56227,12
176093,0
54035,14
75497,18
201788,13
67871,14
118756,0
167020,17
203112,6
148130,0
44793,10
169763,12
151738,0
134406,15
28387,14
96868,12
188134,3
88541,2
139846,0
151673,0
35107,0
190706,15
70556,15
68924,17
163308,6
62953,10
56450,8
185253,9
189492,12
144506,2
104617,10
156534,19
9752,15
167660,9
198192,0
174264,14
80623,0
70787,0
53030,12
147176,12
203676,15
122497,0
69620,0
170980,8
190161,9
144,14
116035,0
154712,8
45116,6
201621,16
167778,17
110690,13
144295,0
176153,12
142378,4
13090,0
99113,12
117716,3
64464,12
59605,17
196698,6
35924,3
152429,0
30552,0
70727,12
134689,6
167433,3
138897,0
154348,0
27566,14
169727,0
65916,6
200854,9
155208,0
116615,0
58946,0
125459,14
28219,17
100201,16
206378,6
122212,3
131390,0
50466,0
20925,14
9018,0
84383,14
156825,6
26065,14
197605,12
19185,14
120107,0
105881,3
160917,15
14945,3
176709,16
192922,15
78098,12
111474,15
151066,17
139238,12
125178,2
146758,11
160188,6
213921,17
70398,17
60579,3
140120,6
215571,16
186551,6
33638,0
202080,2
183765,6
38786,0
88940,12
159479,17
158833,9
133636,6
137148,16
77987,0
202206,3
103444,3
147374,15
48506,15
81682,0
186609,9
86563,10
35232,3
169529,12
30026,0
114382,0
134969,12
153999,15
100968,3
146134,1
55479,10
161329,15
44850,14
110275,8
122487,13
129056,9
68102,0
21513,0
120369,0
36244,19
117535,8
157333,0
97617,0
195036,12
114611,0
171412,12
212600,12
59339,0
61972,8
124316,2
179888,15
83020,17
149595,6
40452,17
167221,0
4496,10
18148,14
55372,17
37460,10
38482,14
18509,19
205183,17
45326,12
200675,10
204362,0
140730,8
157859,0
133295,0
3228,15
153465,0
155334,15
116441,0
155579,6
162063,15
123692,12
123011,6
52476,15
87308,8
97243,17
183468,0
186459,0
154707,9
116748,19
156198,15
44251,17
106142,0
15543,0
90357,3
159887,17
189798,6
119331,6
180137,6
41070,9
78384,2
80719,14
213653,12
72395,6
3866,2
17974,2
113291,12
143617,0
135323,0
183926,15
70778,18
161666,0
119553,17
110858,2
198527,1
144676,0
127411,6
212052,15
82398,17
165096,2
9339,18
30758,10
16420,12
170790,17
20365,15
58154,18
29071,2
108582,0
155326,12
35064,19
75743,13
53723,8
122846,2
60987,10
73945,3
200707,0
53750,15
84781,0
167358,15
172152,2
201559,15
68540,15
32271,12
143802,15
91442,0
77746,0
210234,3
145031,0
117799,8
155543,12
46884,10
174392,12
173145,16
182430,12
97935,19
24370,19
63756,10
52731,0
65514,17
101501,16
206047,3
181279,3
92023,3
168659,15
215416,15
126167,17
83270,14
182502,0
190675,6
80587,12
12673,0
154215,7
200867,12
133265,17
130071,0
11015,10
36626,0
123798,12
31253,0
51685,14
142341,8
97942,13
198882,3
58152,18
158456,0
203733,4
44620,16
125153,0
7027,0
110474,12
174876,12
200147,6
75634,8
91811,2
16718,15
206311,12
78809,3
210907,3
168740,19
171760,6
174773,8
139534,12
149543,17
196999,15
178797,12
37836,10
54709,0
19790,8
180654,13
199063,15
197094,0
187452,0
193155,8
114918,12
30964,12
18744,14
113525,3
57176,3
37708,12
146495,0
190464,10
185686,7
139109,12
182655,12
93119,9
127698,15
48297,15
56220,12
47552,2
144079,2
26237,9
44558,15
13373,17
172332,15
11635,12
183494,6
14293,14
118876,12
144403,0
31053,15
13682,17
182946,9
6097,12
2186,14
119951,16
211605,12
50956,0
16692,12
213864,0
202979,12
90750,9
26493,3
78346,17
67582,10
150753,0
135209,3
177059,8
106649,0
154894,12
141087,12
45205,19
118255,3
122069,15
147020,3
136535,0
54350,10
2475,2
126866,0
136643,12
38765,0
27919,0
64436,9
155089,4
4206,17
74153,12
201297,8
93064,0
119569,15
1725,3
57855,17
129323,4
92285,2
157043,6
175723,14
112275,2
95811,2
35580,0
47684,8
3720,0
173322,12
193947,1
125174,3
135367,2
197221,15
66797,3
80473,14
75698,0
131081,9
12364,15
20075,9
146511,15
15892,17
197413,12
67107,14
182431,12
81846,12
199076,15
1595,2
40793,8
197967,17
72048,14
17354,19
27103,2
152545,0
19719,0
74118,6
67201,0
86527,3
104482,8
204710,15
30277,16
103745,17
138982,15
128557,0
17433,4
154908,12
179070,6
182927,2
39155,14
3448,12
7367,0
124455,3
95321,1
168546,16
184792,13
42739,17
138398,0
167465,15
119210,0
212985,12
144976,4
114081,12
169035,0
50594,14
22967,3
144674,0
74759,4
69833,17
103052,12
149831,0
174954,6
165925,0
192149,2
94150,19
187761,9
170500,2
185150,0
140000,12
15798,12
109722,6
152889,0
191686,2
184602,0
46993,10
154681,3
37100,14
127059,17
194134,3
139488,6
147948,12
136206,0
41512,17
59051,14
213573,9
170646,2
63414,2
95709,2
159435,3
86016,0
60691,0
6850,0
85227,12
104955,0
192663,2
70129,16
47732,14
77793,10
119891,2
22639,0
110559,3
109748,12
65995,17
175357,12
138115,12
100384,2
174465,16
214882,17
180349,0
39569,8
114769,15
120615,0
131218,0
183559,0
4639,4
209706,6
172531,12
199073,0
113276,12
215865,12
101711,12
116546,12
55664,10
160834,0
133569,8
21423,14
138759,0
210676,8
181936,15
129072,17
70044,10
163430,9
47316,10
31166,17
62535,19
156274,12
102179,15
54470,0
171538,0
82567,10
23860,1
121380,0
19831,12
160266,14
40953,0
99787,9
93658,0
4413,17
74837,17
24665,12
62032,17
216425,6
32649,0
35684,9
210706,9
64921,16
213056,19
51381,10
25221,17
201332,13
207859,13
126696,3
140370,6
172476,0
154821,18
25351,17
146006,17
100295,12
5628,14
131623,0
146969,13
45197,18
157176,12
124216,12
80771,19
119270,0
96346,15
169757,2
151757,15
17883,12
33635,0
71387,3
39170,15
51525,19
66105,0
62203,0
58715,14
189580,12
112411,13
128351,0
153164,8
72371,12
153295,16
96309,3
206948,17
191408,2
195,0
40409,2
8385,6
78546,17
1500,8
118539,0
91874,9
93228,2
42786,0
199167,2
174817,15
157362,2
79614,0
118068,2
48767,0
119960,19
147362,17
163464,8
205208,3
110938,14
102283,9
88977,0
187716,9
39802,14
59506,12
199585,2
134259,12
190891,12
53897,3
59527,8
173107,3
214203,12
160436,12
169361,0
173597,2
187745,15
60434,0
94723,9
143281,0
208417,15
88496,0
167855,6
140769,0
210139,15
92247,9
138659,8
193681,19
122435,0
138512,0
94608,15
113415,4
97832,0
143474,0
156856,12
197926,6
184278,12
48549,19
195926,2
10667,10
156360,6
91847,8
3982,18
156138,3
86292,10
119981,15
7178,12
94940,0
102831,6
148344,12
207598,13
137823,15
142985,3
87851,10
96747,19
148369,6
142440,2
203904,12
32568,14
70020,12
57303,0
121618,12
121203,12
199672,0
185706,9
194438,6
92073,0
148597,3
52593,12
45760,12
24791,3
184746,15
112466,2
166921,17
207985,2
105133,12
216469,12
23195,18
161809,15
137095,3
88135,0
90134,0
189015,6
105905,12
158979,8
50625,17
210836,15
55158,0
200685,9
185964,9
85235,12
145988,12
14248,10
206350,3
45758,12
84192,9
183151,0
21296,4
208396,6
59954,14
86825,18
176641,0
12728,12
117352,0
70106,18
95308,0
7144,14
12189,16
79881,13
111513,6
31825,0
196094,15
102441,3
162825,14
122363,17
81304,6
213163,15
99237,0
125660,16
58367,3
99333,0
29398,19
19152,14
41029,10
80277,3
30194,3
127135,9
88983,0
131031,0
168376,8
110097,13
152214,0
134590,2
199388,15
208549,0
208884,0
25236,1
13167,16
113343,9
92793,14
55710,17
216748,2
185504,0
216813,6
121363,15
142753,7
157948,2
129473,15
157469,3
213443,12
50553,14
98542,15
52997,15
149018,2
194005,15
120361,0
199701,12
121155,0
126485,15
161962,15
83944,12
92467,0
166291,10
197763,15
147281,17
131578,15
17158,14
16290,17
180640,3
201981,8
44837,14
51863,3
17155,14
140604,0
90003,12
213315,13
116628,6
80589,12
79113,14
126503,0
45297,0
192705,18
11451,2
99508,3
190223,12
13741,0
153619,15
183106,20
92660,13
161856,15
177567,9
14214,2
125747,12
121308,12
6033,3
210910,18
59279,17
139133,19
31090,3
42820,9
163542,17
24923,6
154448,20
207629,16
165111,2
156181,19
38201,16
109435,17
188947,17
60010,19
76354,0
37923,17
176286,15
39100,0
21263,10
111272,0
152028,12
2621,18
85003,14
153970,6
105597,2
107013,12
15934,0
4311,12
171708,15
52355,17
99853,0
28287,0
24851,14
23910,9
76422,10
184824,15
205484,9
94525,4
62067,14
165250,6
183048,8
159720,0
39482,2
183434,12
44561,14
158415,8
208383,9
170164,2
108548,17
59592,2
106486,12
78279,6
203350,0
432,14
139706,17
166656,6
115652,6
156227,0
216514,12
20107,19
207513,12
108319,20
210491,0
43716,14
71243,14
37303,0
120354,0
43384,3
84300,3
202540,19
198650,4
27857,18
102195,9
169152,9
129768,15
142315,14
129547,9
139185,0
174504,9
41351,2
101159,4
37289,0
41118,10
188770,4
73593,18
206192,16
122936,6
100979,6
140680,9
115748,1
74259,10
193122,17
196910,17
64160,2
101286,10
144107,8
158574,0
198118,12
105109,13
213614,15
191556,3
79439,14
58941,12
6212,17
22328,3
55498,10
6930,14
165462,0
148634,0
12358,17
210414,3
87233,12
68398,14
824,10
57397,0
138640,0
144805,16
13746,10
64746,14
27320,14
67073,8
25384,0
169225,0
168965,6
74086,0
122686,0
37088,14
36111,3
144879,12
162988,9
41975,14
10200,10
87254,18
73284,16
145920,16
60536,17
194130,3
97587,17
36639,10
203280,15
119011,2
140987,0
30004,2
128291,12
77967,12
18759,0
78859,0
48477,12
198140,9
114502,18
159250,12
113549,12
209897,3
157216,0
197461,12
67516,16
27525,14
9663,2
32927,14
110982,0
167322,12
68957,16
13828,12
69258,14
81935,19
137673,12
151931,9
216248,5
112279,3
183593,4
138619,0
129126,3
34693,14
88964,2
132821,0
188369,18
173786,2
26198,0
148174,8
10752,17
14104,12
41509,0
29747,14
23541,14
124062,17
46967,0
115582,12
198003,12
157232,0
145469,11
24652,10
94396,0
18601,14
71797,18
75883,18
130641,3
78847,6
855,20
31812,2
159299,0
12576,16
30779,14
160636,12
131822,15
6402,3
55615,2
78065,6
13002,2
195274,9
21003,14
99026,12
168746,16
24685,9
91920,12
45712,2
24436,16
57830,12
18689,10
200237,0
137777,3
140822,5
172795,8
60426,0
89352,10
140558,12
134107,4
106286,0
58492,0
122747,2
75279,8
50842,19
586,13
155052,0
161754,2
184177,15
67932,19
84023,14
40235,2
21035,12
100370,8
196437,6
69695,2
103350,6
214377,12
135966,0
215016,15
172886,12
88756,7
94719,12
86133,14
91272,9
62904,0
165996,9
113366,15
79697,8
150993,6
25348,17
113800,20
35559,17
5204,0
198946,0
176857,12
50783,14
33759,2
83716,15
87604,14
46987,12
152534,15
196278,12
20503,12
1537,17
97664,2
201146,13
41003,0
211759,15
173108,4
103582,0
110526,0
98529,7
143992,2
201400,15
169722,0
134605,15
200299,3
48116,14
55712,17
42051,0
189632,9
134134,12
73704,14
73557,15
58710,15
79613,0
136956,8
195101,17
56034,17
78017,12
168922,19
159258,15
188806,19
31956,10
94671,6
132390,13
138473,12
200213,8
50142,2
131758,3
188775,9
168453,15
44293,11
86982,14
67214,6
72171,14
189406,0
109018,12
170392,3
177659,6
70429,12
119907,12
6690,0
91930,9
63968,14
153047,1
44613,17
16750,0
153792,3
117695,0
183051,8
142054,17
182542,12
157184,19
35042,14
20982,10
92735,12
24564,17
34420,16
178086,17
69398,14
93210,0
124877,15
26268,12
191402,0
17069,4
69329,0
93420,6
108253,0
85830,14
156924,8
82771,8
38294,14
25408,12
63816,12
31216,18
10541,17
62883,3
203921,16
69972,2
187056,18
193641,8
169191,0
41489,1
93125,3
188414,0
65633,10
171345,12
71405,17
99574,2
157444,0
79794,14
115198,12
13954,19
200690,12
80566,10
167693,15
209132,3
180972,6
207822,6
191870,9
83344,3
77643,14
160302,0
57610,3
146286,0
165398,12
22037,17
182821,3
47955,9
212160,9
214868,12
115861,12
56141,14
17144,14
82045,3
204656,3
175324,3
9407,10
1831,12
127400,9
57033,12
36727,2
121394,9
118468,3
148628,0
46667,0
2503,14
168141,0
129671,6
214175,12
67176,6
2520,14
206060,6
198644,6
216500,16
188884,9
106696,12
176795,15
126069,16
54040,19
30384,14
123661,6
189577,9
188085,19
64984,18
61860,14
103693,12
98700,12
8430,14
31127,10
110065,6
89110,2
76515,20
168786,6
92266,17
53291,8
157542,0
190250,16
73774,19
72511,12
205218,0
34647,3
116322,17
39554,12
125812,0
107717,8
87150,12
209037,5
188402,6
78723,14
188689,4
205155,15
105520,12
185591,3
74900,15
159160,15
24456,14
21700,0
69189,14
195978,2
135357,4
158596,6
68122,12
162211,8
31089,3
88362,2
157934,16
129478,18
171459,0
76945,0
164955,12
138222,12
89179,2
12462,14
53864,17
158407,12
193333,0
19134,9
142635,19
143716,0
175487,0
148627,0
159237,13
45572,12
114151,0
193639,4
141271,0
132080,12
186264,9
149181,12
118711,3
49811,0
145519,8
102187,17
16688,12
200362,17
91717,16
142849,8
208435,0
87071,0
52433,10
149879,15
7082,14
22467,14
74871,12
77131,0
83164,14
111065,0
7255,14
95510,0
80138,14
45848,14
18065,14
99005,2
31965,12
121003,15
52424,10
29189,10
207702,3
133591,15
77642,14
48792,14
107970,15
186550,6
191698,2
26391,9
25902,19
114253,12
43665,10
215070,12
13007,0
145064,2
82256,19
806,0
216287,12
69583,0
127866,2
65409,17
164030,15
2681,2
90500,3
196215,2
57241,14
52951,8
190620,15
125837,0
183706,15
1782,14
140108,4
156560,13
150894,0
20680,14
81615,2
180539,12
116230,0
205164,12
59722,14
182390,6
82718,17
213295,8
202478,3
51347,3
37203,17
162871,0
84411,3
150333,18
54388,15
182582,15
204011,16
148080,19
211427,0
189843,3
159639,8
187666,0
201716,20
194923,12
197642,15
80680,14
110955,0
44248,17
174988,17
16694,12
138917,0
196873,6
163626,12
39959,17
163830,6
162964,8
149824,3
174531,6
39098,0
181641,15
62701,8
39003,12
104254,6
107413,17
98586,10
73209,0
76374,12
30006,2
39777,14
72781,7
49162,0
123307,2
155562,17
212210,0
102595,18
68509,10
49414,0
169121,0
116077,6
65592,17
209537,15
157283,8
20484,10
174104,9
187190,9
4994,16
65698,14
72104,17
151220,17
135458,0
2308,10
142617,8
133460,15
134489,12
151886,3
33185,12
180453,15
174193,6
71675,17
111174,20
215535,8
161606,6
141731,17
69705,10
168444,17
105749,15
186805,12
84202,14
209083,6
200860,8
149745,19
50559,15
189778,18
190969,9
196913,17
104969,0
131267,12
93023,12
202087,4
23593,3
96625,0
48112,4
210889,0
102869,8
230,16
127258,12
21889,0
158536,15
94872,10
103362,14
212257,12
76979,10
60782,13
86593,15
97387,10
121004,16
147635,17
121968,9
118288,13
16166,14
207179,12
136551,7
101241,8
150799,12
105754,8
87842,0
111530,12
203381,6
4665,16
187673,6
1853,0
7581,19
99238,0
120600,8
212774,6
31748,20
58684,12
189155,8
162955,15
216657,15
305,3
59623,14
143267,0
128878,16
26173,17
92761,0
123764,0
157343,0
211065,8
51455,14
26640,10
36150,10
61817,0
156272,12
58856,0
204669,0
88789,9
14082,12
10658,10
88871,3
143805,15
88840,0
61093,17
147661,0
198296,6
197361,3
105027,19
128023,0
153602,17
12946,14
29846,2
69513,19
140196,12
38531,17
73398,19
170660,9
179478,17
37514,19
215053,8
216273,12
119304,10
9363,2
98073,13
160198,9
214739,6
38846,8
187691,9
138797,4
30009,0
153449,2
37176,19
188738,15
186079,12
23411,2
77563,8
27206,12
202854,13
169206,15
59976,17
29768,19
6315,20
119876,3
4400,14
153577,8
99730,2
49137,12
35775,2
100780,0
168538,18
161688,8
188880,8
170090,6
81896,0
94362,3
177071,15
139271,18
210720,19
122449,12
201808,17
69362,2
4640,16
69343,0
112668,0
56211,12
62787,2
200148,9
93410,8
154556,0
54440,17
215664,15
155695,0
175454,20
27926,0
36751,14
60398,17
166823,12
196225,2
139309,0
198345,15
160083,3
196012,2
170769,13
30840,4
110386,12
80276,2
202750,2
169507,6
214970,12
74485,14
210685,6
204893,8
140007,12
69785,14
80258,2
138558,12
122006,4
91867,12
46618,14
137410,0
122745,2
203289,15
109503,2
155897,0
22744,17
185607,9
197470,12
207833,4
124319,0
197391,12
113380,0
93352,9
41614,18
80141,14
141380,0
114284,19
67861,14
215788,9
59225,14
13107,2
167828,0
182427,10
135015,15
109198,0
37493,17
33897,10
5716,0
103322,6
185727,15
52257,17
46759,19
212832,12
54204,10
69342,2
203150,13
28237,2
214995,12
101464,0
187920,6
132951,0
105486,12
97729,0
142806,0
18844,0
198298,8
31630,0
133818,15
82975,13
58988,17
18551,10
24474,14
151388,2
5429,0
195965,0
92812,9
79609,20
175268,6
99399,12
148917,2
126940,19
139048,0
593,14
163362,12
179420,0
2505,16
104596,15
204967,2
120590,15
194448,12
129926,0
73427,17
191267,12
62722,10
210185,15
12839,17
75183,16
137949,0
840,16
160924,15
41210,0
49090,14
177934,7
204112,16
15355,14
91799,12
114734,0
170923,12
193549,3
22745,17
153533,0
24985,14
104074,8
142618,8
18260,17
209971,15
137955,0
113092,0
57730,17
188292,8
10697,16
143102,0
81448,3
130270,15
129070,17
165742,10
50659,1
160522,6
12993,3
62560,17
163531,9
87288,0
14184,20
187526,12
81257,0
137333,12
49408,0
70677,9
123982,12
39819,19
19291,17
71872,9
29957,14
212879,2
150341,6
160598,2
24986,14
113519,2
14842,0
78625,14
84914,8
24968,9
42935,0
4871,10
18087,16
176649,0
201457,8
107968,16
62809,15
211806,6
99231,0
21528,10
73628,0
145188,2
108070,9
94574,9
9269,12
43994,0
124278,12
21929,14
91085,9
55264,15
19771,12
27790,12
193204,1
140506,12
178383,12
117974,16
107385,12
146950,8
128850,9
154615,8
173692,5
100645,17
181294,12
18411,9
178512,15
170328,9
214975,15
45910,0
36774,14
146371,12
206427,15
62106,12
114376,0
85578,17
185660,13
102476,9
1898,15
103367,12
195679,10
204623,12
42833,14
101002,0
157021,0
207971,3
212505,15
98604,12
177218,12
29111,0
62895,10
13552,17
79173,17
109269,0
45406,17
145488,20
38039,0
109013,10
37978,17
167812,0
88833,0
111526,12
31003,12
73647,12
46631,13
192110,9
17294,12
185469,12
202648,0
166127,9
134338,6
213881,12
72797,0
72573,14
164602,9
107792,0
56714,14
216356,12
67275,14
128185,12
199827,3
144897,20
199300,15
139161,15
82433,14
209374,3
147768,0
180880,12
93243,7
159621,0
167941,0
105718,0
168751,12
104402,9
176892,15
72406,10
116632,3
192500,12
126072,16
16771,2
131992,0
121574,0
54669,9
78398,0
9015,0
183737,12
167946,8
43536,15
23977,12
103361,14
149664,0
34423,12
80914,2
144621,20
183278,0
163048,16
87568,0
59240,19
46071,17
76324,4
144266,13
15391,14
109195,0
41542,10
137084,6
213965,8
208899,8
112883,9
29708,14
102176,15
185913,16
64519,16
100956,9
106205,19
68067,0
35230,3
156205,16
44097,12
197290,15
71767,14
52712,0
102039,4
114018,9
142468,0
146735,12
131814,16
120690,0
149733,13
200845,0
83106,10
199273,6
28759,17
86544,10
127833,0
88885,9
196096,12
152808,3
81687,6
98639,12
195241,9
151936,12
20263,14
95021,18
60765,14
69357,9
187773,0
187871,15
114572,9
34258,4
105325,12
181799,15
15717,19
201755,12
157906,15
89841,18
171054,9
41712,0
98056,12
96938,3
79965,19
39234,1
209562,0
1353,18
214549,17
182449,16
5686,17
191222,15
32357,18
132260,2
206780,0
188989,9
110636,0
46723,14
39300,19
136822,2
57416,14
98303,12
77486,17
41778,6
206222,12
166051,0
115994,15
216095,2
23795,14
121616,12
82149,14
15889,14
68747,17
150490,0
5288,14
168587,0
57155,19
208144,13
204792,12
2677,2
63327,17
69766,2
54855,14
195711,12
123203,2
20069,8
154135,15
68958,16
147315,4
93158,14
165392,12
153137,3
111868,18
178210,0
96814,18
118290,13
143782,2
166278,0
116772,8
160394,0
12337,2
55034,0
41900,14
197426,0
75762,17
101418,2
97975,0
148096,15
112876,9
55701,19
179756,13
159077,3
111571,12
145613,15
105098,0
39648,9
93771,12
195433,12
53173,0
137376,19
95074,0
157426,15
188497,18
145175,6
169306,15
193402,12
96977,19
82498,6
60523,16
206764,15
93687,17
69250,2
111045,19
102053,2
47594,12
9591,9
37350,12
66650,0
84469,0
204302,15
196690,3
196958,19
119899,0
139241,12
80209,17
216913,0
26432,19
55969,14
8685,18
185155,0
192208,12
160185,8
19992,17
184322,0
105380,19
47501,0
113739,6
69854,14
202475,2
110646,0
155192,0
47248,10
44392,2
30166,0
97105,8
113600,16
64964,14
194363,12
24451,14
96793,12
207892,8
177441,8
210353,18
174824,12
205065,15
188269,0
70312,2
161253,15
147269,0
174373,6
184816,16
172314,12
114863,0
77616,15
99200,14
41093,14
47504,0
164529,12
116057,0
15869,19
19897,0
36884,3
158211,15
89878,0
91220,0
42337,17
38304,14
149708,12
174490,0
117408,12
108936,15
82692,12
135988,12
175311,9
106970,0
80557,9
51676,19
36167,19
163501,6
8674,17
73809,17
1936,14
147329,3
6044,8
67803,9
8845,3
149459,0
6120,10
190255,15
19843,20
130654,13
120254,0
159844,2
85472,17
156735,3
148791,2
11176,0
77144,2
183414,12
152871,6
11073,14
196080,12
74022,12
126158,12
102932,0
199646,15
62674,12
166549,2
200473,0
31610,12
75694,0
173822,0
44972,9
182487,0
173059,2
12788,15
162619,8
737,2
131046,4
37322,12
84096,10
148037,6
204545,15
159363,12
180114,3
16630,19
47439,14
123961,8
156706,0
127590,16
115987,8
73963,8
100505,0
133799,18
147776,0
17679,0
106204,9
48326,14
162303,0
48685,12
9554,14
29339,14
136063,0
189510,9
193969,6
131121,0
27561,14
182963,6
173194,3
141979,19
155516,6
20490,13
205822,6
47256,14
126367,16
138041,15
71229,12
4904,14
58234,0
64184,12
91182,12
129159,9
159313,0
63961,14
155454,15
98573,19
178993,12
102809,17
57598,18
103782,0
139407,16
189442,15
98594,15
126146,7
156961,12
102961,3
37109,15
77980,0
34034,13
19521,9
205783,12
101102,17
142505,12
69546,17
20386,17
2405,12
201243,8
13831,12
46129,4
104330,17
37949,19
153149,0
22840,15
58842,0
56571,0
182969,13
48147,14
168850,15
145174,6
163,19
131206,15
140724,9
98134,15
128103,19
80112,14
24251,17
43264,12
211915,2
158589,6
201744,15
47784,18
39524,0
212296,15
34737,0
65505,10
5827,14
4999,15
1558,20
13212,10
107166,4
21987,9
43738,17
132169,8
151549,6
107810,12
105018,15
141698,0
66754,10
86403,20
149965,2
18104,0
172790,9
19509,12
185684,9
199118,12
173811,0
181577,0
47343,12
20357,16
199665,1
158845,0
60977,12
193901,1
73439,4
87424,18
33981,0
140079,0
74396,3
34682,9
162772,6
173709,6
86516,0
127889,9
79123,14
78292,14
50162,15
197848,12
71002,12
76667,14
68860,14
152911,6
21170,2
169897,12
111111,13
39474,3
107753,6
50164,15
82103,10
154171,0
107982,2
181456,15
145353,1
149593,8
4165,9
99347,2
208988,15
15582,3
198714,12
78448,10
122055,7
63022,17
205767,13
117111,3
210109,12
34102,14
205741,12
81934,14
102939,0
63918,3
106432,6
160932,12
42374,1
139305,0
63554,2
151654,4
163408,3
187528,12
174340,15
123312,2
92843,8
26646,14
211976,2
59001,0
200781,9
35332,0
14373,0
120363,0
157802,15
163041,17
178016,0
216325,16
140493,9
91907,0
204746,15
129330,12
181117,13
82000,13
155199,0
159269,16
140631,0
50652,17
153840,6
185484,9
85801,12
94410,12
59913,18
17646,0
55461,0
29325,3
188484,15
40573,17
164528,12
68591,18
174995,17
88866,3
145525,0
197672,8
55827,18
208602,0
96526,2
194808,12
182246,15
15232,15
13062,12
216343,12
184351,3
177762,6
50006,15
112205,6
200239,4
4483,10
185146,0
116250,0
64476,12
216854,6
127344,12
211120,0
103773,2
20320,17
208505,6
133024,18
200451,15
45768,14
8168,15
79630,13
157831,16
160697,15
209674,12
23037,0
69532,14
174211,12
180246,6
132100,0
85817,14
112926,0
22423,17
67430,3
17868,14
165763,15
89719,19
190238,12
141844,0
175382,15
207759,15
89054,18
200754,15
170967,3
97141,16
130360,2
149386,0
76310,8
132626,3
113559,8
167831,0
1243,17
85070,4
125503,2
149950,2
41254,14
122300,0
170264,2
644,14
85601,0
212510,13
212998,0
52284,0
97912,12
25252,0
153264,10
136006,9
46315,14
111334,15
171725,0
35383,17
181996,17
38728,17
30880,10
36274,2
25864,14
174229,0
184017,3
43445,18
23210,3
79334,17
202650,3
138355,12
97065,2
207960,5
42582,17
123046,2
92953,1
74692,0
13948,19
26549,14
186033,9
185475,12
206431,15
31524,2
18138,14
94024,12
92905,8
189158,12
146903,9
100682,0
64234,12
69518,14
155990,2
207558,0
151486,0
59849,12
182790,15
131583,17
60206,14
173138,19
48766,0
175523,12
180589,6
131793,8
161203,3
52285,0
19422,10
151573,14
204139,0
183177,6
159569,12
152963,19
186534,0
5616,14
214878,17
173598,2
91667,6
10220,10
205811,15
134568,0
198879,0
58090,10
72857,14
140757,0
35600,3
160764,12
4860,8
34269,0
198506,19
91185,10
141028,17
111953,15
209761,0
211319,3
90222,9
21345,19
192971,0
97144,11
190861,9
113358,0
99455,2
84133,15
62661,10
34947,1
74825,20
93542,9
34495,18
12163,18
11565,19
112498,19
7809,19
200890,6
185747,9
90324,9
21337,19
27576,14
51451,14
86417,15
49229,14
205812,15
426,14
58757,17
78583,0
148297,0
75518,0
10291,0
50757,12
74193,15
183118,20
71819,0
132082,15
8068,12
53342,12
23912,12
165479,0
210140,12
14562,0
12778,16
89600,0
50093,7
61437,17
41205,0
199384,17
200978,13
141816,13
121915,6
70328,2
61776,0
73293,0
50891,15
170578,0
205961,8
63619,14
134603,13
82212,2
203721,15
138112,12
199507,0
162542,18
119656,6
185636,9
74020,12
169808,12
60573,0
54843,12
135723,18
110793,0
171137,8
82657,10
160985,12
53532,0
38847,10
163634,15
1093,2
182904,16
109740,15
125839,0
5240,16
61637,14
50923,0
114586,8
94518,6
52394,12
208335,17
71470,0
211744,15
197742,0
93484,9
16312,2
38934,14
202204,0
102723,6
194571,18
175845,0
92280,1
142521,18
66704,12
114578,9
107646,6
147493,0
162659,0
198861,6
66874,0
190769,15
161707,12
20631,3
153956,13
12973,18
15945,0
59744,14
122312,2
6799,13
12002,17
113093,16
15684,17
47731,14
80541,12
128086,8
34446,3
138757,0
55285,12
37067,10
79198,0
133113,0
43786,0
160976,6
66940,14
102900,12
120966,6
166060,4
179930,6
110373,8
14575,10
176119,6
47272,18
186180,0
124291,17
108727,0
86191,18
21567,19
71995,3
170591,2
12792,15
182555,12
106797,7
55634,0
132482,0
81473,14
68109,0
106844,15
155413,4
37156,16
106562,9
151664,0
123287,2
215771,12
37198,17
44043,0
183003,16
171552,0
183165,0
137196,0
105003,15
60896,0
169579,12
64487,17
51998,0
99887,6
124617,15
14506,14
41768,3
160071,8
177877,13
37825,3
48319,14
49377,3
183749,8
153752,12
53851,16
91209,12
70149,14
177981,19
178522,4
156838,3
130192,2
201577,3
205901,17
8777,14
55103,14
169637,0
112906,15
143921,15
54968,12
193602,13
14032,3
183944,0
118715,12
51937,3
10570,3
15611,12
67662,0
176853,12
70230,0
71392,18
131941,15
203006,15
95416,2
65863,0
100151,12
147158,8
14265,10
95469,17
113479,0
81112,12
166384,12
185262,12
172329,15
186371,12
146303,3
49782,17
1812,12
174627,12
41949,15
148953,15
22441,0
196340,9
10071,9
150087,0
133042,15
174090,2
35847,15
96546,12
153968,6
213913,12
131140,0
179880,16
175982,8
165426,16
65473,0
15364,12
196559,16
208277,3
183289,8
125492,3
102354,0
38718,17
169205,15
127179,15
77955,0
6912,9
9391,12
170571,0
13932,17
184031,17
75290,0
20971,3
185451,9
211526,15
9499,0
107037,9
62742,10
146553,12
92441,14
153636,0
39227,3
31846,0
69944,0
202511,12
34550,15
12390,17
10858,16
51561,17
132413,15
38230,19
132410,15
42206,0
147485,0
138262,15
137871,3
183017,12
57987,17
1596,2
72603,19
211787,0
77853,14
11939,10
65094,0
55492,12
161843,16
123023,2
68082,0
77250,17
32851,1
200111,19
113473,15
60612,12
142285,0
209458,13
115374,15
160192,6
202242,13
61278,19
98053,6
33125,6
62896,2
33388,2
40916,16
82002,17
174753,0
2398,8
176951,13
2089,0
211018,19
84051,14
127459,0
105810,12
53313,19
190478,9
85734,6
73754,14
138730,17
202190,0
52883,12
153244,0
204553,9
26966,2
9597,15
146140,0
78959,17
76237,19
111475,16
211134,6
215597,0
124830,6
28071,2
93523,8
50581,14
70454,9
150205,19
101054,4
61357,10
41764,10
119839,19
195120,3
87661,15
211740,10
77150,0
155785,0
25298,16
17660,2
197080,13
216536,2
82422,18
209893,12
7762,14
212865,15
156897,0
178328,0
12277,10
212009,3
132360,3
96550,12
96403,2
108868,0
118438,0
159540,5
94365,6
56350,0
45411,19
190651,0
180608,0
89625,6
27664,3
70868,12
130156,0
179604,3
17757,8
67797,10
155871,15
191500,6
115248,6
190029,16
188409,2
73074,0
53708,12
68125,12
134233,3
153453,2
36054,19
36038,14
124738,3
118473,0
178463,6
10429,15
136018,19
84861,12
111420,15
89644,13
28940,14
95970,8
37970,0
136265,17
25128,0
185523,9
93289,6
212842,9
43433,13
48720,17
163572,0
125607,3
153151,0
147640,12
119783,6
124708,15
136577,12
174377,5
58212,9
188658,14
84793,0
162340,8
99541,2
132083,15
130530,15
120141,17
97398,17
117643,15
108351,0
123320,2
56661,0
37652,17
33694,2
18276,17
95266,12
122153,15
195188,19
173774,12
195873,15
89984,19
147128,0
90566,9
117905,12
147866,3
5252,17
103171,8
94782,12
31106,3
53238,12
199951,6
75613,14
90545,12
206167,15
44332,14
54131,19
23186,20
94560,14
213432,15
156926,8
169598,19
91864,11
88849,3
159952,0
46402,0
61867,12
112459,3
8055,0
136882,18
178544,12
151296,9
34250,8
55107,14
184297,15
195015,12
139828,0
28402,14
177822,2
136032,17
165370,9
201901,2
111605,2
37129,14
131517,0
82509,3
35650,12
144178,0
189285,12
130211,12
7777,14
143694,2
88160,9
35970,12
198906,9
81078,19
133223,3
99809,16
29168,9
13703,12
18738,15
91655,9
126576,14
70322,2
7151,13
163538,19
197712,15
50091,2
157256,8
206782,2
158883,12
95310,0
21672,14
80499,2
27530,14
84409,18
14875,14
20499,12
147516,3
173197,2
8585,6
14840,6
19675,2
75232,20
126327,6
76369,0
27382,10
170231,12
213202,1
56309,12
101675,9
64449,13
68896,14
102535,6
125648,9
179204,2
74331,18
28087,2
84013,15
122460,12
87038,17
86184,17
80602,19
69058,0
195335,0
69820,12
171732,0
127918,0
139,16
193809,8
206229,9
190786,15
34414,14
71012,10
28605,16
93220,0
37311,2
45607,17
165750,19
33107,2
148646,2
121112,12
196641,9
45763,12
162185,0
161540,15
110617,12
196729,15
157001,9
179804,3
84316,0
65390,14
94348,7
144076,0
194887,3
52398,12
10670,6
110402,14
116339,12
53327,0
112155,15
20240,14
100712,4
76514,6
173737,15
188321,12
153653,0
92723,9
117677,15
15919,3
167093,15
2352,19
29105,0
84174,3
110731,17
56243,17
82250,10
173679,12
160891,12
108529,10
163775,2
214949,12
107195,0
154769,0
160210,4
193990,12
201323,8
96316,12
98060,12
175401,0
167372,9
208905,12
8651,14
70395,17
178419,3
154107,13
13553,17
150998,15
203403,15
48428,0
120629,0
141235,9
157994,12
204556,6
101260,12
30159,2
190668,8
12223,3
98419,9
88002,9
98116,12
14828,10
111197,16
172731,15
18489,17
208005,12
66298,12
55204,12
206488,6
197115,6
6451,10
165253,6
168428,17
9625,19
196391,17
40948,0
88921,14
52377,12
124606,12
3682,17
110185,15
212551,0
135709,8
41104,19
136211,2
180750,9
62544,17
170306,3
102635,17
152092,0
175578,3
204384,6
62906,0
75248,17
124568,0
49252,12
52277,1
48721,15
62466,14
214936,0
55893,0
31824,0
46306,12
117339,14
15366,12
27051,14
109505,3
195770,2
122851,2
100461,9
50530,3
199569,15
39106,10
47831,17
155893,0
154961,0
39708,14
214373,9
151150,8
38278,14
147073,15
24924,8
193348,6
50235,17
35023,15
216075,2
161874,0
150901,12
123869,0
42530,0
92700,9
156866,19
213264,15
37985,17
116933,2
201240,0
207508,15
192808,16
40250,7
110968,6
65622,0
13070,14
56859,14
11856,3
25908,14
88550,2
147651,0
24418,14
21632,12
125975,0
75112,8
114663,12
15562,0
173772,12
55995,15
119171,2
119798,0
16567,10
12254,10
65953,8
173032,17
141586,18
124043,6
150957,6
89221,9
140027,12
178034,3
120989,12
143972,0
58657,12
206819,2
29043,18
5141,15
177047,5
166336,12
186604,9
95419,2
126518,0
168562,6
137902,12
46858,12
165608,2
160417,6
133659,12
80639,0
209202,12
176281,15
47432,14
180828,3
210426,8
206893,6
136180,0
65203,10
52832,14
28136,14
36923,12
197823,12
8592,9
6639,17
106579,19
186909,9
186581,0
164636,12
45180,14
14703,16
67115,14
153508,13
184386,17
51331,10
201861,9
76416,10
52168,14
44222,12
207499,19
178325,0
205395,16
110100,13
141963,9
36652,14
209910,2
44811,10
201002,0
65270,10
117892,10
149387,0
125900,9
203715,15
162868,0
61041,15
188099,17
63126,10
118592,12
215336,13
133536,2
57821,12
31277,12
66909,12
93976,6
76869,12
110886,16
99059,15
10122,19
98026,10
117204,0
165227,0
103819,12
136338,6
91831,0
171597,12
46881,10
97388,10
213634,12
72007,10
184567,15
196516,12
146132,2
98541,17
36207,14
23873,2
177761,6
85438,14
180504,8
134897,12
14844,3
185311,2
200301,3
7730,0
176776,17
177111,0
104740,10
99376,12
141294,17
21235,9
17783,17
9373,0
93365,19
207014,8
48639,0
44935,3
196441,6
22951,10
143397,9
1698,19
45242,17
202918,2
157525,15
123285,2
184021,1
34703,14
84936,19
80296,0
51569,17
212157,15
193611,15
103328,0
123416,16
133367,3
14510,14
84812,0
52839,17
109795,12
168737,15
158935,15
109314,12
118819,14
131872,0
14389,12
155975,15
138761,0
25194,14
54082,8
145652,0
122973,3
33057,2
21324,12
108385,12
179669,12
79629,0
186757,8
196552,12
58106,16
14983,10
80188,14
195991,2
15313,9
46405,17
53499,19
14781,12
179707,0
112065,2
81743,6
182792,20
128585,4
147364,17
5189,2
132887,12
96994,16
199009,17
166982,12
126803,1
107940,11
23328,14
5377,3
119347,6
101497,0
71779,19
80601,19
123989,12
119309,12
84273,16
133750,6
96864,3
99243,0
6388,10
67911,4
76977,6
28988,19
161807,15
159536,3
163497,6
85247,10
155249,15
115760,9
204925,12
37534,19
7303,17
32452,14
50703,0
190185,0
121324,17
152423,15
129574,15
116519,9
34038,12
75192,14
92326,14
148063,9
167563,9
69245,3
78923,10
9501,0
200932,13
189246,0
72320,0
77788,8
191544,17
92190,12
183169,20
8617,10
2632,18
20621,3
190965,9
70679,9
161854,19
29967,19
89993,15
110139,13
12543,4
81691,12
117353,0
35147,10
210816,8
210374,15
129771,15
17652,0
140472,0
65479,12
67817,15
169303,6
182064,6
187080,4
25584,17
84643,18
173060,2
216576,6
127671,6
200041,0
36782,17
53465,12
5830,14
15383,12
82366,19
9939,8
139014,12
97004,10
118199,0
123649,14
53311,19
28761,2
76059,0
151768,2
151686,12
119120,12
171443,15
140135,3
103930,12
78440,8
166751,6
215437,3
88611,9
13722,0
38519,20
59080,18
115927,12
109066,15
26505,10
33663,2
98371,0
40694,14
126178,14
186272,9
205398,15
26050,10
84736,0
159303,0
3198,14
70858,6
52608,8
26330,3
32561,14
107952,17
169471,2
51267,14
96733,0
164447,17
197410,15
156903,0
43491,0
113991,19
29334,9
125300,0
173490,12
103220,0
164542,9
159681,18
133257,3
10724,14
197238,2
138884,15
11232,0
55143,14
185257,0
165051,12
48124,15
160857,6
19497,0
176510,9
40486,12
124815,0
51089,17
216608,12
3127,6
38008,2
105511,10
153994,15
178837,3
48418,0
4754,17
128617,8
73016,3
140303,8
119288,2
157786,12
156419,15
49951,13
192680,12
31136,10
114073,3
202517,12
37873,17
84603,14
182926,3
12055,1
92931,0
24812,9
190535,13
187553,12
33161,14
146769,0
104834,0
83188,19
22355,3
110818,0
82453,6
122728,2
186170,0
74577,12
55340,19
191470,6
160225,12
76767,0
33568,14
37789,17
118642,3
75863,14
29693,14
186615,9
112454,4
163577,0
105370,13
125727,2
16674,0
47937,12
87702,0
43541,15
82046,3
23874,3
137229,8
98136,19
198374,3
49659,10
59525,8
97333,0
114849,0
13464,14
75326,14
113389,0
80176,20
138896,0
174677,3
192606,15
84855,12
178498,17
191129,13
65148,10
18833,0
114840,0
8396,9
136095,2
54030,12
120980,2
83747,14
8470,14
180772,12
34848,14
116202,15
112029,14
140278,0
178530,0
188252,6
204474,9
111482,9
92549,9
175522,12
179134,6
64268,3
106470,20
52772,12
147994,12
215590,2
67787,10
60570,0
103971,13
55843,14
121351,12
109336,12
45971,17
151760,4
26328,2
192248,14
6410,14
104355,3
111150,9
40311,14
137153,15
201140,9
138317,9
205324,2
186244,9
6709,0
159807,0
105756,6
122553,12
130488,3
39589,10
93044,13
132704,0
174226,12
162214,7
142704,2
167408,2
136047,7
120667,17
50968,0
83346,1
136159,6
66383,0
160029,15
63136,14
90483,13
30441,19
122537,3
67219,2
201390,9
2798,14
53893,0
1922,14
198926,15
166252,1
110775,0
120519,2
156219,0
155377,0
144374,3
125701,0
81724,12
208412,15
81536,19
162527,8
193917,12
19347,12
141089,8
107874,2
9214,15
25277,8
89681,2
22965,9
88699,2
7305,17
142501,12
27899,2
91089,9
207167,12
120078,12
118322,0
115381,0
79510,18
2310,10
170382,0
44038,0
150535,0
151918,12
182349,17
22666,12
6483,18
209258,9
128195,8
146476,15
208662,12
44550,14
158175,6
129087,8
210916,5
115821,12
136010,9
62850,19
142904,0
159005,2
108864,0
44345,14
168419,9
191594,15
209166,8
50328,15
139571,15
29302,12
123210,2
54972,12
104942,16
104061,7
103729,12
135128,16
60537,17
136369,15
124122,0
79507,19
26616,4
76112,14
54246,14
39090,0
106858,0
13784,17
211901,6
127877,13
211899,6
210584,8
140315,19
137827,15
145168,6
199748,2
156127,6
210586,19
107846,17
184393,15
196683,0
152102,0
177695,6
49000,0
24725,16
40096,14
89630,3
186647,13
135190,0
112665,0
80266,3
29088,6
33435,12
36768,12
46514,12
92747,19
202714,13
106996,3
71036,14
1404,17
70891,0
172288,12
199080,16
32420,10
84269,15
63490,18
165678,0
105567,15
145910,10
59539,15
143125,0
215258,15
107497,12
125214,13
5489,10
110347,20
152193,6
71839,0
22229,0
210885,2
184037,3
148155,3
112573,12
57328,10
21529,8
43960,16
110427,0
196724,12
84735,0
17362,17
42060,0
158720,15
38658,14
34388,16
169800,15
19722,0
2004,17
177019,0
157718,15
171152,4
190484,6
68139,12
153829,10
205113,0
32359,17
137393,0
4302,2
105205,0
65957,10
62982,12
153173,9
155536,13
73804,16
6870,0
6081,1
142709,3
110645,0
151019,15
52359,0
182746,8
80439,14
212668,2
77607,6
147016,3
86015,0
215819,0
23432,0
180128,8
55257,15
3567,3
153355,9
22184,0
78262,10
14227,0
107793,2
119405,0
25467,19
208485,12
172109,18
192004,8
214881,17
202050,13
88501,0
155178,0
202247,12
34592,13
211914,2
56836,6
21427,15
154169,0
71130,17
118330,0
158181,6
137275,0
119482,2
110539,0
39772,14
29463,0
140997,0
179647,12
209315,0
58513,14
116302,0
184539,12
7585,19
139575,17
143600,2
56322,17
40044,3
127721,0
147192,12
28211,17
177195,0
136950,3
34613,12
10572,3
170518,12
119674,12
23377,17
64843,0
43644,0
145628,0
109762,0
52164,14
166555,0
88909,9
75697,0
156671,9
210538,17
80006,0
43365,3
67869,14
167154,12
40672,15
65817,0
115167,2
628,12
207134,6
146905,8
91110,8
95578,2
178861,9
110007,16
119800,6
157840,0
193277,0
82144,12
66775,18
76910,17
147181,12
137653,0
215217,12
27348,20
39676,14
53510,17
498,14
31791,2
118799,12
34999,12
131668,2
92466,1
137432,0
177457,2
18015,14
7409,10
115219,17
13723,0
199503,1
136554,17
107644,4
195564,15
47460,18
61355,10
84094,10
58686,10
66810,10
208312,12
81089,0
130038,0
91131,12
22125,18
96287,0
147555,15
107378,3
97620,0
126516,0
92778,12
34602,14
15341,14
95380,12
116826,0
141701,0
92389,0
62154,10
132377,12
200838,9
15866,0
141352,6
2458,15
43251,12
72554,8
68939,20
96668,4
12838,17
94009,0
18761,2
87056,14
125448,12
163620,12
199112,6
4484,0
184789,13
10745,20
194964,2
162316,2
192842,2
69718,10
168030,0
95325,6
122016,18
173616,12
212629,16
166948,12
121244,0
152171,16
111891,0
138671,17
111645,12
120392,12
13824,3
61230,15
69433,12
62138,19
164269,0
118298,17
99695,0
66000,16
43489,10
27672,8
111653,8
147233,16
34887,18
38305,14
70831,10
71604,8
194848,13
28655,2
54330,0
53952,10
94043,8
70690,12
24672,12
54820,12
216915,0
17341,14
48712,8
1916,17
46765,19
92948,6
96209,0
25357,12
165607,0
88377,6
190072,12
47638,2
41099,15
194700,3
120180,0
95958,12
56332,0
89882,0
163969,6
112952,2
74962,0
74144,14
19381,14
137821,15
116106,18
41389,14
193239,20
168774,0
197264,19
215871,12
12780,17
182556,12
189403,6
170347,16
84906,8
68157,13
108180,0
186100,9
134046,15
141967,12
69888,2
4530,0
154848,0
58770,19
74908,15
113107,12
179816,0
183104,20
75986,17
153056,1
78784,17
40749,0
121156,0
119039,15
58408,12
24514,20
196486,15
168457,8
26421,17
146897,0
159996,12
80046,12
129620,1
176820,0
69650,0
7826,18
31274,12
59902,14
27633,0
57289,4
169677,8
114741,0
167954,6
48043,14
31889,17
162423,12
204778,6
158189,3
208476,15
156782,15
159491,16
2097,2
68552,12
143567,2
148216,0
25677,14
209671,17
200851,0
153919,3
9654,0
154236,4
11683,14
12489,14
69094,10
192810,15
190650,9
70390,19
31978,18
108877,0
58729,14
107631,0
216479,9
199241,6
74362,17
131117,6
206383,12
156043,15
22793,14
112101,9
111147,9
203659,6
136399,17
113775,3
94878,0
87874,14
108362,2
215556,12
164408,4
158490,3
140964,9
159068,0
192454,12
190469,9
6543,14
6243,0
182470,15
151341,0
60276,12
95694,0
16094,19
176370,14
113588,14
66076,17
15607,12
209558,2
67538,0
104197,0
66498,14
65014,17
210296,0
103279,3
158101,12
182540,12
71801,17
95250,11
66143,17
171544,3
163998,12
187410,12
121362,15
130066,3
84052,15
178532,0
200124,6
86865,4
21629,10
147558,15
50159,15
405,14
72778,0
171839,6
86664,9
17140,14
84141,17
70392,18
130097,12
91567,13
185309,2
213020,12
31643,3
131518,6
98133,18
31954,12
114529,0
131294,0
60832,20
11815,14
21949,18
112001,6
170219,12
110078,0
59247,19
94743,15
142733,2
80756,12
96476,6
146837,19
38532,19
199386,17
23286,6
38674,17
113456,19
106154,6
164206,12
23882,0
171395,8
207679,0
24086,14
31562,10
94977,14
164713,0
152040,9
2192,14
140609,0
79187,17
51823,0
162627,20
216384,2
56337,0
91376,12
161933,8
88338,15
74549,14
19821,14
21550,14
33608,2
150812,9
190122,8
119724,0
56387,0
4268,14
214382,12
69872,15
124608,12
131026,0
44700,0
24458,14
143969,0
135007,15
105574,15
202021,3
135453,12
134823,6
30597,8
5132,3
134814,8
24123,18
81378,17
86843,19
55439,0
148783,0
186490,9
8388,6
5969,19
23506,12
4841,13
213035,15
174149,15
204615,12
93059,0
48922,17
46265,14
211978,1
54842,12
215011,15
195735,2
198281,3
41707,0
135993,15
75145,12
198058,18
85896,18
145544,0
32866,2
18179,14
127726,0
172511,5
203918,17
183746,9
198719,12
199918,6
209119,1
37861,16
153243,0
85984,2
1679,14
23865,2
31065,17
19169,19
7228,14
166119,6
53378,18
154741,12
60454,6
165495,2
77567,8
61939,16
135700,12
38337,14
78921,10
147634,18
48013,0
100520,8
39907,4
205285,11
73676,9
186250,8
200198,16
206178,15
92496,19
212863,15
42216,12
79608,3
70501,14
48851,10
99901,9
56928,17
160603,0
161467,0
46707,14
151207,13
4276,3
9964,10
154629,17
20103,19
190226,12
146093,17
63860,17
39694,17
105038,0
142325,17
83857,0
39759,14
173319,2
172780,12
40620,0
94425,8
98017,8
125152,0
158390,4
44162,17
61750,17
197161,12
214615,12
14218,0
143907,2
133892,8
133571,6
7498,3
124579,6
68126,12
126357,19
151713,13
75831,0
20600,17
121641,12
109862,4
17560,14
66371,0
80724,19
158898,12
12060,0
23888,0
15330,14
100758,17
67512,15
28990,19
115858,17
176656,3
156625,0
196655,19
91232,2
31398,0
3371,4
650,19
68774,2
154863,8
21360,12
148136,2
54607,19
157596,10
139957,3
146600,3
195915,12
72648,0
154904,8
88365,9
101527,2
72232,18
141355,0
140336,6
215537,6
183119,20
116183,17
192527,0
158951,3
165224,17
182983,12
130989,18
92842,8
93336,6
29802,17
183157,0
209640,12
1662,15
197744,0
102651,0
215779,15
82372,19
79010,14
204531,17
31438,14
67848,17
129551,9
21225,9
77801,16
131750,6
78649,10
66446,14
106475,17
172736,12
202613,17
133867,5
119508,12
172394,6
95039,15
81521,14
6840,17
162152,12
152724,8
81043,13
4961,0
181024,20
106584,19
134979,9
172654,15
130302,0
66211,0
147789,0
81647,0
132973,2
152443,0
24341,8
142626,0
156097,0
63534,10
17316,10
154996,4
123244,2
120092,13
42693,15
112247,8
175061,15
128428,19
132877,8
163750,0
134694,3
68096,0
37556,0
174053,13
41102,14
121870,17
179797,12
1275,3
115786,1
118165,12
124889,0
134564,0
91704,9
191767,2
120032,4
203330,0
214302,0
111030,0
116481,19
73322,10
160398,0
151364,6
167270,16
2133,12
60909,3
199596,4
34851,14
109245,17
164058,0
192732,2
5780,0
94563,9
173315,2
132806,0
182987,15
91054,3
13387,17
66492,14
65464,0
49988,19
90415,10
27063,19
142,14
69493,17
34256,6
59288,3
201103,8
85339,3
158350,0
215547,12
50535,9
114598,12
88764,9
83047,0
111206,0
113459,16
34960,0
111062,0
69749,19
113840,0
47521,0
152845,17
101638,2
18557,8
198218,6
185105,12
54429,17
140223,0
188534,0
8460,12
107987,0
146055,3
154832,15
187709,12
80438,19
103051,13
98582,12
189656,6
140078,0
162793,12
168000,17
62894,10
119540,15
48807,15
162551,15
28401,14
37261,3
33904,14
133831,0
95701,2
137255,13
173348,12
208817,6
107247,0
171417,12
39012,17
95219,0
178902,12
15200,0
1631,12
168208,15
179598,12
103249,0
107123,0
129853,13
46612,14
187209,9
126180,12
111778,6
22998,14
216161,19
199618,12
114935,16
52440,10
4058,2
177563,10
159383,15
46057,14
161483,6
129412,6
77874,16
4347,14
174288,12
144268,12
59814,14
69551,17
199403,9
36993,19
109643,2
94742,15
139528,12
66621,4
47024,14
216066,0
47869,0
155694,0
168880,7
28099,14
144125,6
159882,10
184682,3
130573,15
189066,15
46509,12
106769,15
82528,13
71541,10
81677,0
57456,15
91358,8
37444,0
24430,14
89764,0
65603,3
127869,2
182110,17
79700,6
193585,12
29421,17
122594,15
190744,6
58524,17
51944,12
99814,0
78814,6
54066,17
66709,12
216109,12
120891,12
146728,12
41286,14
114662,12
119015,10
64055,18
188869,3
143211,8
3976,19
176519,3
57492,14
73733,12
211691,3
115377,0
97039,0
150549,6
8157,19
101377,8
56123,9
71616,12
18472,18
123224,0
89009,9
158684,15
125715,4
25030,12
5631,12
75755,19
79342,17
53742,14
86071,6
60857,16
57051,17
808,12
194537,3
48022,17
80671,16
74053,16
44408,3
29419,17
108254,0
20218,12
150837,16
83591,11
162958,15
166584,12
35701,14
127689,17
135855,0
41244,8
168784,6
19463,20
128202,18
140270,0
30112,20
137712,15
38737,14
17424,10
136678,0
193511,12
213891,12
36466,19
172509,6
86085,8
97768,2
45198,18
204284,4
134919,0
107080,14
165999,8
90644,17
42068,0
1718,8
145022,13
178043,6
50940,3
200706,0
31494,18
201355,13
148560,16
124090,19
78338,19
20381,17
22493,0
5854,3
129862,12
145829,6
210563,3
153901,0
37356,8
140991,0
73601,18
188951,19
98440,3
54518,14
42546,10
19684,3
158376,8
143426,16
178294,20
167714,0
150146,0
2508,17
44035,0
94079,20
110540,0
196320,3
64594,2
169299,6
3667,19
94636,0
2577,14
73597,18
34014,0
189309,12
101710,12
82233,0
14005,2
93308,14
40216,17
156374,15
153104,15
14615,14
141598,15
50862,19
159102,12
192765,6
116916,0
57632,14
178874,6
195226,0
200383,0
196521,12
87303,12
144521,0
207188,9
193741,12
101312,15
145227,9
29754,18
29545,15
8329,0
97992,0
111654,8
122812,2
164916,0
212722,12
172224,13
28685,3
59646,17
211084,12
161603,6
83228,9
142449,0
110044,0
178956,12
108579,8
40358,10
115894,2
56660,0
39312,15
171036,3
115308,2
7697,13
19055,0
202705,12
123818,9
6923,14
109354,15
110922,9
30937,8
84352,6
169761,2
11194,0
21661,9
51349,0
74698,0
38200,17
45325,12
69494,18
16271,15
123181,2
18453,12
145312,0
206533,13
133210,6
207535,1
4551,12
175447,9
204289,6
191205,9
168769,0
79294,14
99197,14
123796,12
119217,15
86653,10
41400,10
135765,0
87886,12
126925,13
12930,15
192062,0
62790,2
7758,14
118581,2
186444,8
186634,17
142532,15
5798,2
22320,1
5496,10
65006,19
1317,14
205440,12
193995,12
85404,16
187807,9
50718,12
78451,9
29257,17
172408,12
59011,0
125329,2
142917,6
200419,12
193581,12
143666,17
150396,2
141622,0
111543,12
198031,7
199264,9
49301,19
184046,8
131601,15
131764,1
89290,0
22045,19
42749,17
125608,3
68135,12
112696,0
82374,19
6073,0
4610,2
152785,0
75695,0
150099,4
72727,17
167415,6
154273,12
10606,0
124626,13
150915,12
171773,12
130716,9
97195,12
32770,2
78872,12
38476,10
128452,0
212639,15
164648,12
121060,17
33440,12
121173,9
211533,13
180221,0
78396,0
196449,12
27810,3
154763,6
73576,20
44397,3
91096,9
25582,17
82389,14
11616,17
101512,1
149224,13
49950,13
155520,3
11034,14
107469,0
133726,0
92016,0
12330,0
200481,8
126718,8
191488,0
133607,0
12943,14
39616,15
77177,0
210105,4
5207,6
57828,12
75553,0
114469,4
195206,15
207592,1
5276,14
179869,12
206924,12
102774,13
38732,17
43407,9
55850,15
155942,13
40595,2
205548,7
100523,3
97609,0
197319,6
75039,0
84403,14
216894,2
137304,19
80761,10
107116,0
13907,14
91775,9
53544,2
107558,9
1268,0
4382,14
23654,0
94107,0
147013,3
47150,3
144263,12
82668,10
91294,15
97142,12
53985,12
25443,0
32886,0
41206,0
67506,17
46423,0
65208,9
169739,0
42349,17
77343,15
50802,14
85592,0
64943,14
31922,13
81605,17
101378,3
66765,15
182410,6
122494,0
38360,9
126673,3
20054,12
32470,14
148883,9
52763,10
92595,0
158146,0
69628,0
60009,19
70894,2
84506,10
192716,15
47349,12
175791,12
177055,12
11204,10
178727,5
45966,10
30627,14
164625,3
79503,15
125082,0
110338,15
48244,8
25180,15
207249,2
68062,0
186932,15
110507,16
119279,2
7922,12
198403,12
72655,0
119843,15
157725,0
207873,12
212980,0
180435,20
141344,3
51666,13
81628,3
54056,17
197371,4
49734,12
92149,11
33714,2
81714,12
57700,15
66856,17
44149,14
111428,0
35535,14
191953,2
162766,2
211275,13
179666,9
114906,12
7478,17
174046,5
133175,2
161209,0
59069,14
76654,14
81036,14
143393,12
78562,3
190784,15
101168,12
167100,18
194175,8
51255,14
101579,9
139369,12
26911,17
42698,12
73193,17
196102,17
122896,15
73487,14
203703,17
125873,8
36349,14
138309,8
36822,19
97517,12
182587,15
53028,12
196460,12
82765,9
14934,16
76710,14
3246,14
150600,0
75061,17
68280,14
66661,0
145946,0
73751,14
129102,0
214599,12
47126,17
178168,12
114575,9
2678,2
113736,6
155563,17
8728,10
152807,0
21537,19
19710,0
201379,20
27657,14
214360,0
68227,14
206653,15
128461,0
81034,14
141608,8
171535,12
197088,3
115431,0
155804,2
164311,12
169167,8
74262,8
167873,12
62645,0
180206,3
123734,6
157510,19
48514,12
81789,18
205076,15
129611,6
45621,14
66736,10
198563,6
199823,9
94780,6
158620,12
22321,1
124610,12
117669,16
72071,12
79054,15
122533,2
150978,9
25943,17
579,12
63940,2
189618,15
20277,19
50620,19
73432,2
137097,3
88294,9
64379,1
27612,0
106964,0
113104,16
159799,0
214024,6
190158,19
167274,9
186565,0
178414,8
110800,0
13265,9
210332,12
142869,15
15972,10
112943,3
63906,0
21347,18
166238,0
107182,16
106971,0
189584,13
5488,10
184487,14
136885,16
93321,8
191383,0
36726,2
74127,3
87984,12
207413,2
132246,6
151427,17
123840,19
180784,11
94155,17
141221,0
99874,0
41733,10
80243,1
126736,6
163773,2
61689,17
136409,15
172811,15
34928,17
200402,6
14959,8
183152,0
208789,6
159423,0
176070,19
53593,9
216180,15
38158,17
95957,12
129577,13
76392,12
14026,3
174574,0
111774,6
4124,9
164608,6
173906,2
112457,17
130789,0
63854,8
194348,8
203100,6
5580,9
96027,12
194682,2
136573,0
64876,8
193904,12
124012,2
106750,14
138624,0
139326,0
200918,13
84423,12
79854,3
202112,13
102146,18
175412,6
118093,10
54363,4
146801,3
176841,3
75890,17
128290,12
165382,3
110148,17
19009,0
180176,16
32368,17
177566,9
140502,15
137179,0
81372,15
108668,15
108625,5
124301,0
10519,17
100541,0
143205,15
108634,6
33854,0
77887,19
42945,0
135834,13
81223,12
30773,15
183816,15
140721,12
169294,9
123070,15
52836,14
14745,2
19413,2
20688,15
176943,1
14275,14
17195,19
67067,5
26368,10
37154,14
171405,6
14820,10
150254,0
192605,15
161369,0
208348,15
52520,14
24273,0
144082,2
153401,15
171043,0
47310,0
155668,15
130748,10
54028,12
56460,10
203079,3
92711,12
186494,9
97023,0
69102,12
89380,15
41085,15
108956,0
137837,6
80087,14
191038,12
116334,17
195805,2
63910,17
82105,8
196309,13
141694,0
69454,12
24963,12
814,0
7867,19
14700,15
10132,18
43817,3
93159,17
55443,0
118733,12
134764,12
6121,10
200287,15
51106,0
41297,19
71948,19
214637,12
81884,15
170514,9
4522,19
82620,18
139409,17
193485,8
161135,15
189669,12
109800,19
146079,9
151541,12
154598,15
169819,2
48970,2
118372,6
156110,0
89710,9
98381,0
2099,12
55964,14
158188,0
95615,6
77101,0
216168,12
131321,2
122007,4
167944,8
205776,12
198156,15
27074,14
158503,15
116995,19
112456,4
82891,0
84649,20
168272,6
163131,12
198194,0
157746,0
176556,0
146732,12
99206,6
98332,17
130005,19
180662,15
183924,15
200416,6
12972,18
2233,17
19293,17
45670,17
158562,0
167659,10
185459,0
18485,17
42815,0
28089,2
185827,13
211193,12
121057,19
170310,12
171024,15
197253,9
215320,13
88986,6
122157,15
24593,3
65372,2
97349,3
158580,0
119862,0
8632,17
165152,12
122564,0
129077,16
76166,14
214038,0
10383,0
194033,0
21502,0
47704,14
28522,8
214045,6
37008,17
140460,3
182268,2
42412,0
152296,15
202002,15
183274,0
5229,10
214288,12
168448,15
77464,17
107863,12
71727,12
48799,4
190437,6
199115,3
121438,5
157871,6
70992,12
24352,10
160286,0
179809,3
49879,9
140204,12
69529,14
145163,8
123166,2
208617,9
32277,17
82628,17
120424,17
141929,0
94801,8
200352,12
54491,12
178937,2
151416,6
3283,16
141899,12
106530,2
8857,14
210111,12
187231,9
113869,9
191243,2
126707,0
52188,14
131449,12
191991,12
120380,0
173443,16
128437,16
127356,15
15157,12
26297,16
153422,0
27212,14
99457,2
53199,0
87880,12
101146,9
48920,0
79651,4
43334,14
37399,14
43435,19
102906,10
27690,15
204787,12
34052,10
67651,17
72693,17
67771,0
192037,15
35330,1
121265,6
157389,12
129173,15
53469,12
42562,17
132728,2
49448,10
172649,16
187003,9
31985,19
94996,9
80729,17
47601,12
184335,0
178505,17
44900,0
202660,0
189216,12
24710,10
48009,0
149211,17
48346,14
138953,12
107641,3
103383,20
25213,18
79162,20
94946,8
18327,0
190005,8
71652,17
109404,6
163688,4
145994,9
35857,16
131300,0
96623,9
112979,10
85714,2
28944,14
98300,12
115199,18
15904,19
14469,0
90113,7
19597,0
81537,19
112075,0
78116,17
205399,15
214674,15
194802,12
85304,17
35511,15
177250,0
6542,9
186785,9
47771,17
58377,8
170308,12
184815,17
183214,12
137413,6
56,17
142344,0
73921,12
178338,0
102950,0
49958,17
18945,0
84675,19
144950,0
11796,18
213824,17
122075,6
58484,14
108922,19
22571,14
106356,19
91437,0
33599,2
98508,0
39848,0
50966,0
29861,0
152688,4
40229,4
83394,14
175877,12
163284,4
101572,19
96211,0
142902,0
216357,12
203662,6
104640,9
174265,12
108846,15
141525,12
92644,12
95290,14
103893,0
18633,17
197164,0
6031,3
183978,12
127395,3
186631,8
76822,12
173790,2
55145,14
52944,12
147268,0
85497,14
100427,0
177097,2
13660,14
32152,14
193171,10
164902,12
60593,12
59408,14
11072,14
72056,14
95932,2
214529,12
134591,2
89248,19
149172,2
8543,15
194479,15
125939,15
49994,14
5045,3
88329,14
181988,15
154968,0
35360,12
48941,17
32777,14
66804,12
192054,2
20677,14
113876,9
2237,18
65705,14
177317,15
79125,15
171354,0
59374,10
138541,6
42491,12
194272,12
73874,0
57173,0
199630,12
122267,3
16704,9
153315,0
1591,12
22068,2
54298,12
196865,6
96181,11
75624,10
23752,14
179400,0
104201,1
75558,0
129339,12
83337,17
197291,9
179185,15
150451,17
9720,14
140702,0
209708,14
167309,2
58069,2
130333,3
215575,15
215490,13
64135,1
90080,9
105527,12
176306,12
119744,2
126471,18
172055,9
51867,6
201219,12
28269,0
12079,10
148198,12
58077,12
44894,17
216231,5
23821,18
51856,10
188198,9
102625,9
21219,0
114789,9
94423,17
128495,12
44747,10
209788,13
152822,12
176484,6
66307,14
37332,12
17563,14
67660,2
100641,19
55834,17
212043,12
90442,10
28400,14
81186,2
179896,15
164334,12
14836,12
37862,16
1385,16
161266,2
96067,2
196508,6
167498,0
138571,12
80068,15
21489,2
210444,6
108270,15
69618,12
13444,12
4745,17
204820,12
8114,14
215864,12
22252,14
192109,9
209974,15
20416,3
126604,0
214754,12
7828,15
77695,17
212708,3
135761,0
33358,6
102761,19
127500,16
112957,3
179744,3
139354,2
188435,9
78897,13
203797,15
154089,9
103694,0
13563,3
187640,15
22055,17
43546,13
174426,2
175981,15
91711,12
204987,17
171170,12
29230,12
88752,0
80776,14
160915,16
174247,8
211411,12
141531,0
112039,0
190112,0
114948,9
146087,19
133321,0
3176,9
42339,17
101706,12
203492,0
201134,3
129230,6
60817,18
138368,18
137783,12
211112,13
194673,0
11250,7
64221,10
116566,18
58663,1
71186,0
79672,13
199161,15
209980,15
92546,9
133468,18
28027,14
130659,12
16760,2
51078,19
175648,17
158234,15
139787,0
67645,18
189123,8
111480,18
123586,12
52077,0
112522,2
57778,14
196305,15
200672,12
24688,9
117381,0
43330,12
173841,0
76087,12
36798,17
191714,3
179486,16
77261,18
81803,3
8373,12
198978,9
183280,0
24794,3
132089,0
71469,0
55386,17
143104,0
177427,0
148889,8
100993,20
128358,0
58279,12
196364,16
134540,3
53595,10
19828,12
63823,17
100057,3
196167,2
89657,9
188234,12
107795,19
138284,0
20617,0
92941,8
15346,15
50668,2
92903,14
104750,10
5623,12
22629,2
159893,16
183504,6
76705,19
60824,18
173221,12
73080,0
17644,0
210453,12
131371,15
148466,0
88067,19
47625,17
193219,3
10608,0
7788,14
49647,0
16465,16
44084,3
119563,15
1277,10
198008,2
80117,14
86665,15
202184,15
79775,5
74019,5
112098,8
144221,2
184720,12
187411,9
28686,3
63583,14
42239,14
204238,3
64959,14
2265,0
37715,12
175019,9
12804,3
166140,16
197930,3
11753,14
167645,2
191775,12
123271,2
193774,13
109161,13
181975,12
136447,0
173594,0
9055,3
110458,6
62293,15
114727,0
5070,12
24034,0
106418,9
120310,9
78327,15
55854,15
93027,7
56346,0
199694,4
27167,14
9333,19
34264,0
133147,19
58538,14
160610,0
139025,0
216007,12
23577,9
22362,12
125679,9
175139,12
180268,15
714,17
151404,6
180907,15
53056,18
64777,18
24077,14
215307,3
29114,0
177302,19
163134,12
83142,15
69211,0
159816,0
101944,12
15622,10
76679,14
82048,4
131378,15
25933,19
145421,0
5888,14
40914,17
127912,15
344,12
1316,14
48976,3
80806,12
215606,0
121884,0
32159,17
139340,0
216899,2
83562,19
55438,0
123743,12
101187,12
67261,10
46322,14
86334,15
126684,0
15687,15
135,17
149301,12
175323,0
58096,15
64790,18
176825,3
56087,0
12564,19
22288,19
187338,0
71379,19
214626,6
84988,14
216593,2
67239,14
115048,3
193635,0
93373,15
170747,0
146179,16
16908,0
5977,19
72115,16
81576,17
131459,8
159714,0
98721,9
82021,17
56934,0
63812,12
46749,17
36454,17
199740,0
160335,15
144038,15
167895,12
182441,12
41445,14
43025,14
212199,2
118723,19
54476,3
98918,0
54146,17
173733,15
98274,6
74163,12
210042,15
202333,9
105963,6
184912,17
139353,9
85406,16
89122,4
124687,13
87241,17
152984,15
212737,12
212611,12
26146,17
22876,19
92138,9
19959,14
202936,5
59478,0
91120,9
127035,9
198834,8
164158,0
74885,9
41011,0
72446,0
112692,0
135246,12
160677,19
30091,14
182207,14
94273,15
125763,12
29458,0
16366,0
167202,15
1313,14
58118,14
186648,13
149665,0
23799,19
211235,3
57213,10
34391,12
203602,3
86211,0
105259,12
55511,4
115649,9
73141,10
41441,14
52786,9
30625,14
132709,0
28331,10
211140,8
158977,2
68276,14
213189,2
182162,0
171176,15
49766,17
197504,0
135887,0
68277,14
172751,0
108647,2
153695,12
90447,16
89053,12
34896,14
73021,2
120611,0
214337,2
636,14
18599,14
103748,20
34001,2
130374,12
148142,6
39721,0
180968,6
10485,15
171504,12
182461,16
184477,17
151253,0
154415,0
112613,16
67350,18
46799,0
172772,2
123173,2
6131,10
130534,14
216584,9
80804,12
12271,12
186958,7
112441,0
73718,14
77727,0
194095,18
185688,8
136580,12
152206,0
149788,0
17834,0
131636,0
93048,17
44645,14
209808,19
59514,12
55567,14
160076,6
104138,1
99758,2
33081,2
4248,17
205182,17
175084,9
21482,9
94533,6
177095,2
46804,2
197278,15
201153,15
162740,15
141070,12
186099,0
164994,9
97512,12
214890,15
24572,2
44388,0
20337,19
210016,8
118205,12
11208,12
141457,17
208506,6
192849,0
195619,2
59864,10
150026,0
171944,12
35126,14
180191,15
176864,10
112848,0
183328,15
128941,0
140447,0
14943,3
6486,14
213979,12
55552,14
18753,0
168512,12
169736,6
35057,14
186008,8
23586,3
15117,0
62891,10
49912,14
134852,12
180403,12
192954,2
107210,6
29554,19
183080,12
104718,12
91794,15
97178,12
192210,9
158771,6
98909,0
23875,0
46900,15
120802,0
163655,9
24189,17
194251,12
175302,16
129486,0
157995,13
60671,17
179131,0
57174,0
138114,9
22858,14
47626,17
85010,14
186981,0
187516,9
154509,0
52071,0
66943,12
27397,2
132276,10
183991,12
96899,15
75541,2
16466,16
106434,7
57201,10
168794,3
92038,10
125736,13
124391,3
45481,4
192618,12
27304,14
42419,0
208390,6
47840,4
67425,10
94441,0
131403,0
92403,8
22978,3
209828,2
118475,1
213863,0
109179,15
120561,0
138353,8
214950,12
15348,14
70251,2
13832,4
104286,12
178396,16
206911,9
140541,0
157534,18
99734,2
103006,9
122391,0
159972,6
9882,0
149560,12
114135,12
74814,14
78756,19
16347,0
87266,17
206774,0
186563,0
87619,12
196892,15
115366,12
62642,0
46755,18
22631,2
205313,3
206615,15
69461,12
122386,0
83260,2
154464,6
83126,8
158824,15
106377,0
110657,3
49344,17
134547,0
30075,17
2502,14
83284,14
134481,3
6980,15
51474,15
184727,12
101801,3
146767,0
120672,16
33075,0
164895,12
35835,12
8466,14
51281,14
26117,16
32124,14
52808,15
69634,0
185784,9
34396,0
147200,12
48610,0
77066,19
200278,15
185457,12
202338,15
119532,12
67411,10
211785,0
20315,9
141190,0
172940,2
63077,0
124778,19
202081,2
49614,15
119698,2
187801,8
193346,8
71795,18
23194,18
162765,8
153743,14
103042,12
26861,12
115485,0
160158,0
62921,12
58355,17
83454,3
36278,3
49635,0
120224,9
117784,2
161352,15
2243,14
72011,0
643,14
91036,3
184561,15
63343,2
152539,13
214312,15
135944,0
163602,6
39820,19
168571,0
156821,8
195184,15
37931,18
98740,12
123316,2
13488,10
133868,0
171928,0
9800,9
149749,20
174002,12
7673,10
38817,13
38699,9
76927,0
191173,0
184239,6
169586,12
165711,6
137931,15
189540,6
25156,10
101381,2
142882,12
193625,2
200286,17
95633,8
90388,8
18982,17
84170,3
188792,9
160517,6
159533,0
150823,13
185142,0
200768,2
207824,6
182013,15
209489,3
179118,4
197759,3
28442,17
41941,1
71482,0
183820,15
56640,14
1181,10
207717,12
11487,10
133926,15
184227,0
23357,19
115985,8
140850,0
45755,9
38261,0
105725,3
108147,9
202213,6
48584,17
162529,8
98883,8
81477,15
149958,0
184563,15
153141,0
75408,14
207697,9
178899,12
144549,12
208466,12
47760,17
191634,6
39319,14
109870,12
58594,14
157585,2
214709,2
187991,15
107520,10
69889,2
117361,0
168824,19
87902,15
34338,14
163314,12
175406,0
101768,6
50249,4
144781,12
66524,18
114534,0
35020,15
149771,6
56526,3
165149,12
150605,0
127977,6
162980,0
146013,15
74935,19
114999,0
42559,15
79201,0
149766,15
79930,14
95042,15
159709,0
181177,8
57206,17
183002,15
190049,2
9464,18
187593,9
35718,14
178537,1
183769,14
62927,14
91783,20
190768,17
125767,6
167571,12
97185,12
160671,12
58912,8
145752,3
29188,10
137978,3
152346,3
88340,15
213595,9
3292,17
173191,6
132283,8
172423,12
61221,12
27636,0
165293,12
108886,2
8312,14
83595,8
96813,18
199708,10
91474,12
181230,16
34633,15
139969,9
211972,2
149207,17
179164,12
122194,0
54123,0
190138,12
80288,0
87344,17
137903,12
155115,3
112238,0
172313,12
68707,12
152201,0
116664,18
40392,19
92137,2
17670,18
54443,17
75491,18
36484,3
110226,2
61875,14
34565,9
188644,12
143918,17
192401,2
178842,0
183613,0
82129,14
100774,12
130858,9
49199,8
200205,15
184057,12
13661,14
162922,6
171983,12
90229,9
92074,0
50835,14
186639,17
27914,2
132564,15
47509,0
41356,0
20393,12
103877,0
154856,0
133155,16
13089,10
193223,12
28683,3
196109,20
112646,15
116097,15
167887,12
169409,8
14961,0
159574,12
112449,2
153190,12
171258,10
118569,0
56829,3
189776,17
158379,7
67370,0
55097,14
91883,15
54838,0
170670,7
9379,0
153928,0
57656,0
165196,14
96882,12
206288,3
14282,14
145023,12
47180,0
48817,17
17920,17
1266,0
198531,0
198494,9
159943,7
177528,6
65277,8
176910,0
16210,14
135705,10
85368,14
46478,0
91926,9
118671,3
22364,12
145986,12
1122,19
153924,2
171695,19
17830,12
71462,0
101574,19
90093,8
2035,2
122345,12
157238,0
64413,10
170150,14
44323,14
213522,8
143229,17
126232,13
148884,6
152916,6
20407,1
33062,0
90942,10
92858,12
131069,12
210984,8
6480,19
182785,15
83945,11
211026,16
58878,12
21285,3
95034,15
71611,12
10017,18
182454,16
49686,14
100597,2
203356,12
4531,0
142371,8
24852,16
149841,0
61962,14
162640,15
80460,20
128782,0
12823,19
2313,10
145981,13
162079,1
87668,16
116303,0
33218,18
40295,0
200029,0
189380,6
149254,3
149144,2
81464,14
61838,0
147437,12
117771,0
182812,15
210030,3
163295,6
124788,16
190262,13
31442,14
58984,17
6435,0
186215,9
34694,14
13858,15
108695,19
57061,18
160113,10
43151,14
24905,17
126437,6
12492,14
190213,6
59310,0
28232,2
84448,0
216942,19
154971,0
172735,12
20710,14
183203,12
175980,16
34936,0
196034,12
86999,20
147770,4
92147,10
204343,12
81058,18
126804,1
81901,0
206093,19
154801,12
159196,0
202591,12
191519,12
142906,6
104388,13
62485,14
64492,17
47161,3
76273,19
176034,3
206553,15
201787,13
174130,8
32190,3
94708,17
198933,6
172694,8
972,0
51168,19
45816,15
78029,10
183634,6
74477,15
26518,0
5575,10
181773,12
98623,6
147467,13
50807,14
144389,13
80017,0
118076,12
198253,9
171545,3
203486,0
167555,12
181729,15
131805,13
53052,15
179469,12
186366,9
189593,13
206715,6
101,10
52402,12
7903,10
90624,9
113598,16
121952,17
69862,14
141062,12
72411,9
130575,15
213933,15
74772,3
216060,2
1099,17
139010,12
161591,6
87009,19
106512,0
139533,12
178195,16
38054,0
68042,6
199401,15
33454,3
55772,13
54338,0
41332,17
55578,18
52066,0
125232,0
193586,12
168287,6
164729,9
96586,17
131471,19
27608,2
131451,12
131631,0
206994,0
141353,2
3701,2
110799,0
106229,8
12665,0
33165,14
198585,17
76022,19
141063,12
74975,13
163557,13
178053,3
24539,17
201952,12
55679,14
144612,19
176833,6
69374,13
154846,0
204548,15
184936,6
180735,0
117866,0
13147,12
188157,9
42722,19
44480,14
171370,2
212387,3
160558,19
47385,0
144067,0
163714,0
48035,6
104309,15
198067,15
175692,6
107308,15
115925,6
163024,12
187478,7
176298,3
175526,12
67076,14
178741,0
198186,0
136493,9
213231,6
39043,19
179212,0
106291,0
154040,3
8497,14
39427,15
61049,17
97315,9
142691,0
142781,15
9903,12
64162,2
23,14
181722,19
32164,18
34159,19
188925,6
55407,0
133894,12
150690,2
121679,20
13953,19
180536,12
7894,0
47107,15
172794,9
183267,0
162216,6
55224,8
147676,0
200174,9
124759,13
93643,12
22411,14
82822,17
191373,13
1484,13
180033,3
149798,0
20488,10
10542,17
13235,10
106294,0
19740,12
72270,3
138302,0
155768,15
214224,0
111686,18
5044,3
82599,17
84909,6
58375,6
10091,7
70203,2
110191,15
125452,17
69349,12
62122,12
88381,9
18125,9
41076,10
149854,12
144204,2
18909,14
15344,15
169112,2
14127,4
176552,17
182753,6
88012,10
142836,0
209309,0
92346,12
108692,20
211816,12
27302,14
153005,0
6759,4
201185,2
68406,14
5524,14
109299,7
70746,19
125724,2
75285,1
152856,16
79421,7
101736,1
44425,0
135472,0
75301,0
111615,6
54556,12
82176,20
25490,18
61859,14
116090,20
190521,19
180883,12
212051,15
187256,9
52701,12
107298,20
20676,10
210701,9
41892,17
69437,12
136653,0
180667,12
147010,0
24624,0
117750,15
46082,17
54070,0
85213,0
163383,0
54282,17
92864,10
99991,17
42623,0
97552,6
215222,15
151327,13
9751,14
58311,14
170680,5
214076,12
148551,9
19004,17
139966,8
19236,14
190956,6
154455,0
14409,10
118760,2
142144,16
33022,17
149924,0
87091,3
53877,0
170930,12
196254,2
5504,14
105253,3
91865,10
87278,1
17941,12
32437,12
98876,8
151142,0
172672,0
27285,18
49336,17
108719,10
4719,19
125336,12
129063,15
209273,12
63829,18
70845,9
91718,17
137114,12
7360,0
64229,12
81794,17
209205,12
27954,10
3796,0
7216,14
133166,15
136647,0
200112,16
61295,17
61119,17
21094,17
58187,17
18358,12
201482,0
109948,8
116668,15
201425,9
208875,15
48546,18
10594,0
146793,9
165435,15
176730,0
110917,12
90090,6
7380,10
2924,10
207191,12
195738,2
4091,0
5122,3
150353,12
111217,0
147340,12
182588,15
186171,0
191320,1
36611,17
52018,14
141874,8
105671,4
78282,6
75529,3
214099,15
130455,0
140173,19
25615,18
166720,6
125268,12
175881,12
22278,17
37465,10
134829,6
116275,0
195093,12
20362,15
115425,12
170815,17
127116,2
73578,20
210302,12
47858,3
118111,15
34990,12
45779,8
67191,9
121928,12
182941,3
35022,14
142681,0
125434,9
144731,3
63709,16
133492,6
111203,0
118338,3
188873,6
3481,10
152049,8
43688,14
115094,10
176171,16
115499,12
152674,0
90332,16
200149,9
147254,11
164326,12
36647,14
6254,14
20113,12
101777,6
33225,19
154919,17
163348,15
174092,3
57649,14
78371,0
79301,14
151972,14
52326,0
148343,2
142601,12
187015,8
213125,12
87279,0
66082,17
102315,12
189552,15
100555,12
84983,0
192176,8
194106,16
116666,17
202662,0
177338,2
146916,3
196533,0
187196,6
187751,13
142182,6
60043,17
5955,19
172057,9
181828,8
71733,6
72810,13
7724,2
98600,17
7245,14
193793,0
96103,0
99728,2
151454,16
55108,17
67721,14
181077,6
89783,9
120238,15
98821,0
77152,0
110196,15
205660,6
86623,17
201710,3
26936,19
138578,9
215060,6
32513,14
103397,15
51822,0
159351,15
181884,15
43744,15
62569,17
176593,12
155354,15
155933,15
178591,18
183985,12
95530,0
164224,12
153777,0
73983,17
24875,18
162487,0
54957,15
67043,12
64225,10
87677,10
91919,9
70834,10
112847,2
94965,2
5741,10
19418,9
174274,0
138655,8
36928,12
140180,15
16398,10
110880,12
235,17
77466,17
71755,16
68481,0
209959,18
69557,17
137531,0
195237,6
164081,8
157687,12
92966,9
57357,6
81214,12
119693,12
120120,6
129679,0
7050,14
117186,0
38898,0
128758,15
198399,13
207321,14
181559,15
62532,19
208339,15
143064,12
32968,12
62646,0
209020,15
112855,3
125896,12
14296,14
216156,17
8736,12
69405,14
61150,17
82898,6
168817,9
6654,17
24173,10
165329,15
116893,15
167488,15
105796,10
43005,15
5527,14
214513,12
107432,0
87913,2
191837,0
193211,6
16610,14
114626,0
68461,15
90657,19
91470,9
193571,12
42994,14
188908,0
179408,0
206516,12
104933,0
212080,2
206241,15
211362,15
129915,0
96189,2
29889,12
65884,0
111810,9
18190,14
211868,8
98165,0
148522,12
35288,10
92648,12
578,12
133320,0
67804,9
169400,12
195601,0
108359,2
47095,19
131404,0
172895,12
114451,3
146166,15
95580,12
83896,0
197916,8
27467,6
94288,10
110519,15
213078,2
175561,15
169336,2
212085,0
169414,6
136290,0
97302,17
86386,18
113871,9
123246,2
207154,3
208543,12
57713,18
130310,8
77629,14
113353,17
40276,0
181192,14
186457,0
123633,0
1071,12
201520,17
180797,17
1754,12
181991,19
32272,19
73306,0
211661,2
172960,0
1045,18
128200,19
133065,0
74250,9
129913,0
195907,12
109913,15
161333,9
161885,0
189802,19
48087,0
166939,3
180941,0
85898,18
112954,2
18746,0
71234,0
34702,15
64458,19
82464,0
60238,14
57152,16
99729,2
43585,15
7039,14
15971,10
60815,18
38940,17
119426,0
188224,15
125595,0
15777,0
27097,17
99562,12
138720,0
11133,17
180851,6
209200,12
41792,6
97932,19
158405,12
185693,9
146268,12
203335,0
173899,2
59076,19
26450,17
86321,14
76168,14
34485,12
41012,3
57792,14
135360,4
3592,0
171382,0
62964,14
54671,3
41370,0
185609,9
71429,0
19934,3
145756,3
94047,0
67556,0
97802,20
134883,17
100075,12
172505,5
28875,0
59627,17
151620,0
160094,13
181161,0
110844,8
106447,10
72285,3
97287,12
57529,15
196257,2
72699,0
209298,15
56270,19
54901,14
193371,15
35709,15
181067,8
86944,14
53267,4
115559,6
163982,3
189892,9
183192,6
116955,10
101029,15
120196,2
155635,12
106132,0
143541,16
207481,12
54147,18
116927,0
175145,12
113844,0
143096,15
149795,0
49759,17
158008,12
182749,7
179248,12
117093,8
129052,12
60362,12
202912,3
125722,0
66846,19
19514,12
50450,17
46984,2
196550,12
123169,2
64937,14
177691,9
107321,13
193328,0
53730,14
130387,13
126326,6
55547,17
112133,19
2166,10
123988,12
48309,4
100596,2
110913,0
143702,0
184346,6
53907,2
22,14
140461,3
53850,16
168050,2
74005,0
70349,2
96846,0
103587,17
181331,3
207840,2
195339,0
99016,12
195484,2
116911,0
64134,1
171486,19
91758,12
28836,18
179294,3
157447,0
180704,15
54604,17
63983,16
48033,8
150180,12
196692,1
195663,12
140259,2
154463,6
194121,6
28532,10
104923,13
97488,8
28058,2
152989,15
98477,19
181750,5
31248,2
101593,13
172569,3
34494,17
211276,13
96736,10
190832,8
180124,7
215878,9
166066,12
22465,15
197613,8
58239,9
43170,3
123151,12
143018,2
117458,4
129104,0
126105,0
196183,0
157573,6
39285,10
36785,17
3628,14
40047,10
200399,3
97925,19
99843,13
4299,0
147956,12
149204,19
104336,3
68339,0
34060,14
194137,2
28343,9
95954,12
131973,0
36571,9
108617,0
91410,17
167838,0
131388,0
12548,19
60508,17
132992,12
13547,17
59915,17
207670,0
101218,1
74791,7
4512,14
189525,2
15593,10
86463,0
32035,2
32773,14
216421,5
44987,14
204355,0
129548,9
86315,14
24965,12
56254,18
153714,5
30564,10
109733,12
195137,17
102781,10
114060,6
169711,12
207789,0
74644,0
114552,0
6523,12
91975,9
147711,9
116091,17
193283,7
128570,0
158277,6
177927,9
159495,16
152755,13
111381,8
19068,0
68377,3
163124,3
156265,2
86492,0
38298,14
51426,3
50552,14
77709,0
107141,6
9057,3
57904,2
2154,10
172934,8
190163,15
26005,3
127582,12
197297,0
178645,8
122605,18
118659,0
163631,12
89611,0
193541,0
188466,8
137313,2
17404,0
158627,15
184799,12
33736,2
39680,19
108790,17
31928,14
72105,17
151595,15
211230,6
132610,6
158754,0
87870,14
77475,19
113163,0
106981,6
214540,19
149354,0
41289,17
104704,0
30993,14
66345,17
149907,12
134520,17
21244,9
134194,0
177630,0
210748,0
64256,8
87336,15
154400,0
161683,6
44788,9
106561,9
183266,0
88480,1
101406,12
200571,18
51364,0
55688,12
71422,18
111177,16
151920,12
19886,0
157978,9
65838,2
73581,18
187352,0
18040,0
169149,3
178438,0
87092,3
161770,0
151772,2
36931,12
1183,8
101180,12
7089,17
53530,0
150001,15
177783,12
22985,14
33084,2
6858,2
63758,10
212645,15
177079,17
203448,15
163953,0
123575,2
33712,2
90177,10
3777,14
49595,19
169860,2
110527,0
128990,15
148881,12
146470,16
61027,14
152199,0
216668,17
187184,9
138981,12
66428,9
62681,12
108455,0
4657,17
141577,12
98611,0
207284,6
29842,10
146734,12
31017,13
199685,6
187912,0
115039,3
172536,15
37351,10
3116,0
153409,12
180275,12
51125,12
2985,18
121690,15
172243,0
72375,10
183114,16
166114,6
199048,13
70391,19
64052,17
80256,0
185823,15
123853,15
170635,15
15772,0
147921,0
186123,9
20199,0
81400,0
108903,15
53819,18
110573,2
121871,17
93450,12
124981,0
104792,20
99649,12
165238,3
138962,9
184186,17
101584,16
168506,3
30932,14
127070,15
109169,12
213786,6
56782,0
141053,0
106595,15
208793,12
62353,0
64846,0
44856,17
33798,17
88958,0
171642,0
90175,12
79562,17
33710,2
70308,2
1868,2
132158,12
128594,2
87792,6
191569,6
45021,9
94167,6
44933,0
126125,3
19368,9
33902,10
64180,0
64427,10
196488,15
200772,19
205072,15
11974,3
189982,17
111720,0
202672,9
128476,6
177442,8
87521,14
198383,8
17817,2
21861,16
178379,9
819,2
93794,10
132259,2
140819,3
105645,9
803,0
29938,15
199840,0
143894,7
215584,6
84451,0
108599,0
3634,14
65848,3
127428,12
9801,16
196549,12
124293,19
59602,17
118969,2
122924,2
192564,2
101223,0
66823,14
9426,14
105584,0
188194,12
63199,10
212111,3
145821,12
20821,3
190494,12
114074,3
71131,14
83213,17
125,10
65750,17
41040,12
202681,12
26311,17
171252,9
82441,2
126242,12
174621,12
154139,3
162104,6
203832,16
178222,1
35949,0
177053,12
187149,9
196744,15
72724,14
118332,0
96029,12
77844,14
87274,2
8082,14
4330,10
2553,14
183679,15
150067,16
156375,12
111318,18
108304,12
117243,19
156898,0
201878,15
11899,0
180031,6
18433,14
56148,14
203480,2
108661,3
33560,12
97207,19
22611,17
41054,8
33036,2
200043,0
59358,10
139384,14
200051,6
17643,0
159263,0
197879,15
82503,0
59971,14
100496,0
132794,12
180437,18
7675,10
9657,0
153369,8
60432,0
116422,15
111998,8
26279,17
196253,2
101530,3
96669,0
6554,14
1672,14
4752,17
4229,17
202809,15
84482,0
10948,12
69664,0
19478,17
125624,0
213989,12
73808,16
45561,0
92920,0
14524,19
153629,6
124297,6
144790,6
125195,12
160279,0
87327,19
107745,9
119777,15
71048,0
137210,12
115585,3
47408,2
160821,2
148304,0
124386,5
113062,9
193396,1
80653,8
188405,6
147666,0
216741,2
196721,12
211564,0
154347,0
113223,12
9905,12
80900,0
57661,3
108812,4
142278,2
6018,14
169406,9
54571,14
12681,0
69315,2
91308,9
158735,9
171386,3
171305,6
25203,19
186342,9
182568,18
208653,9
38884,14
164539,13
101371,6
19187,14
52636,12
136344,0
54878,19
136765,15
66949,12
19846,19
77038,12
154254,18
51300,19
26959,3
99645,12
199546,12
20529,6
3509,14
193645,7
51540,17
40201,15
100106,0
79969,17
24421,14
187454,0
167710,0
76726,17
68661,12
119103,10
97539,0
202883,19
79441,14
131116,12
174663,0
152495,8
185233,0
92099,0
177087,15
33783,16
163285,8
145697,6
139778,0
49292,17
211757,16
167037,6
47503,0
204730,17
56152,14
8844,3
17761,14
167930,0
48256,12
84361,10
101643,0
108139,16
99943,12
28513,12
71255,15
32566,14
195306,15
100056,3
163379,0
135676,3
205474,12
188814,0
38740,1
116645,12
139114,9
120422,12
12440,10
147990,15
144747,2
106558,9
198064,15
164698,0
105523,12
206889,0
80080,14
214984,12
208310,12
106351,18
194909,3
34704,14
188920,4
162060,15
162909,7
52670,19
104065,8
18523,0
147935,0
58159,19
171881,12
45005,14
59909,17
105443,17
18483,17
126942,18
54489,12
83464,0
104082,3
144058,0
79124,17
66897,12
82387,19
4624,14
158286,12
173645,2
114214,12
178904,15
126034,10
184173,15
81010,4
147019,2
46588,12
83429,17
166569,6
113687,8
50828,14
122589,13
150907,12
1380,15
210812,9
109743,15
35307,14
71790,9
120304,9
162137,12
178578,12
189690,0
51446,17
145394,17
131487,12
105031,15
92482,8
184986,0
53433,10
3799,12
40864,16
199789,15
162831,18
106156,7
73073,0
176955,9
113248,0
46456,0
35556,17
23006,14
185517,9
151493,0
152648,15
175652,16
198573,13
37757,13
44813,10
57627,14
168614,12
169583,8
185950,9
6747,3
168877,3
88513,0
129923,0
133755,2
100069,12
130802,0
135803,9
150100,3
133773,12
180013,0
125211,12
55824,14
31678,17
199553,9
3337,17
134341,6
105911,14
85667,10
21498,0
159732,6
106654,0
166477,15
38614,14
133297,0
48093,0
1814,10
137389,0
82776,3
193940,17
77462,14
113951,0
34806,10
202567,10
159232,13
7937,10
3387,2
35734,17
12342,12
188501,14
193034,17
31355,17
756,14
52169,14
78389,3
40442,17
159186,0
37078,10
131657,6
78565,4
94883,6
89846,19
201034,12
165174,9
150509,3
64556,0
122195,0
75258,18
73512,12
195166,13
183309,15
6757,10
205467,4
182079,15
87844,10
88259,15
200417,6
163446,0
37236,2
151297,12
183225,15
198210,2
73969,8
93874,0
132079,12
31612,17
104200,0
7656,12
144854,2
116353,17
41548,14
6000,17
16048,14
70109,20
211626,12
135279,16
196637,12
110305,6
115015,0
164051,0
93036,0
168189,12
192631,2
121997,6
61991,17
48570,15
193087,3
134992,9
56098,12
45034,14
17379,2
5904,15
91972,9
148924,2
98284,12
130723,6
105270,12
147131,0
124831,6
190653,0
35362,15
38336,14
210636,15
131852,0
189127,3
92669,19
213333,12
197281,15
191610,15
171207,0
82016,17
169638,0
117388,0
155256,15
169697,16
198651,4
191066,15
175471,13
68316,2
109235,12
13228,2
50305,9
83899,0
80632,0
154853,0
33612,2
90157,9
133407,0
8348,14
195702,6
82561,8
155497,2
158791,15
196602,15
181931,2
8105,14
133228,8
105061,2
3182,2
184439,6
25999,3
215421,17
166026,17
38647,14
130950,3
29576,0
107566,15
40593,2
26787,1
75351,12
69187,18
184071,12
208410,15
123057,2
147337,12
180746,12
176056,12
187099,6
91684,8
197803,3
181044,0
40318,12
85075,12
129243,12
114627,6
122746,2
178276,13
138479,19
143999,0
43804,10
194051,8
160703,12
113404,9
88758,0
151000,20
75900,17
118353,8
5579,10
167132,12
47595,17
200586,3
93225,0
58482,14
37548,0
216759,6
38356,19
114332,15
185603,8
177064,8
148051,12
216414,3
144533,2
159433,6
6764,8
59359,10
10044,2
196172,2
10182,0
207857,9
4701,19
35671,14
7366,0
116232,8
107330,1
208098,9
1469,8
44112,3
84957,0
10797,0
74639,0
139412,17
124479,0
144463,0
214359,0
158075,6
208176,6
17236,3
43938,20
208772,0
70676,8
176354,3
20944,0
1513,10
12664,0
216751,3
163609,6
124335,9
206177,15
111158,18
163080,0
166822,12
177525,6
51868,6
201122,13
195465,0
215741,12
59307,0
182306,6
59376,10
13576,0
211704,6
13242,0
136026,17
191436,12
193092,15
16513,17
43693,14
148019,0
212703,8
101683,12
188359,18
131731,0
25829,10
69522,15
109418,12
134498,8
160770,12
207820,6
148582,12
45009,0
176582,3
97374,9
123718,0
27736,17
47371,15
34968,0
200115,16
151068,0
123891,0
196869,6
1940,14
15431,19
135657,0
141367,0
139031,0
176996,15
79555,16
112828,9
82065,0
74597,17
24248,17
114616,0
24054,10
23854,0
125620,0
61025,14
43034,14
161235,13
11285,20
160852,8
137294,6
200338,12
205751,8
208314,12
193833,12
148978,12
206672,3
172839,0
125146,8
156564,15
48666,12
109946,0
129499,0
31691,20
212450,4
55326,19
23755,15
3412,2
110824,3
24563,17
210915,6
45819,15
5609,12
14655,14
93597,0
103730,13
104578,6
9349,17
212219,6
191029,3
29172,10
2925,10
191916,12
162286,0
104962,0
181039,2
22934,0
183254,4
39738,10
11466,0
119525,14
6218,10
125249,6
16396,10
29741,14
16081,17
33795,14
44762,14
71758,14
59459,17
110379,3
130154,0
96437,9
142322,15
50180,14
4221,15
193758,18
59422,14
35881,19
117030,0
132589,0
9284,3
122833,2
99885,6
198693,15
98252,0
150687,2
138537,7
98474,10
129383,0
28919,14
39355,14
75596,12
151716,17
114023,0
77041,13
172114,17
28876,0
72555,0
110291,9
140843,19
184585,3
56877,12
10406,2
69523,15
178025,0
205568,12
44685,3
197920,8
26252,14
29402,19
77861,14
156548,6
14931,17
213230,6
55591,14
125703,0
124656,4
19737,12
167502,0
199434,6
176394,20
25579,17
194422,2
110494,15
161080,3
19184,19
96458,16
130015,15
5476,10
198264,17
110483,10
69849,16
190875,17
58323,15
215015,15
175931,0
114839,3
137675,12
57621,2
151038,0
181871,15
109905,16
60471,14
33901,10
154322,0
184384,4
114291,17
45680,17
158914,19
117213,2
157441,0
202664,0
71028,14
189474,12
203969,6
197508,0
63555,2
190747,13
134474,3
91269,9
53134,12
165310,16
140025,12
44147,15
34846,14
2402,12
36613,20
110640,0
141573,12
27809,2
162037,8
88602,17
32138,14
91145,15
182070,8
33839,4
205934,0
72159,14
55400,0
2538,0
135589,2
200066,5
204084,15
192216,12
123175,2
188397,4
87944,3
163674,0
99584,2
116228,0
212837,12
215650,12
89344,9
195624,2
79206,2
155145,15
212848,12
42528,0
131175,10
85990,2
196756,6
200649,9
178131,8
163486,0
4230,18
109892,15
88962,1
131347,8
153222,0
189493,9
157643,0
117403,8
182393,8
4550,6
147220,17
2471,0
133484,15
106983,0
211354,18
162873,0
98148,15
165553,8
131856,0
153075,6
43189,1
35115,0
195633,2
105669,19
27821,14
111160,16
85587,0
78754,17
113086,0
116515,0
144559,12
211715,2
216283,12
202521,0
158047,0
61351,2
43426,12
25035,3
24917,2
106089,0
91542,17
174335,12
132281,9
93328,0
193465,6
194668,1
193617,3
103989,17
156398,15
101213,12
87640,17
107188,19
121983,0
169936,12
170077,0
1165,0
87950,15
119032,19
21127,17
43366,3
112037,0
64644,18
22979,2
89715,8
176767,12
199075,15
61467,17
7369,0
102752,0
103072,10
207952,2
124820,0
36644,6
175530,12
128340,12
70750,19
92242,9
94504,0
66461,14
142817,4
130562,18
74431,10
192892,13
35364,14
39507,0
215704,3
144526,1
97027,0
204941,17
75313,14
51283,14
79387,0
15639,3
100153,10
100917,3
188529,1
176658,9
44335,14
5430,0
42756,1
116891,12
74947,16
167317,12
15129,14
49043,12
186536,12
185232,0
123707,18
43400,17
4117,14
60223,17
148905,2
6322,19
90270,0
160772,12
147129,0
178051,3
58545,17
130963,19
198331,15
145251,17
123760,9
121689,15
19111,4
108190,0
111575,8
77344,14
54649,0
21660,0
98394,0
134510,12
151109,15
169824,0
4949,0
105320,3
135144,15
178456,6
150627,9
181036,2
60994,6
132716,6
76201,18
176023,2
16280,14
40252,6
105278,19
74310,14
95449,9
27432,0
89890,0
154981,6
72095,14
111281,2
106671,6
166814,3
142847,8
110553,4
207280,8
120510,0
95723,2
59966,14
75023,14
183322,12
139901,17
204985,0
203179,0
166288,10
115668,0
123802,9
162438,12
33144,12
101747,0
184568,12
176678,3
83376,6
153174,19
154329,0
193784,3
2217,20
48235,0
47044,14
153352,3
21618,12
100790,2
179431,6
212492,12
30127,17
203245,12
123289,2
15217,12
69376,13
84206,14
182741,9
13014,0
26338,0
15572,0
50079,0
210159,19
5500,10
148226,2
36948,8
168857,2
56532,12
54679,2
181110,11
59606,17
16604,14
188983,6
160554,12
119055,2
32859,2
101722,12
55124,18
189271,12
73130,12
70005,12
196614,1
69807,12
53294,14
212481,9
83782,14
49656,12
110333,15
102767,12
117674,15
42712,16
126588,15
142540,9
39564,12
159835,6
77130,0
197092,2
138947,12
110330,15
105455,0
209279,12
51920,0
175666,8
186918,9
12583,15
113902,13
166406,0
13268,10
155718,13
141370,0
125012,2
211316,6
136480,3
180845,8
137681,9
12304,14
139741,19
202838,2
152403,3
208684,12
146562,15
180840,3
67733,18
41408,10
97518,12
64097,17
127486,9
76432,9
145792,6
132574,15
185560,12
133815,15
72868,17
191330,0
39682,19
46686,11
69247,2
84011,17
213434,15
208523,12
174608,5
45929,6
187308,12
212018,2
23757,15
214482,2
43672,8
44875,17
92206,17
204140,0
42400,0
114689,17
174901,0
26565,18
48504,15
98690,8
17177,16
50610,0
121693,15
12690,0
215629,12
32990,18
48958,17
140442,0
183602,0
42495,14
136076,17
148487,3
36586,10
74521,13
196121,12
114446,3
112611,12
174789,12
206660,15
145552,1
192953,2
119916,12
128268,6
115448,0
163536,12
67213,0
41943,0
81312,13
114851,0
78087,9
191635,6
124958,19
181249,0
120194,4
85375,14
99154,12
108332,15
51443,17
19763,12
105299,0
264,19
84777,0
66798,0
179231,6
124190,0
95107,4
3470,9
5372,2
11502,10
125912,12
11846,17
43206,0
83244,14
180932,0
43968,16
81260,0
56512,8
159857,12
126835,3
80625,0
135465,0
32920,17
11187,3
83823,17
63734,0
202130,15
138576,9
214641,12
157418,15
177529,6
142940,12
61125,17
161263,3
20205,2
19451,14
167249,3
171005,15
204448,2
98965,12
192580,12
208265,15
195355,8
192647,3
113145,0
92939,8
105356,10
64475,10
89768,0
49526,15
147779,0
10844,10
150523,0
44964,6
17326,17
37072,9
105014,15
194662,9
60736,17
112200,0
834,19
81875,16
199677,3
83560,19
119188,12
174641,19
135268,8
142778,15
45705,0
195983,12
53161,3
156035,4
61625,14
28663,10
76278,17
192486,16
190007,8
28784,6
190070,11
139218,0
158080,6
144196,2
208783,7
51996,0
151193,13
148826,2
94307,0
175388,15
66413,3
90726,17
70148,12
14605,14
139461,0
49355,12
143691,8
62254,2
15332,14
21405,9
159808,0
196808,12
17543,14
89427,12
182685,16
184504,0
150224,12
109676,6
19474,17
61968,0
165673,0
1809,0
90417,9
169582,12
202548,2
92436,12
121622,9
140984,6
61980,12
77264,20
211611,20
78722,16
132364,3
214459,6
85597,0
96723,16
176611,19
138150,15
19623,19
162722,9
102501,0
42001,18
67289,14
85348,0
40215,17
54543,14
30900,14
14679,12
131476,16
23356,19
946,9
102236,0
1350,17
116895,17
27291,16
47781,18
167406,0
113650,15
206762,15
36685,19
52162,14
51825,0
132314,12
23260,15
24312,2
75282,9
179978,3
198187,0
109090,0
123939,0
110942,15
104568,0
1161,0
146630,12
199780,4
187314,14
144631,12
54721,10
173155,12
18231,19
39807,15
35702,14
129594,0
117248,16
18261,18
199100,0
129257,3
174284,12
168582,0
116757,16
192439,2
213719,15
148089,17
75568,0
165257,4
145596,12
59466,17
44404,3
210794,12
163344,17
66039,14
200521,19
189954,6
156037,3
84834,11
20234,14
10828,12
132957,6
80205,17
115117,5
9050,3
76402,14
73122,12
121370,0
123223,0
26048,10
125960,0
155127,19
106292,0
84806,0
100907,1
161341,16
28261,14
7091,19
102541,4
20294,14
28913,14
215163,0
136083,3
151149,0
155135,15
190830,8
167180,12
165048,12
203387,6
191865,2
197990,3
36848,17
177435,2
206840,12
190299,11
125429,9
180979,13
127368,17
27816,14
114800,9
200601,9
65956,10
196520,12
149889,18
39638,0
153812,0
47344,12
195140,2
76739,14
92665,18
195752,6
184893,12
206736,12
165918,0
180096,3
55468,10
139770,0
139561,12
67678,3
126163,19
88311,12
162596,4
11904,2
160634,7
128499,13
81282,0
92543,2
176245,12
90858,0
207486,8
7576,14
114375,0
164564,15
212930,12
105019,15
28276,0
105923,17
184598,0
123487,0
11538,14
80198,14
43861,15
127402,6
172204,12
164638,12
8688,14
210826,0
197191,8
196668,13
184566,15
19680,2
167376,1
15808,3
174237,17
129734,8
64018,14
135859,0
176775,14
172697,6
209758,0
140209,15
49366,0
167236,6
79525,14
6988,17
31271,0
152883,0
127283,6
46055,14
118841,12
24933,0
100249,0
108154,0
183818,15
184467,12
28916,14
204704,15
131297,0
73252,12
21815,14
31781,19
32706,2
63766,8
172391,6
138211,13
129541,9
83863,3
35218,17
80786,14
149979,0
108438,0
142392,9
183275,0
45148,15
44237,19
76389,12
200006,16
44644,17
105010,12
22454,10
100741,12
147963,12
84477,0
77658,19
95263,10
137886,2
43439,19
41533,6
141868,8
143298,12
47382,0
5615,14
129461,17
215068,12
188300,8
197008,3
21623,13
58871,0
185209,15
157523,15
20698,12
113189,8
131198,15
161251,15
79962,14
25842,14
172371,0
172591,9
191102,6
78662,15
129329,12
193492,12
198820,6
60750,14
120662,19
188207,8
82993,19
54579,17
210937,18
116273,0
115325,6
123607,19
76583,3
195050,15
133215,8
87788,3
61843,0
103247,19
50565,15
73473,0
49289,18
130230,12
213692,8
173686,9
27391,2
122409,0
38277,14
7882,0
188825,9
216734,0
60767,15
111548,8
20333,19
163172,2
137631,0
206154,15
165949,0
20389,17
169610,0
92712,12
127745,3
150977,12
65755,17
41643,16
125123,13
53386,17
118622,15
202455,15
199894,18
201976,12
174807,17
126810,0
209703,9
70426,0
63999,14
181543,15
206710,8
2238,18
216491,15
35418,3
186349,6
185872,9
20750,14
176665,6
17557,12
202933,0
144956,11
199160,3
173480,8
158419,15
3103,2
112195,0
174428,0
149449,16
23635,17
22242,14
104872,6
161582,0
78563,3
171344,12
134352,3
101268,12
129158,15
168193,19
52455,14
2562,14
200431,9
54006,9
174040,10
139085,0
4676,14
214107,15
194783,6
164565,15
138007,12
200688,3
78030,10
158504,15
45728,0
45750,0
190885,13
48299,16
120642,12
88697,6
69836,18
22668,12
162419,12
72022,0
75241,17
146539,12
157821,15
81891,0
168555,15
98372,0
25345,17
208530,15
169235,0
84390,12
173303,3
129890,15
113012,0
105070,15
163052,15
35036,14
23718,12
166878,12
58831,2
80794,14
37357,8
171027,10
172264,9
108980,6
3231,15
171671,15
134189,0
2931,10
170545,15
151256,2
33910,14
134397,17
40284,0
198092,9
168072,3
10147,16
83933,12
99511,3
67924,18
67574,0
17621,17
73227,2
97376,9
211948,18
153122,0
190408,19
103842,3
40499,3
165834,15
125649,8
139774,0
141374,1
28599,15
38334,14
11139,17
198943,0
8750,8
200996,2
3517,13
149685,6
199293,9
78021,12
68325,0
112373,10
19629,17
493,17
127063,16
178479,15
183344,16
144541,12
19983,3
114203,12
50087,0
29387,18
164695,2
121454,3
132056,3
42969,9
21149,2
113672,0
40477,0
96591,17
15842,16
54313,3
34010,0
173345,10
48673,12
173071,0
212418,2
152302,12
32146,0
75552,17
115214,15
51995,0
83299,12
144029,15
58198,4
126384,8
202408,13
6488,18
155,17
90249,14
112471,3
107590,0
8459,12
12309,15
118420,2
2718,3
28498,10
138929,0
212004,18
25754,15
87463,0
207053,12
43687,14
122099,0
110895,6
89361,9
105709,0
195372,6
216474,8
104250,3
54090,8
159585,12
21485,2
26083,9
176313,0
67989,17
119933,10
115202,19
158961,0
186542,6
106155,7
196009,2
141504,6
200304,2
104985,3
86061,12
139748,12
60622,14
76353,0
98704,12
169060,2
15499,2
81564,19
183287,8
79257,3
92932,0
81820,6
171067,6
168787,2
145939,0
60069,17
162532,8
20388,17
119672,12
183047,8
23165,19
79790,6
169198,15
31629,0
71500,12
55889,0
105978,8
10048,0
82751,0
66363,2
168040,0
54641,17
132976,2
31705,14
179265,19
137574,17
26080,10
123385,8
180430,17
201680,12
95357,8
167940,3
38141,10
70732,14
107063,18
193659,5
159852,2
96891,18
109037,17
73759,19
65267,2
216684,12
1131,17
118571,0
89156,9
119915,12
117768,0
152870,6
175927,1
60962,3
88665,12
55349,12
78290,14
99290,2
7423,10
173204,2
84259,19
55838,14
19989,19
138095,3
98757,19
32278,18
53393,17
119756,12
17548,14
65230,19
44897,13
180165,9
5164,19
70989,12
54262,19
59996,17
172166,6
54179,8
5005,14
76346,0
167485,15
49261,12
138717,12
39947,14
18291,2
159980,6
34879,14
80387,10
112759,12
155906,0
156939,3
164103,12
117936,4
200064,6
53906,2
48587,17
36691,17
1900,15
18967,19
137225,9
210809,9
25560,10
32967,12
134697,3
205824,5
84993,14
138931,2
35104,0
167200,15
115168,0
77969,3
47162,0
155160,0
87705,0
123365,12
51377,9
132591,0
50271,0
38772,0
91275,12
72504,16
53823,20
186809,8
89820,9
111736,2
204560,5
200137,9
93664,1
161737,15
165252,6
130391,8
76078,13
1987,18
86148,14
93965,6
174648,15
150968,3
93956,3
141260,0
157383,12
6629,15
60263,10
50952,0
122886,17
138854,9
213624,12
10992,14
85128,13
173689,4
56750,17
31460,12
116827,0
166694,6
195334,2
31964,12
81035,14
88039,12
150185,9
17961,0
19482,3
196797,12
132005,3
117469,2
64400,0
76511,5
10916,2
146809,12
52364,12
180280,12
15567,0
91088,9
201260,0
102427,2
117836,12
101758,0
83382,14
16030,3
39500,0
166136,15
141314,12
24119,17
97194,12
128669,0
41597,14
105802,9
14800,0
90740,14
114400,0
34030,12
18657,8
122507,0
202997,12
43006,14
8668,19
63533,9
155226,9
59362,10
209762,0
21755,14
132016,0
216910,0
26246,14
6284,14
176090,8
84773,0
81405,0
155239,19
12099,8
84063,19
49396,0
139835,0
31001,14
142627,17
117764,0
913,17
216823,8
147382,0
86213,2
211381,0
11728,12
190851,11
1850,16
144661,0
65524,17
51003,3
133054,0
56226,12
37907,15
49253,12
194222,0
2920,9
130718,8
107135,6
29856,0
113886,17
129946,6
165913,8
73076,0
40752,0
33159,18
131440,2
165077,12
144867,2
135001,17
11755,15
132823,0
165489,3
22765,2
125965,0
73032,3
103333,0
148438,0
197247,0
56979,0
23985,19
139554,12
68192,10
205442,3
64528,2
17765,14
61568,12
60489,14
44041,0
137192,2
112179,0
151968,0
188619,0
83785,20
121478,15
193503,12
77976,3
39296,14
139108,12
108063,9
43329,12
138732,9
123358,2
128529,16
191961,2
66594,12
131625,0
212071,12
123391,8
78321,14
173988,6
171270,15
31044,17
43767,0
3444,13
49431,3
5536,15
52058,15
54738,3
10716,14
15241,14
10484,18
150961,3
189809,9
14651,14
193527,12
172921,16
80885,17
102396,17
44233,14
112886,12
113109,12
193306,15
86669,15
181397,8
119728,2
55142,17
142250,2
60834,20
131953,15
199907,15
97341,8
174724,13
205537,0
174394,17
98513,3
117686,0
120187,6
163851,0
954,4
104959,17
32969,12
186734,9
79043,17
171172,15
25019,17
112588,6
25454,14
68572,17
84046,17
166397,12
104142,0
66587,17
114234,12
209172,0
171812,12
182889,3
175593,0
72898,17
51608,3
213818,12
192942,13
125907,10
70938,10
117335,3
196325,2
42058,0
190134,12
137227,9
162154,9
129209,1
9731,14
5729,0
146078,12
60893,0
156980,17
108977,8
91818,0
76207,17
6421,18
37036,0
72147,17
179922,3
166125,9
97410,15
161525,17
95241,12
179221,7
164353,15
29014,19
17771,14
205229,12
28645,2
120206,12
117966,15
79829,19
163193,8
55639,0
91678,6
161131,12
113319,0
2487,12
179854,12
52046,17
186572,9
168417,9
129321,6
53420,3
112301,9
174611,6
19857,17
214286,12
210307,8
24874,17
194223,0
192001,9
143769,12
69801,12
193513,16
29159,12
33182,12
23093,17
134791,0
60317,14
163511,12
92850,12
3304,19
59486,0
52823,14
139350,3
44704,0
72920,14
44772,13
21831,9
60329,15
68529,8
84964,3
15092,3
147950,12
208114,6
66502,14
184410,3
133965,18
88584,16
79033,20
179807,0
175574,8
206593,9
171071,12
106652,1
103574,0
24585,1
69230,2
139718,6
90341,19
5212,14
155831,3
186419,9
191285,0
145715,14
134471,2
6646,17
43771,3
32041,2
98591,4
212170,15
139021,17
36455,17
156873,17
166313,9
17056,18
191196,12
134188,0
85222,12
57595,0
144473,0
162839,15
166566,6
170235,12
60000,17
31579,3
48487,17
93887,0
42287,14
8523,20
105519,12
117180,0
164477,0
83267,14
56757,17
94153,18
101894,0
67786,12
79114,15
64798,17
192213,9
53692,0
164393,9
11010,14
142122,12
179789,15
216893,2
138837,12
124851,12
32198,2
160822,0
49571,14
135682,2
36532,10
85933,16
2874,3
163806,0
96257,19
86189,17
160519,8
63443,14
198884,6
125311,0
161055,0
69059,0
5484,10
147111,0
182337,13
147015,3
61359,10
163444,18
61608,17
108761,4
79303,14
120109,0
66557,17
216104,3
167694,14
56591,2
44438,10
205501,16
203202,9
152890,0
194351,6
20377,17
81420,3
165234,12
183651,15
174050,12
194989,8
168145,0
95192,12
174541,7
112792,6
93255,4
47809,0
163708,8
66158,14
23367,19
97017,0
117631,3
13636,14
117431,6
156647,9
27268,2
152458,9
122510,0
113852,2
159074,3
14543,12
130468,0
214245,8
89640,12
119378,12
197322,12
9741,14
138525,8
73966,8
56897,18
100664,9
15356,14
78845,0
123379,12
203378,20
82960,12
118855,17
3988,17
192759,6
154252,16
19990,17
18531,0
198562,6
127759,8
35766,17
134860,12
64967,14
70177,2
204751,15
141022,13
8846,3
123965,8
205103,1
146464,19
73923,12
41756,12
66314,17
100621,12
153926,0
142405,6
150733,14
131548,9
133833,0
105158,0
81504,14
20195,6
40454,16
201008,12
126142,9
134356,12
107025,10
97462,0
174125,6
123901,0
167535,6
56081,0
178753,8
102526,8
53777,12
214466,6
172992,3
50932,2
176698,9
14314,19
115873,0
177914,2
5937,14
78535,17
90135,0
165184,16
102691,6
43028,14
214729,3
196576,0
35089,14
87469,0
8493,14
123323,2
193896,3
148482,2
156524,0
90492,2
111658,19
197994,3
87423,18
60920,0
144381,6
135937,12
38253,7
89205,8
57049,19
100148,20
176227,3
85118,14
135964,0
196338,12
215615,3
63865,17
53257,6
88595,16
149861,12
105693,15
42243,14
155365,3
212606,12
180465,3
206299,8
200733,3
165486,3
194065,12
105787,12
6699,0
99245,0
103238,15
159814,0
387,14
173296,6
91731,0
158036,15
181049,0
48894,14
148809,0
181307,19
27552,18
113305,0
20647,0
65952,6
3882,6
196088,15
89607,0
96114,2
103237,15
42286,14
60288,12
21261,3
45491,0
150130,14
194663,9
163810,19
175834,3
205270,12
3713,0
200694,13
161745,15
69432,12
71720,12
184075,12
108169,2
213813,12
18281,3
62312,18
91105,6
206856,16
204509,12
54343,0
4928,0
76658,14
142859,12
183276,0
119207,12
124774,13
155537,12
43955,17
153531,0
176497,12
122347,10
90932,9
125133,17
166946,12
38042,0
107041,10
205998,0
141841,0
58088,10
5034,17
9478,17
12980,17
73005,17
90263,13
108754,8
122183,0
68659,10
157879,4
71212,14
103577,0
93535,2
93139,12
70928,16
156367,3
48451,14
144726,2
62000,15
106993,6
69905,2
148568,19
83700,17
145501,17
8927,14
29277,2
198521,15
187460,2
47202,10
84884,4
23786,14
199738,15
103791,9
120188,0
53812,17
164569,10
163691,3
94558,14
75960,8
729,0
86445,17
92779,12
172683,2
216929,2
158972,0
150354,12
22791,14
116653,9
111573,8
162125,2
26245,19
85904,19
76340,0
44458,9
75978,15
202758,0
6680,2
179982,17
189250,0
6820,14
112986,14
61289,17
41094,14
85936,15
149835,0
153383,12
59637,19
22219,17
112748,2
202795,15
59872,17
209599,15
94061,14
59533,8
9828,0
159093,3
202011,12
66813,17
124772,13
80850,19
51519,19
33035,2
96397,3
81805,3
56942,0
201688,15
138554,12
128783,0
94340,9
215352,15
57810,14
141440,3
6751,3
59105,0
215810,2
173259,13
117499,12
86886,8
31407,14
163587,2
200696,17
52523,14
76008,14
88063,17
183263,9
51046,9
50605,17
177678,9
4084,3
49618,14
96714,12
204964,2
121787,8
139216,2
92185,8
151244,0
6405,6
108269,15
121202,12
45296,0
181445,12
182300,8
117728,9
123598,8
8708,12
108059,9
23245,14
5087,14
76626,10
137385,0
193907,12
190142,9
173318,2
197684,6
111624,3
46121,0
105049,0
189772,15
171733,0
133005,15
211465,3
29220,14
150467,14
37659,17
171915,5
11112,19
180590,0
140901,0
82726,15
103792,0
174033,0
46610,1
122640,13
24814,12
150586,0
70621,0
91636,0
193799,6
16425,8
92667,19
129975,12
127674,6
22856,12
154805,12
141497,12
103974,17
104945,15
55312,18
150768,0
82483,0
163003,2
42663,10
206688,0
31477,18
211414,9
67920,18
209575,8
74370,17
40471,0
164419,12
35179,14
88055,13
167330,9
73348,14
188475,12
192979,2
14871,8
9023,0
122517,6
212958,17
138481,17
46021,0
211959,12
25717,12
172205,20
182115,0
62425,10
83400,14
116504,0
96290,9
146645,12
207450,4
59789,17
106709,3
20068,6
125838,0
58890,14
182236,16
18246,17
162727,17
94114,12
689,14
21926,12
97245,0
110261,0
200925,9
90587,12
196695,6
160705,0
168615,12
110308,8
216772,2
50226,17
38247,14
125485,0
129371,15
167986,9
69341,2
85622,0
4809,0
52215,0
72899,14
82191,17
200847,0
49225,14
59049,14
153766,0
33025,17
110074,0
147251,16
143807,14
166243,1
10499,20
56166,15
63561,2
68,8
179768,12
20510,12
171373,0
74279,6
185316,17
61283,20
51052,8
158579,0
90820,10
137824,15
2765,12
116697,0
121994,8
156111,0
35331,0
68251,14
36507,0
75186,14
215244,19
43313,10
39679,20
88424,12
93440,10
191994,8
73588,18
172616,13
48397,2
50427,19
30518,3
150761,0
50055,0
185651,18
186104,6
177508,1
3772,17
162058,16
170404,6
200119,12
36859,18
60113,3
137829,14
4461,2
179860,12
203914,19
124581,6
18407,7
59843,14
20464,0
7304,19
120531,12
189013,6
157875,6
167320,12
168274,6
134987,12
112868,9
117199,8
75674,17
79809,14
33156,14
68745,17
66951,18
212205,0
81389,0
115477,8
80741,7
3354,13
137627,0
30764,9
157423,15
78519,19
172714,8
56343,0
171634,0
188699,8
131123,0
130787,0
71659,19
144969,6
98219,19
120827,12
160222,12
45794,10
74995,9
80568,10
25808,1
44103,10
175837,9
149380,2
89698,9
148181,14
107311,15
71738,10
130887,16
96239,12
153765,0
69662,0
191419,6
155051,12
133869,6
118457,2
77775,10
117818,18
151977,0
99063,2
39344,14
19070,3
203113,6
69133,4
123494,0
133164,15
111440,0
108588,0
126206,0
168831,17
110023,6
140018,9
65311,19
74745,12
132087,0
157089,15
188295,9
12643,3
173961,2
33464,2
142413,3
110935,17
33688,2
148340,2
71582,15
92659,13
175190,8
94221,12
89315,9
28536,10
140556,12
176344,4
53631,14
101349,0
135848,0
215715,6
84022,14
169018,6
55419,2
85554,15
90472,12
55962,14
48551,19
47276,19
79188,14
72161,14
157515,17
172530,12
19557,14
215735,12
25668,2
152515,8
178477,15
127028,12
102155,19
36547,12
202340,15
209158,15
165050,12
56588,3
207696,3
122996,8
30312,14
20197,0
11872,8
117971,15
142083,0
92568,12
141973,13
215245,19
203370,12
143556,12
179737,4
195912,12
39011,17
5722,0
103028,8
170349,15
19201,0
981,12
21029,12
125817,0
208143,10
50179,16
127054,19
172849,6
58896,14
6865,0
75615,14
30169,12
22595,14
90181,8
138440,0
33923,17
191511,6
131575,15
7041,14
106163,6
4422,12
168049,0
189000,15
195891,13
213362,15
87445,3
103368,12
201334,15
22825,12
83645,8
99868,0
39346,14
110445,2
69244,4
37027,4
14527,19
91652,9
59808,3
74602,17
179842,6
189469,6
83668,3
70467,14
182735,0
108763,2
66245,10
96225,6
27991,3
212026,10
162447,17
156044,15
138890,0
162654,0
92338,3
158158,0
205355,6
82167,19
2667,0
178963,8
177056,12
136544,0
75032,14
128965,15
19154,14
55466,0
205749,8
122370,16
34482,12
167619,0
70064,12
180386,6
23292,10
76180,14
26267,12
107453,0
137253,15
163162,8
27457,14
193010,12
66756,10
184629,4
68335,0
36810,14
59933,14
63856,17
62706,6
6275,10
72494,14
82546,12
42336,17
210462,12
69723,2
132486,6
6227,2
201358,12
48621,2
208665,20
174062,12
188650,9
854,19
59643,18
191842,6
46019,0
84556,16
122162,12
29711,15
91300,12
211187,15
74119,6
106853,19
169370,6
141433,1
19218,12
15750,0
209398,12
26506,10
191702,3
90531,0
100415,12
26259,14
26445,17
164822,2
33755,2
145597,11
87060,2
175280,12
7247,14
190466,12
139892,18
104995,2
59495,0
6963,17
38591,10
109272,0
20053,12
143088,0
53855,17
47839,0
50817,12
167804,14
192538,2
8799,18
197671,7
210528,12
40067,3
30376,14
32396,0
215261,15
198638,3
117034,0
5553,19
146484,0
8010,15
121885,0
50037,0
130816,7
52721,2
170458,15
10727,15
91384,12
101486,10
186795,8
192769,4
151167,6
127248,12
105741,12
16066,15
193074,8
17891,14
94848,12
177200,9
87421,18
191131,18
69067,0
111832,17
116049,0
162453,15
124574,8
142452,0
18669,14
145706,17
53684,0
76253,17
84126,19
108193,0
68327,14
191454,17
184304,15
145708,17
192545,6
71605,0
95032,19
204325,19
45380,10
133331,0
76513,6
4163,8
28348,12
36857,18
176135,15
18900,15
108504,12
73519,12
122675,0
151878,4
164678,13
160239,13
170106,2
28303,12
97960,10
76482,17
63538,10
91784,20
187821,8
189465,6
173147,15
85541,3
67309,12
213870,6
26118,14
187762,9
137645,3
17520,14
213408,7
119825,6
47299,6
209177,1
68657,10
205452,9
58015,19
126926,12
64183,0
18702,12
209979,15
211194,0
140481,8
210056,15
206649,15
127921,0
78150,0
39797,13
3663,20
27419,0
209911,3
85652,0
9128,14
210310,6
158657,0
132542,8
126434,4
147309,8
169984,9
63606,15
126614,6
197733,2
75433,17
134221,6
98118,12
213720,19
133775,12
363,10
175715,12
51132,10
150215,15
50168,16
83264,11
135683,2
199470,20
63712,19
34328,14
161555,6
203071,0
200503,13
176303,1
205274,12
185362,9
115534,15
53324,0
156657,6
109540,13
24608,0
84756,2
8856,0
112750,2
99366,12
49121,3
10425,15
78580,0
99033,17
9256,10
40063,10
189955,6
28569,12
172006,16
63529,2
11325,3
164547,0
86732,12
166047,0
125019,15
64038,17
173038,15
113641,14
164709,0
35633,0
70697,10
207046,12
208023,0
177439,15
163871,2
88349,0
105942,3
101836,0
108267,11
131726,3
66480,12
164812,12
175607,8
32443,12
93121,9
67571,0
143389,12
103109,15
203216,15
15019,17
156348,3
134123,12
93982,12
37989,17
162112,3
115633,0
126443,8
45602,15
6683,0
72165,17
183223,15
53702,4
204418,19
82709,18
100459,9
54356,10
139171,0
138581,12
62933,14
202105,12
46766,19
92838,9
20949,10
79295,14
2597,14
83487,11
198371,0
181423,6
60204,14
114914,9
132638,12
358,14
183780,15
75205,14
23317,14
216371,2
31387,0
135912,12
187098,9
123867,6
109021,12
89379,15
32761,2
172060,8
61310,0
160243,19
46918,15
156698,6
117320,12
211167,12
3743,10
81604,17
201603,0
207983,3
166382,12
23295,12
73109,10
188094,19
183183,6
42821,10
212471,12
202350,15
4766,2
56111,10
10442,14
190303,8
85491,14
207676,0
122296,0
72013,14
30253,3
41622,19
5608,19
74928,19
137143,17
54091,2
215993,12
99714,2
34451,12
59700,12
68502,10
56614,10
155652,13
111823,16
91748,9
208718,6
169810,12
203018,12
211527,15
117832,12
23922,13
31499,17
140467,2
103561,2
24137,2
19050,0
158057,0
5578,10
12612,14
94877,10
102740,15
67620,14
141236,9
157819,16
40304,12
169920,16
175990,15
174031,0
147406,9
27572,14
504,3
128206,14
103927,3
98460,12
138908,0
109522,12
90978,9
39493,0
119886,2
155716,12
31383,1
113883,8
136148,15
170041,15
69312,14
52933,9
66184,19
159662,12
31549,0
95359,7
47156,3
59537,14
109993,12
134854,12
6544,14
164418,13
136343,0
135963,0
207699,12
42370,0
69946,4
216426,6
169090,19
34084,14
104689,12
185902,15
116390,9
44463,6
68834,14
156859,9
180713,4
17969,0
61753,17
95004,10
197445,8
103172,2
190493,12
161549,13
210796,12
193529,6
204842,17
212040,6
210258,17
1424,3
36631,3
115812,15
196752,15
83746,20
36112,3
90785,9
50731,14
166829,13
30162,0
195356,8
94895,14
128082,10
63362,0
30500,2
170523,8
202622,15
199001,15
120554,0
51919,1
208880,9
10361,17
175077,15
56668,0
25395,0
86404,19
146198,0
47472,14
142947,9
64154,2
189880,0
199462,9
103646,10
100358,12
132321,0
35875,19
199492,16
72404,10
115216,15
184087,17
34509,0
196166,2
147618,8
29360,14
189426,12
76444,10
132142,1
99812,3
199999,9
98987,0
15974,8
211917,3
176202,0
24703,9
91913,0
92045,9
101577,18
91969,3
214787,15
140385,3
193257,8
73133,12
150661,6
85479,12
188870,8
143391,12
147280,0
137725,0
104051,0
194967,2
52103,3
100753,18
134074,0
114420,6
196557,15
138613,12
170055,8
148171,8
145838,0
132480,0
4877,10
60211,14
167547,2
171633,0
39912,6
167961,6
48705,8
129047,13
166086,18
162001,3
214545,12
179251,12
64147,2
157102,9
172172,6
171050,6
105857,0
1452,1
160678,19
126771,0
153,17
33336,0
166433,17
70575,17
113373,9
212108,3
122930,0
150774,0
61901,10
194096,18
131074,12
161442,15
168174,2
150035,0
7767,14
200018,15
133519,6
193702,3
183461,2
183293,6
131195,17
49556,0
1714,8
65706,14
146186,0
66378,0
112754,2
101966,19
30015,0
42905,17
72103,14
48426,0
174473,15
54446,14
109411,12
62686,12
15342,15
177084,15
17442,14
157347,0
71698,0
77433,14
193208,6
109241,13
141469,0
188015,0
10468,14
86113,15
158717,8
67008,0
129037,0
97485,6
110593,6
81215,14
44653,2
38401,1
161535,15
49694,14
68320,3
148336,2
110635,0
151002,19
59694,12
197328,12
4842,13
192986,8
44389,12
180676,12
163523,12
1286,6
215536,7
14551,2
92853,12
161469,0
36527,0
173699,6
98585,10
99735,2
131328,12
107452,0
111811,12
153438,0
24901,17
157574,6
94388,0
37445,14
187101,4
84061,2
55232,9
153486,4
155327,9
196091,15
80780,14
173074,0
26482,0
85357,0
23489,8
208740,0
106283,0
101898,0
183963,4
41283,14
60948,0
194190,12
82020,17
130320,0
214241,7
121133,19
198610,15
32600,9
57045,15
126059,8
201828,5
48505,15
125484,0
43157,2
30481,17
14588,3
49295,18
200607,15
166201,7
18876,8
180741,4
125806,8
11470,0
126928,12
82524,12
89355,9
160086,3
197089,3
150407,0
9285,8
215962,2
66651,0
2126,14
8501,14
158547,15
12796,14
32182,17
201051,12
99277,2
188533,0
140488,4
28781,10
179303,2
90445,15
3426,12
126250,12
183068,15
177814,13
46351,17
5391,8
130278,15
120913,0
213848,6
18496,17
109310,12
33878,12
157268,17
206995,0
28694,14
212979,12
60171,0
176896,8
48829,17
194140,2
125863,3
201340,13
40912,17
38115,10
39503,0
168938,6
124186,0
209162,9
108189,0
30429,19
201737,12
183039,12
24337,12
32538,19
76068,0
139735,6
215104,12
164191,0
170102,3
4156,12
97558,6
118865,20
80070,17
26455,17
31304,12
24437,15
139965,8
28120,14
55573,14
98698,12
31718,17
49559,14
177155,15
56642,14
17286,12
117109,3
195556,2
52135,14
140487,4
201574,0
197708,17
142934,12
150240,0
38266,0
148088,20
97217,16
158492,3
122766,9
18288,2
205236,12
44431,0
5103,17
164686,13
24237,19
114146,0
8278,14
35211,17
8966,17
118608,6
206760,15
45778,14
1565,19
82612,19
122486,13
41150,10
92937,8
71355,14
215082,12
17789,19
212504,15
86646,1
173878,2
100843,12
1159,0
57088,9
24809,3
78175,3
92600,3
116034,0
134185,7
163845,17
158301,12
26472,1
125752,9
202356,0
205718,3
142001,0
202178,15
161613,6
46368,19
61121,17
116108,0
13943,19
186050,9
202537,15
195571,2
178466,6
197060,9
125262,12
154580,0
8831,17
204960,12
200169,9
91508,9
111234,0
117337,3
86080,3
110929,14
196728,12
177526,6
72842,12
94052,0
200693,12
137509,6
172133,2
59802,2
9417,10
5898,14
70313,2
27368,17
196187,0
140973,13
92753,9
79143,14
187174,12
211613,20
67210,0
141326,12
129960,2
29048,17
23746,2
54750,10
142932,12
45140,15
120791,0
202108,12
151430,6
59815,0
211147,6
171691,15
61181,0
76648,14
188536,0
216420,0
210749,0
72915,14
143167,0
122504,0
200265,15
166643,9
30718,17
11153,0
56367,0
17347,19
175873,13
66945,13
30968,14
13630,14
96449,19
154564,0
93472,17
150260,0
194785,6
10894,18
213450,12
193029,8
120192,4
45052,14
104660,13
62045,0
144230,12
39326,14
178706,15
162819,12
134934,0
108963,0
24084,14
196722,12
155927,6
202595,12
118616,19
64110,17
55717,14
62010,17
30136,2
188811,9
68608,12
60747,14
61924,12
93512,0
18955,19
69797,12
86959,14
199138,19
152794,3
182181,11
167130,3
68443,19
138740,13
34530,2
198679,19
167553,12
129675,0
158984,6
155565,15
93198,0
109227,12
99775,12
64522,9
196674,3
120537,9
125998,3
184692,5
140578,17
156882,15
150836,16
110671,12
66701,12
171947,9
201303,12
120645,12
37771,19
66907,10
153998,15
139458,0
103022,0
6965,19
25600,14
153562,0
77279,0
186132,9
4621,14
122777,19
122562,5
186510,8
202269,8
166553,0
13149,15
86967,14
48950,17
69864,14
67572,0
107410,18
35991,10
145680,12
39660,14
42201,0
143531,8
194652,17
14708,15
152042,8
182249,15
67438,9
41603,14
172644,15
156340,0
104684,16
109689,7
111081,8
102132,12
43542,12
127685,18
167195,13
93451,15
121940,12
200465,2
106424,8
45093,0
6655,12
208681,6
194605,12
44148,14
181461,15
180121,9
215313,3
96385,0
122554,12
71866,12
128365,0
77739,0
15689,14
3068,9
144148,12
171235,6
74011,0
205588,19
137146,17
27719,19
187249,8
63761,9
1072,0
192772,4
107552,19
152329,0
108256,3
19823,14
99569,3
117098,6
28589,14
198200,0
103355,2
137150,15
95521,0
148112,0
30008,0
76083,12
53007,14
200191,13
2158,10
43834,15
177522,6
173852,2
201040,4
155068,0
36100,0
84920,14
201803,15
206170,12
119163,2
2735,12
148001,2
205887,12
169427,0
19053,0
126297,0
118907,0
164213,8
73036,6
69638,0
66648,0
174344,15
112317,15
183568,15
177481,17
116226,0
39915,8
40597,2
70500,14
69402,14
77098,17
34518,0
21500,0
9303,14
101669,8
120037,6
2187,14
194789,6
89284,0
119236,12
92860,12
186847,6
190023,15
120318,15
162328,12
79866,0
91992,12
157496,12
149149,2
25558,10
114682,12
168095,12
63031,15
138144,16
149635,9
31865,12
54019,8
157274,12
114322,15
186138,9
204822,12
167853,6
28618,10
5638,14
122384,9
212042,6
85360,6
49911,14
134709,2
17975,12
178075,12
72099,14
203277,17
21233,9
161171,0
66231,0
97373,12
183337,15
77029,14
197378,12
176385,9
58272,10
13845,14
33987,3
166972,6
110063,6
8555,3
113498,0
176141,13
3560,12
176920,0
103071,12
89661,0
44426,4
28744,15
174532,6
82965,12
160718,0
42428,10
70210,2
215470,5
32540,19
71647,12
101258,0
108619,0
89871,9
48444,14
111923,12
12059,0
215947,17
43921,18
45841,14
121935,12
178909,19
38119,10
194742,15
155519,3
102669,0
176321,0
190487,9
159890,16
165903,17
207758,15
168825,12
81563,19
182186,11
141955,12
78876,12
165588,8
112297,9
195562,14
107910,7
205205,3
78219,17
28611,16
36929,10
34855,15
106517,3
143448,0
150575,13
123196,2
2480,2
121210,15
158210,12
26248,14
142646,12
187247,8
113237,12
88701,9
124745,0
81683,0
21646,17
155079,12
206639,15
153400,15
52791,12
75175,16
67880,14
53152,0
181758,8
15579,0
124686,9
189667,12
194241,9
41692,3
47881,0
31727,19
52860,17
214088,12
101063,6
55535,8
132547,16
61411,17
80065,12
109024,12
107086,15
16767,10
80393,10
86862,0
164511,8
82920,3
28220,17
171132,3
72936,18
198871,0
89370,9
25954,17
137335,12
194259,12
158840,0
102300,3
98616,0
203539,15
39792,12
163629,12
200109,17
146579,0
154527,0
42822,10
13918,16
128876,16
152012,1
102085,12
211507,12
165466,0
172171,6
33969,18
203422,12
190087,13
36773,15
145775,12
165544,15
143129,9
151012,16
9176,16
156626,0
40310,12
205268,12
144903,17
176383,9
64326,15
204031,9
29433,18
109347,17
195924,2
152228,17
94659,0
45832,14
45766,14
13988,17
116987,17
41451,20
40463,14
21365,3
49481,3
205013,8
151306,15
188192,12
79384,0
214304,17
154667,0
76655,14
202691,6
151371,3
118023,0
20829,14
148359,12
163060,12
84490,10
129607,9
96447,19
102783,10
194404,2
129661,16
9375,0
215544,16
149669,0
169660,2
34730,0
166362,0
188368,13
80232,14
117145,12
11854,3
13873,14
128580,4
34744,12
116518,10
207119,0
158727,16
193587,10
118951,0
121258,0
88628,0
151255,0
85265,16
188639,6
103459,12
196083,12
112778,7
11075,14
213550,12
149828,0
196801,12
79388,0
97918,17
90397,8
130253,15
98598,15
169849,2
119456,2
70610,0
55378,14
142726,0
149435,19
195152,2
78806,2
19191,8
443,18
35425,0
173528,12
12753,6
124543,15
187668,0
41670,12
61460,19
30348,12
211071,9
173432,5
50013,16
172146,0
213771,3
28054,0
143911,8
147314,0
138401,0
144304,0
101086,12
165885,12
152784,0
11330,3
159891,16
208723,12
193144,9
202352,15
43649,10
21448,15
175668,2
115346,0
92007,9
170462,12
129512,6
84252,19
57069,0
10698,17
93333,1
202347,15
142908,0
113024,9
85097,10
169856,2
23320,14
151833,12
130769,15
209188,4
160056,0
206815,2
90723,8
50863,19
85293,19
207218,15
75557,0
185836,9
164513,13
130764,8
160654,14
134513,20
103479,9
191348,9
109700,6
114573,12
195264,12
214889,16
112543,3
101713,15
120655,12
107612,0
35774,2
108941,17
75115,0
53998,4
213714,12
51083,18
61711,19
103049,12
79298,17
161457,1
45905,4
71183,12
13604,12
98029,10
120626,8
143785,12
121273,3
200007,16
151958,15
135199,0
114881,0
49971,18
207340,12
205477,12
13100,0
177621,0
136001,9
69687,8
212274,17
47461,19
126389,1
179029,6
36607,19
77468,17
193210,6
115184,12
183968,13
103886,0
22148,10
55923,10
216359,12
95880,9
50294,14
200541,6
132403,12
132787,15
147325,0
142677,0
204158,10
116175,17
18465,16
112642,15
144838,0
25334,14
105408,3
66107,12
115514,0
82178,12
133085,5
15016,17
204825,3
154034,0
110456,6
141761,0
91544,18
79368,1
197631,12
213375,3
196819,7
38068,0
85411,0
57795,14
108677,12
164515,12
116746,16
1859,0
125576,0
54433,17
139103,12
49483,6
30737,8
164303,2
198364,3
195519,8
211420,9
66168,20
142808,6
128978,15
606,9
146499,0
181496,0
107842,4
181552,15
8448,9
96808,17
89921,9
112552,3
150249,0
40557,19
91540,17
207919,0
116102,0
27595,2
171277,13
22929,0
4224,16
22551,17
50340,19
87895,17
54139,17
150634,8
142404,3
115029,7
40113,20
132812,0
182522,6
168714,3
21201,0
115302,3
138767,0
165572,0
139998,12
86866,0
76805,12
216159,17
122653,0
21696,0
118105,17
171295,2
116083,15
65700,14
125976,0
92965,14
164683,13
185854,0
38279,13
58453,16
204844,16
151065,4
118961,2
202491,8
58643,9
84896,10
201729,13
141147,0
15202,14
103827,12
131870,0
115840,17
199882,8
210604,12
74520,13
180987,12
136059,0
185449,9
204438,15
80303,0
188448,9
151389,12
15947,0
205615,3
13625,10
59130,0
31182,14
87861,6
184061,12
196085,12
139598,15
9277,3
216796,12
189025,8
34205,17
28855,18
181373,12
47153,3
182985,12
114650,0
157367,1
61132,18
144907,3
161106,3
210460,18
28143,14
61581,14
73399,20
180992,12
189707,9
134755,15
38551,3
134402,15
126486,15
67202,0
161968,6
126691,0
105690,12
12377,14
115160,0
119823,3
170191,2
46307,12
210543,17
60178,0
57886,2
116913,0
24781,8
212276,19
10641,12
17649,0
86103,15
11643,12
187854,12
192983,9
26253,14
195458,0
161615,19
61235,16
1352,18
131780,12
163937,0
143419,17
61825,17
93955,3
107511,9
156915,0
67183,8
38409,6
120725,6
111593,0
197261,6
123512,0
15035,17
136612,8
187855,15
57860,17
14117,9
48070,17
112066,2
77691,17
165892,6
111483,14
89720,17
99388,9
82575,10
34933,0
39476,0
35846,15
161715,12
30268,10
8257,10
32495,12
7272,19
173430,6
125297,8
187699,10
152563,0
56572,0
19342,10
142288,0
50547,14
149631,12
24414,10
201317,12
54581,17
90940,10
210074,15
192590,12
29087,8
6441,0
39649,14
133809,15
183529,10
211882,0
172139,0
51785,19
210772,8
204326,17
171058,9
132299,3
199301,13
133116,1
117096,6
209077,0
186016,8
172491,9
77097,16
197416,8
102204,1
17465,19
149516,8
41270,16
134248,0
48582,17
41527,10
35634,0
17604,19
176096,0
139192,0
207812,2
181324,15
110733,19
70829,9
128012,12
212465,12
49416,0
182888,15
138234,9
162758,0
145997,15
160655,14
60506,14
108624,4
98241,2
193007,12
2593,14
211212,0
63973,14
121614,12
30334,14
81632,4
1030,20
14725,19
161102,3
35018,8
39372,18
57137,9
216062,0
130366,2
201715,9
87767,12
51743,14
134565,3
111310,15
203371,12
16894,0
16871,17
68767,0
50913,10
87411,18
10712,15
4740,20
174768,8
59137,0
27677,10
191458,16
96903,8
79902,12
71996,3
179323,8
143076,17
141706,6
25433,15
210580,3
109097,0
172611,6
32069,2
156018,12
191289,19
168254,0
15510,0
110337,15
193063,0
180848,7
5781,19
46750,14
71657,20
100002,0
121888,0
154267,9
192668,6
130001,19
158103,12
193154,9
61956,19
98495,2
140310,19
147005,0
145184,2
155604,0
138462,12
208227,3
190253,15
176674,6
153403,13
77826,17
202248,15
199696,4
162131,3
39070,14
51352,0
201043,8
66180,19
188331,12
199365,13
32913,3
43535,14
129933,0
11806,19
85469,14
23911,12
108654,3
64797,17
94490,14
137058,17
14668,19
90748,13
129175,15
62946,10
156442,6
134589,2
214696,4
140324,17
127739,4
117120,3
148492,2
21221,0
183657,14
10556,2
175537,12
16190,14
46549,10
51947,12
203090,12
90030,3
163336,19
216689,12
24002,17
191043,9
37564,12
14290,14
10683,10
107755,11
202859,13
76649,14
88159,8
97983,0
143912,5
194111,15
20065,3
94499,6
181178,8
79291,14
211040,2
4389,18
177335,0
205248,8
101519,0
210171,15
7608,18
85555,15
166008,15
111171,18
126897,0
207310,12
43487,0
128366,0
172584,0
123424,17
153991,15
55332,14
24990,14
19747,12
82632,13
178352,6
199356,5
206619,13
145046,0
16975,8
38964,3
201186,3
58264,14
136169,0
51911,17
216653,12
80003,6
126189,16
135312,12
44579,19
202026,3
73068,0
216360,12
198188,0
160692,15
157577,6
31958,12
24935,0
26864,12
164489,0
12742,9
180285,12
194991,9
8152,19
10539,17
159589,19
89595,0
157007,2
193124,18
130447,0
159260,15
213544,20
191835,0
186245,9
89796,9
216850,0
151668,0
32231,12
131796,8
90195,0
13397,2
126933,12
107140,6
4785,17
29666,2
47821,17
149658,0
110158,3
213704,13
60146,0
170724,12
208391,6
47766,15
50812,12
112493,19
47931,12
78710,14
32404,10
127061,16
36006,17
140098,0
32535,9
98243,1
91849,9
83432,17
109267,0
133357,15
21651,19
95821,2
149155,2
66508,14
141281,0
59691,12
185369,18
81802,3
180168,15
197396,9
165708,3
18096,12
112599,8
108933,17
126566,8
203670,15
186900,9
30876,8
52432,10
178628,0
205349,9
49514,14
57197,14
90793,9
59504,4
22832,10
160237,13
180499,7
128788,0
187155,9
123529,3
150852,0
163256,8
27551,18
56295,16
187188,9
177142,13
70001,12
174391,12
82425,18
1589,17
12124,14
104854,0
114976,0
148424,15
130144,15
107658,6
161674,8
64073,19
187148,9
61728,17
58074,12
101275,19
112374,10
204102,12
206061,6
20434,4
12141,14
8136,14
171933,0
16993,17
61500,2
59451,18
54873,12
30619,10
181733,15
139388,9
64956,19
56744,17
190459,0
163077,0
190918,0
60928,0
71304,14
57493,14
35551,18
97091,0
11524,14
2299,12
85367,12
160591,15
91566,13
190453,0
154112,19
123118,12
80066,12
202262,3
110578,9
134177,15
74500,16
156513,3
96347,15
23607,14
194185,12
58062,0
117861,0
185370,17
152803,2
158967,0
155444,8
125651,13
209506,8
15811,3
151061,0
18869,4
185880,9
131100,17
71363,15
121501,0
26992,12
115171,0
40053,12
203008,15
180299,17
60664,14
37266,3
118314,0
184250,4
35563,4
176905,0
55095,14
172545,15
139635,0
153234,2
205250,8
137271,0
30324,0
85846,14
143231,17
121276,12
65702,14
53795,14
144752,2
46825,0
9614,19
187293,15
206605,6
20851,19
179483,17
31714,14
9829,1
128901,0
86779,14
19471,17
179203,3
92748,9
23555,0
57483,9
108506,12
136459,6
164456,15
190215,6
130076,2
29579,3
25154,10
77216,15
93085,12
90731,17
15873,19
33265,17
109570,17
73334,10
161585,0
20745,17
155247,15
94603,0
40259,0
75686,17
62650,0
119277,2
170109,12
51411,7
120053,3
148714,2
57468,18
16715,16
196308,15
47350,12
28467,2
22048,16
82386,19
174447,12
11138,17
126068,17
155493,0
180237,8
107252,0
176036,4
199353,6
45504,0
81633,4
90457,19
126022,3
184870,8
176527,15
59931,14
128724,9
85624,0
30990,14
198524,8
185124,17
209994,2
137815,17
121121,12
85067,0
122548,12
125762,12
92263,15
157279,7
6661,0
201268,6
95191,1
40559,17
91081,9
215524,0
183065,15
205899,0
72210,17
60254,12
9171,15
191690,2
177985,17
71589,6
16019,17
76870,14
34683,8
34839,14
181529,12
25371,3
138021,15
103452,12
206877,3
38587,12
37431,3
176639,1
80018,0
128651,6
104713,3
123432,19
9497,2
171897,17
114555,0
188251,6
3128,6
69850,16
178582,12
97087,9
66385,0
172315,12
113621,15
88,14
125377,13
40569,17
30018,0
75665,14
182494,0
121557,0
193533,4
66808,10
44536,14
26431,19
201077,13
7787,17
131571,12
160230,12
1710,16
212520,15
7588,20
53299,16
44828,16
8607,8
59820,0
173363,16
206540,17
55048,2
69659,0
5360,17
65000,17
25004,15
124252,0
189607,17
152270,8
49114,20
121671,18
201486,4
65289,14
6636,17
214163,12
133436,15
22170,17
94133,12
53763,14
40072,6
58527,17
147385,0
169304,19
124220,9
65152,12
181960,6
71434,16
182369,3
75015,14
136163,0
68776,2
195119,2
44194,2
151085,3
56397,0
25163,3
175136,13
184472,3
166967,3
38203,16
168983,10
13687,16
201546,13
54922,0
203132,12
188724,12
155069,0
144226,12
113422,2
73056,0
153054,1
131871,0
192026,15
15296,19
100941,3
11541,14
121878,17
44336,14
136150,15
135812,9
131580,15
133596,15
101196,17
139079,2
75820,15
114047,0
37337,12
88919,17
154616,8
188412,0
44214,12
161877,0
210405,0
113307,0
33874,6
162723,18
151203,12
116985,18
168712,3
138314,8
9484,12
211952,15
151728,6
11714,1
74247,9
39545,3
120404,10
48082,0
127781,7
108953,0
177098,2
114378,17
187332,2
16444,10
212220,6
119769,15
141074,15
99271,0
190951,6
123127,12
83509,0
10917,2
6231,2
131225,6
102312,4
198093,3
37439,0
100538,8
121637,12
189142,12
115757,1
178441,0
46068,15
27099,17
108820,6
207991,12
57846,19
70074,12
136057,0
123739,10
21579,9
4944,1
142374,6
213088,0
27033,14
204801,8
159394,15
11130,17
79337,17
124321,2
40865,17
3787,0
34815,10
109176,15
207721,12
165423,18
115320,2
128517,19
124315,2
143307,8
146206,12
161711,15
203507,12
69417,14
211088,12
44564,18
3209,12
75155,10
47317,0
147715,6
96757,18
121125,9
9082,0
208637,15
213702,13
57783,14
146052,3
155238,4
46620,14
165557,0
105604,0
29414,16
147106,0
84682,17
110311,8
147830,0
169,17
156496,3
68775,0
126404,0
174592,0
159511,3
84456,0
151615,0
28698,14
88295,9
132026,2
77325,14
70768,17
161701,13
101841,3
200588,3
164685,13
104751,10
128040,3
204645,15
198898,12
206292,5
212305,2
140201,12
160785,0
111753,0
116197,14
1421,3
44285,11
96936,3
29633,17
201964,3
158810,17
129969,2
193505,17
77380,0
95490,16
18576,14
99501,2
63431,14
102574,14
72990,17
156379,12
154471,8
95819,2
40082,8
31696,14
144514,2
78189,14
145443,6
181097,12
106273,4
152859,15
131093,6
87325,3
148140,8
145417,0
94339,8
41904,6
20813,2
70071,12
2943,14
74055,16
86811,18
39334,14
10532,17
6597,15
81226,14
148899,2
156541,0
109641,2
26386,8
186106,8
128341,6
134751,16
62843,19
25978,2
73925,12
18843,0
101630,8
139962,8
138871,15
68166,12
156105,0
33919,15
182469,15
54060,0
100607,12
164349,15
126096,0
45798,10
130357,2
42282,14
114632,6
12717,14
105892,15
101754,0
139290,12
207780,2
206403,12
105485,12
95348,12
33409,12
191742,0
135767,0
76738,18
24871,19
180276,13
139256,12
97337,9
24765,18
117531,0
87985,6
193474,10
192138,12
51007,12
33640,0
6004,17
206260,15
146498,0
121181,6
210039,15
126639,2
182284,6
103053,12
145206,12
101073,12
189697,6
97345,6
56537,10
106979,17
144984,12
213603,5
27162,14
44760,14
15137,10
113521,1
88688,0
55543,14
23101,17
197401,16
63803,10
79058,12
52002,4
146373,12
177796,19
32439,12
151315,15
17904,18
31092,3
46768,20
140171,6
126134,3
173120,12
155132,2
133020,19
104462,0
105328,12
42219,12
41524,12
123581,12
210934,18
3013,2
147115,0
93242,8
100855,18
174375,6
103584,0
19693,2
105801,9
139925,0
103865,16
49920,12
184677,2
156131,6
54017,9
128328,15
36958,8
148871,3
127253,12
197986,3
85533,19
116252,3
16326,4
38517,17
167096,17
12843,17
187856,12
46701,6
110760,15
187069,15
163095,0
133304,0
150623,0
185139,9
39862,0
40341,10
97179,12
94087,17
187189,9
20937,19
86834,0
147850,3
135711,6
115902,10
141078,15
214445,15
122557,12
138784,0
128601,12
174561,12
190925,0
20045,10
164027,15
140471,1
46336,15
3268,14
106182,3
88714,9
94044,0
84593,13
205415,12
21773,19
164621,3
119229,15
61063,0
62900,0
166636,15
2335,14
96730,9
44297,9
181527,12
194270,12
158514,12
130235,9
44796,9
203382,6
6652,17
64315,12
214927,0
208967,6
16615,17
123471,0
129045,13
154,19
31215,19
32532,18
148203,0
192368,17
124312,0
24457,14
155131,16
67781,3
48311,15
168805,12
145005,6
88040,14
193827,12
194380,12
40124,14
42259,15
56870,10
153020,0
123634,0
25419,4
65149,10
197648,0
174275,0
198416,20
117769,0
70863,10
200483,8
32890,8
33374,2
87230,13
16805,14
32115,2
200324,8
139926,0
29960,14
135849,0
155873,15
27009,14
43562,0
128955,9
31026,18
11064,14
29872,2
192082,3
66475,12
137707,16
24250,17
70007,12
39156,15
70425,0
195173,12
207613,12
190551,2
131448,12
177213,6
99187,12
194913,6
14357,6
130502,0
103248,17
1445,0
179329,6
151761,3
7260,14
29078,9
142327,16
82198,17
178594,17
87046,17
192529,0
117718,3
159073,2
213387,0
176149,12
13386,17
123158,12
26514,3
200308,0
77174,0
62925,14
192733,3
154993,6
184151,12
71393,18
140557,12
68953,15
8074,14
79976,17
45015,2
16531,14
83282,14
208990,6
80402,10
47580,15
215994,12
42447,12
96425,12
96490,0
63234,0
15317,7
28739,17
112403,15
112463,3
70275,2
188758,0
95425,12
24547,17
93714,0
162257,17
136838,0
127062,16
148049,12
170305,3
47999,18
125731,12
207040,12
51226,12
180778,12
166831,15
68903,14
5082,8
57076,0
42890,18
125992,0
102000,0
75565,0
193825,12
107119,0
126694,0
113690,0
169229,0
106570,15
101620,2
123762,9
32569,14
34673,12
14918,19
34566,0
20598,18
209388,8
49409,0
65245,17
188819,1
101414,0
126906,0
62121,12
193358,13
154369,0
197992,3
215331,12
85283,14
8679,17
73144,17
56188,12
136553,0
128081,15
157640,0
64308,15
170972,9
130496,5
148329,2
42938,0
169293,9
71568,14
5630,12
56825,3
204904,3
11812,14
79583,0
61432,16
157334,0
113059,12
60234,14
148935,2
179084,10
117968,15
176749,6
16079,17
26710,17
101193,20
203048,3
112304,12
181553,15
195759,17
120149,16
120426,17
139459,0
63615,14
79423,0
79595,2
28404,19
2285,12
164101,12
76062,0
9667,9
125957,8
49861,10
117419,19
53224,10
88014,10
209147,12
86361,14
2672,0
159575,8
65117,0
87853,9
94612,15
185303,8
50362,4
179683,15
151690,9
3217,14
204766,2
14281,15
138855,12
176895,13
88694,8
131185,9
78186,14
145129,15
205605,15
162693,12
139517,3
75147,10
78042,12
133823,19
14997,10
74166,14
63177,19
130676,17
141410,12
84774,0
23554,0
70217,2
98949,0
187445,2
25365,3
192120,12
70285,2
105608,0
148498,0
12541,19
113184,8
198725,8
200412,4
823,10
207453,6
147936,0
199443,4
191392,15
35415,3
84951,0
195629,2
53101,16
208220,6
43627,0
121243,0
27248,0
134269,12
207666,2
30514,3
169812,12
152529,15
211775,1
93709,0
43110,17
127541,3
119792,0
150659,12
37470,16
78303,14
212097,0
68772,0
9366,1
43325,14
206873,6
206696,12
166280,0
108290,3
210092,2
99443,13
45657,19
6748,3
75716,8
9583,0
189976,15
80831,17
215097,12
149698,3
132730,1
183760,3
10597,0
81210,14
215391,6
18227,20
83749,14
164820,3
184851,0
199644,16
46849,12
77053,14
66366,0
77014,15
73163,10
87501,8
79625,0
163296,6
90147,9
182670,12
32377,6
353,10
37888,14
197077,15
114804,6
138663,6
144445,0
34908,15
189508,15
47874,0
153080,6
129518,3
5626,14
128150,0
138783,0
2748,12
69669,2
152007,6
206790,0
35862,17
11520,16
210133,15
16541,3
184614,6
50520,10
206644,17
96394,0
168942,2
188204,9
78449,10
58189,16
196052,3
38692,19
154242,15
63726,2
192257,15
78823,4
178667,12
121397,0
160371,15
14623,14
137092,3
90182,9
101628,8
76120,14
200443,17
134285,16
27698,17
79984,17
106710,20
112535,0
7808,19
11576,17
61699,20
16491,14
130961,2
122819,0
20204,12
79737,15
161388,6
47827,17
2036,2
153984,18
213739,15
109620,6
166993,12
214593,0
94590,18
150779,3
139456,0
65791,17
6252,14
143224,17
143521,3
26808,0
104257,0
207948,0
201870,15
87815,19
128145,0
129843,12
157645,0
32003,15
121338,19
8011,16
196605,12
128169,2
141526,12
41867,14
40748,0
59674,2
154404,0
205945,12
164230,19
183402,12
141202,15
19609,19
108298,9
128394,3
132,17
117503,8
3077,13
21999,17
209191,2
56931,10
84851,12
179313,0
78819,0
94764,6
165034,12
209634,12
63831,18
52732,0
31200,17
134460,7
151588,15
126395,0
112982,17
99747,2
127034,12
13296,4
82911,6
208790,10
82093,12
117593,17
11764,14
119795,0
187430,12
180481,0
104559,9
195253,8
171898,17
203555,12
159602,15
142758,17
31514,17
143268,0
108688,15
7479,17
55125,18
93421,2
37340,12
89629,9
10616,0
88432,19
206310,13
176388,8
166654,6
170892,0
116412,12
109761,0
2116,12
183196,6
52052,17
214425,12
193909,12
63162,14
133915,17
120640,12
196879,2
66544,19
69040,0
51620,0
190082,11
106629,0
80020,4
132683,13
213727,17
97352,12
27674,7
212212,7
13635,14
166342,12
125695,0
167514,0
149375,3
131029,0
164207,12
36687,18
107660,8
205922,4
35016,9
153601,17
67739,17
38443,14
128620,12
31162,9
32735,2
200467,0
192090,2
161327,9
563,2
41618,18
165313,16
68504,10
143121,0
142831,1
216971,2
8915,14
158925,15
179984,16
200651,9
61270,19
63998,14
51227,12
174656,7
190648,0
121938,12
161290,6
59518,10
33143,12
20996,14
196638,12
135753,0
111074,0
193222,12
37716,10
14408,10
51269,14
37725,10
153682,0
208712,0
169377,2
186522,15
191343,9
159866,0
122657,0
11129,17
54940,12
48614,0
162456,15
108199,0
170059,2
27995,2
91191,14
81133,6
119159,0
175198,6
131071,12
200059,6
147612,11
52881,17
183902,12
52347,0
37211,16
95640,12
184135,6
198195,0
197988,2
49801,2
142232,17
98061,4
136471,2
178055,3
80152,17
99174,17
153354,2
163480,0
113351,18
120756,6
116699,0
65797,16
1190,9
28349,4
154916,19
213006,7
59164,6
38989,12
168364,0
102311,6
149737,6
104091,4
181053,0
190770,0
46567,20
116971,9
9996,14
158839,0
49015,10
50824,14
54401,14
65582,17
110622,5
87703,0
148044,6
113178,6
141802,18
98010,1
44655,2
118498,8
8471,13
150241,0
179862,12
127665,9
140880,4
209050,10
47907,10
173539,15
109026,12
24109,19
213104,6
158117,12
164110,12
67837,14
51912,17
129909,0
111694,3
8046,14
79147,17
9819,0
184004,15
17006,14
2606,17
166894,17
49108,19
168759,6
29410,18
63421,14
195544,20
164494,12
65516,17
73325,10
59201,15
127169,16
84327,3
75487,17
122624,12
21258,19
146053,2
75662,14
216919,2
170232,0
48602,12
73768,18
46526,10
7815,19
22994,17
205699,15
149988,8
85246,9
123281,2
140905,0
59327,0
92985,8
155278,0
41901,14
58610,4
9187,17
10678,10
127103,0
68952,17
119579,9
14454,17
183220,15
205940,6
65864,0
181434,12
182417,12
68835,14
18856,10
126919,15
146567,15
2427,10
186946,10
72465,6
60939,0
152099,0
95265,15
158223,17
110999,14
83403,14
82695,11
72015,0
147222,17
196064,20
2245,3
61794,7
190234,12
108685,10
181395,8
19237,15
15853,14
141027,17
210149,12
48269,10
69464,12
184494,2
124339,8
115271,15
53458,14
207283,6
131478,12
91224,0
166994,12
208187,0
44108,8
124127,3
83238,10
146188,0
48778,12
68950,19
142482,0
26021,0
166641,8
179759,13
99935,12
70872,15
214491,9
78423,12
79211,14
83027,17
33103,12
21657,18
10639,12
183709,10
25420,9
48891,14
165869,6
199687,7
7262,14
166419,12
105719,0
84229,14
175419,7
203410,15
72326,0
49020,12
209247,0
202066,12
215236,15
198224,6
92670,12
164085,6
150174,9
95851,12
26107,10
47542,10
67939,19
132393,9
49276,12
126023,3
154380,3
113625,12
157244,9
132161,12
103742,13
104917,10
6679,2
137302,6
115607,10
26443,18
192002,9
35318,17
2969,15
50921,2
50882,16
17958,17
172195,12
102171,15
121146,15
124305,0
57129,10
173957,3
38552,3
153271,15
215050,9
127503,15
136185,0
54331,12
99955,15
116368,0
153233,2
61105,17
102571,13
68309,2
6035,4
113082,12
13749,10
209029,15
59663,0
49940,12
159506,15
178006,2
148433,0
64444,9
55075,9
55314,18
85552,15
182447,17
128689,0
173787,2
21249,10
76915,0
97536,11
215846,6
170566,0
14109,12
138699,12
110936,17
97108,8
84246,18
66604,0
210994,12
105137,9
170629,15
43742,15
101449,9
94634,0
153347,0
201157,13
68534,8
43220,0
150117,5
133023,18
17633,17
99818,19
125289,15
172157,9
184252,0
43200,0
118573,0
56418,0
47296,19
37914,15
72289,3
100328,9
64608,14
209080,12
149783,0
174114,6
120555,0
110630,0
216733,0
107060,18
133293,0
103876,0
24815,12
151353,0
23770,14
89844,19
115159,0
129484,0
210953,12
182531,6
5583,4
79943,17
71682,14
95473,17
210369,15
170472,0
89911,9
67619,14
180822,0
76147,15
122189,0
215160,0
5112,0
109909,15
147448,20
145115,17
176222,8
89546,9
195278,12
216905,2
216556,0
184961,17
147624,6
60188,0
75360,15
124055,2
28104,17
159364,12
135488,2
138907,0
140652,19
77811,16
96210,0
211096,12
216363,6
107519,10
71301,14
67701,15
191090,2
78540,17
157029,3
61112,17
69817,12
107474,3
190187,0
66147,0
171719,17
889,17
92405,6
33791,14
26496,3
197643,15
120134,10
174941,1
134100,3
107864,12
5187,3
50066,0
164656,12
179141,6
159940,3
182374,2
120377,3
120374,3
115797,15
140232,2
36550,12
156251,3
155841,13
40002,9
190244,18
87925,3
45146,15
203805,12
46227,0
16877,17
126256,19
24064,3
156725,17
65136,12
48578,16
196440,6
108312,8
148700,9
114634,3
46683,0
168508,3
188175,9
198829,12
194764,0
85378,12
48813,19
32753,2
52344,0
38078,8
138873,15
159739,6
116670,15
75136,12
127765,9
72269,2
2700,0
4476,12
96268,12
59368,12
193153,9
186792,12
13548,17
107299,9
43799,9
189941,2
51277,12
208914,9
1160,0
27318,14
47854,3
29139,12
115561,6
201624,9
75105,0
43198,0
197832,6
59020,14
211885,0
169617,0
78070,8
115186,12
53287,8
33352,2
146547,9
206074,13
91135,9
90710,10
196754,8
125404,0
50061,0
56146,14
56774,0
146390,0
57284,15
22392,10
180545,11
65814,17
215218,15
1312,14
28465,2
104495,0
112718,3
162854,14
17081,0
30173,12
57489,14
54958,14
130693,18
94197,3
93656,0
56634,15
3353,15
74230,0
158371,3
175852,0
195087,9
173347,9
39076,17
142866,19
46699,8
115011,0
157128,0
13655,14
176468,6
159728,6
182235,17
84800,0
155819,3
80160,19
98555,9
136128,6
94123,8
212748,8
84048,17
89961,8
144242,3
5346,17
207544,1
86790,14
33828,17
49155,0
207601,13
201661,12
152095,0
213712,12
112836,0
20043,0
51392,9
26670,15
200249,8
56958,0
99607,12
62731,14
211688,2
19800,10
163850,17
140340,1
119761,12
53380,17
24439,19
9397,12
193413,8
73965,8
181154,19
33252,17
137694,20
213049,12
151531,12
134887,15
183929,8
213013,10
147404,9
33032,2
107198,0
87434,17
178913,18
31993,17
76463,14
54634,17
197018,0
177208,6
84918,14
187396,9
130127,0
54260,19
5556,18
154272,12
15304,10
183205,12
28284,8
107758,12
59156,9
164129,15
175541,12
132893,16
1494,14
32496,12
106166,2
211712,3
187817,8
194743,15
127981,6
65833,0
69907,0
216822,6
87594,2
167306,0
109477,0
36353,14
13624,10
11242,8
132496,8
80718,7
117212,2
143817,12
43218,0
167851,7
160455,20
59995,17
23637,14
181541,12
25355,19
94432,0
106339,13
167010,12
124732,0
106401,0
116048,0
170295,6
187046,12
148026,9
168244,0
170197,3
164552,17
104988,0
54661,2
74775,3
12252,3
167074,8
19902,3
61329,3
113011,0
55649,14
3612,9
60119,9
116064,0
70440,12
23677,12
37804,0
3664,0
200910,19
208673,12
49821,0
82024,17
47116,16
59088,17
142244,15
161395,2
51840,0
205840,6
799,0
60458,3
16752,0
71655,20
210440,6
66737,10
129457,18
211173,19
131734,0
148477,2
25505,3
94449,8
210768,8
24859,14
149990,8
198887,6
119077,0
7101,17
159969,6
205673,12
15132,14
165153,12
42210,13
27446,14
142427,15
17062,2
68891,14
31063,17
96108,0
15024,15
102602,19
159151,15
197808,1
113723,3
80074,15
87564,0
215246,19
175400,17
108795,12
16372,0
8248,8
76712,15
128076,12
10817,14
69162,14
136615,18
157734,0
166208,13
41529,10
86281,14
186844,9
90327,9
203646,8
213816,12
52268,17
10439,15
84071,0
125882,12
50616,19
81940,14
156935,3
84754,2
134555,0
63857,17
152303,12
160741,6
30208,17
50773,14
175731,0
7729,2
86312,14
99792,9
39105,0
88933,14
85995,0
214415,12
126507,0
156333,0
111451,0
127718,0
134207,0
105312,6
1598,2
175606,8
131509,0
61537,0
193989,12
216258,3
174852,6
57936,15
214752,12
191760,2
75977,14
81917,11
378,14
205618,3
137334,12
69645,0
139084,0
167021,9
28941,14
190732,6
68564,14
105083,14
30908,14
25606,14
69445,12
161472,2
26143,14
187717,9
8005,19
55904,0
147955,12
191362,8
73140,10
199189,6
14593,14
193826,12
63687,12
2788,14
203336,0
66337,17
177701,0
105378,17
73221,2
190018,12
152897,0
20640,0
147897,0
199068,19
116698,0
195784,3
12078,12
89441,2
40402,0
159848,3
70477,14
41184,18
146743,17
11532,14
177837,4
149057,0
53037,14
166523,17
21214,0
134380,12
124153,12
18008,14
123543,6
8787,14
126211,3
10973,14
177049,0
39584,8
22547,8
130493,3
89898,0
73214,0
5321,19
108443,0
213668,0
174822,13
166177,1
56627,17
107447,0
194256,12
165074,12
65175,6
189222,15
101692,16
210257,15
185162,15
105411,4
128824,0
108815,9
200776,8
44626,14
30645,12
40922,18
64679,0
73577,14
83615,0
3963,14
168959,7
71986,14
70580,14
87033,17
154537,0
31429,9
215256,15
73501,10
35121,0
205546,8
80450,18
78924,10
151811,6
180103,2
15400,12
199505,3
44410,1
26029,0
185889,12
114652,0
10768,17
135625,17
124769,9
55867,0
153294,17
187456,0
16801,14
100853,13
128275,2
71958,19
138598,17
24227,19
166007,15
19244,17
154165,0
162116,3
176981,16
134531,13
37354,8
134600,12
202271,15
70798,15
67533,0
35031,17
122872,8
139569,15
141375,0
146970,12
54935,12
69155,9
212069,12
96442,12
188180,9
67722,14
148629,1
36832,19
179257,12
181359,8
72508,14
189023,9
184899,16
54865,13
150155,0
165775,2
170327,9
115627,8
44521,14
91825,0
58858,0
188471,9
155097,8
17426,10
202736,15
41449,20
191798,16
64668,2
43182,3
132421,19
53309,18
64994,19
102012,2
56048,0
170926,12
199506,0
37559,8
59907,17
67818,15
44522,14
76479,14
67823,14
81346,14
39238,0
89736,14
68235,14
146261,15
139184,0
78973,0
167116,2
170035,17
46693,8
22090,12
210452,12
123052,2
26807,12
215327,12
45245,17
155479,0
8949,17
180847,8
137867,2
77209,10
4012,17
110691,12
123596,9
211400,6
206942,12
34891,19
6551,14
8311,14
141770,2
25852,15
195016,12
134386,12
75775,15
24081,14
64368,12
137404,0
33494,12
36935,12
34232,2
140825,12
132853,3
183721,0
8491,14
158716,19
82333,14
67059,8
185202,12
201217,12
119472,3
138040,15
121011,15
169057,2
163228,15
134703,3
72267,2
112994,4
97807,19
154312,0
156276,12
42737,17
50714,7
95386,0
4306,9
181048,0
24757,19
212968,15
61869,12
43612,3
89031,8
72110,15
136755,17
140895,15
146518,6
28518,12
86541,10
79186,18
81603,17
106045,17
117680,9
135099,9
140490,3
189002,9
204953,15
147919,0
198477,6
149202,15
79702,6
88269,20
180996,9
47404,4
201501,12
117995,0
101940,9
191899,18
46633,17
168099,8
140094,0
100660,15
162117,3
52611,14
175266,6
79639,0
28171,19
111047,15
122906,12
169822,0
28280,2
30942,3
31013,12
214765,12
45243,17
156466,3
160221,12
106285,0
64572,2
69237,12
113115,15
28710,12
23589,3
94919,15
57441,0
128775,0
49374,2
194949,15
86017,0
176675,6
53013,12
163364,6
151537,12
209317,6
109074,0
106785,0
191917,12
138944,0
165948,3
37409,19
176258,8
13247,0
91606,2
65966,10
143442,16
183589,4
210279,12
14762,2
205879,13
213438,12
147530,12
110193,15
67054,9
192373,15
190016,12
106596,15
202220,12
207083,13
1128,19
20898,12
157849,0
62974,15
198702,2
138906,0
201408,9
161068,0
115918,3
175379,15
152306,12
152997,1
25928,19
50724,14
170484,0
157359,9
25601,14
132196,15
128947,13
158076,6
111355,3
11795,18
122535,2
186317,19
33222,19
60221,14
81965,14
193115,17
214906,13
7880,0
86955,14
125481,0
194627,12
167425,2
183792,12
187374,9
208562,9
173951,6
77102,17
154752,0
51908,17
168398,3
95306,0
176030,6
153448,2
19214,10
135787,0
48518,14
162577,0
100323,2
184683,0
59651,17
157110,0
46181,14
20541,9
102038,2
35349,12
26566,18
96900,13
76151,14
184945,12
79101,0
165942,6
50190,14
126777,0
110615,12
36390,14
178235,0
114391,0
24637,0
79705,6
183772,15
67313,18
173269,2
37335,12
159337,6
41240,10
131672,2
69571,2
129950,3
90958,18
172270,8
111333,15
205409,15
109906,16
180195,15
155583,1
197704,14
48631,0
17684,0
216512,15
125690,0
10761,0
142722,0
196522,12
156446,3
6864,0
46518,12
213069,15
104267,0
82936,14
42787,0
43639,0
188332,9
114850,0
121785,8
24562,17
143083,0
160578,15
5544,19
88564,9
72366,12
125552,15
7097,17
86387,18
9857,3
144241,3
7771,15
49878,10
127309,5
91626,0
174788,12
10925,0
210158,15
105566,15
151219,13
106714,0
36110,3
146817,12
147410,8
12817,19
202009,13
147097,12
134094,4
163911,0
143821,2
154194,0
18765,4
79174,17
51650,0
54290,16
194176,12
85881,14
186731,9
90118,17
159785,15
25509,2
121627,9
24544,17
139087,0
161312,12
31204,19
80032,12
62879,2
123779,3
14434,14
105337,15
15404,15
194876,0
117149,18
59476,0
108870,0
79443,14
60285,12
176966,6
107045,10
178101,13
60743,14
117997,0
154683,3
118187,0
2499,15
199041,6
135400,9
109930,0
16220,14
200583,1
123004,6
54906,0
77755,10
118776,0
70373,12
132500,6
130866,12
161513,9
30526,0
87412,17
79389,0
189554,16
144684,0
48031,10
10628,12
107291,12
26422,14
193234,17
153135,3
204998,12
179771,12
155764,15
135572,0
148368,6
77353,14
118362,10
129115,6
191874,9
203369,12
195060,10
31918,10
68382,3
66654,6
47010,11
157366,2
177339,0
161114,12
27629,0
43888,12
165521,8
188526,2
26410,14
29210,14
102825,15
100469,20
61650,14
161579,0
20135,9
131362,19
57957,20
87189,15
173821,0
126682,0
198442,0
16330,3
197677,8
46669,0
107436,0
174238,3
169908,19
53303,9
65583,17
185596,0
186767,0
137072,0
197202,13
30156,0
4351,14
109554,11
152177,15
74148,14
74802,17
180081,15
31601,14
48649,0
183511,13
190488,9
136820,2
27401,2
67621,14
1074,0
75305,0
50477,0
28339,9
50073,0
144391,15
52799,14
14610,14
16345,0
176427,2
195375,3
102378,12
199500,2
26928,17
20847,12
181219,9
28161,17
33982,14
44973,8
45089,0
124308,0
175237,14
40036,0
85918,19
169165,6
34724,10
132879,7
61513,1
150124,14
215903,15
44302,10
182906,16
63305,20
41137,12
164184,3
7562,19
207675,12
197271,12
177204,6
181393,8
44955,10
198068,15
44246,17
166684,15
54748,12
140715,0
5646,14
39835,17
90713,9
182965,4
20025,0
194357,8
53840,17
125390,0
190159,15
178507,17
159437,3
53133,0
28713,12
37668,2
25832,14
210190,1
38642,14
156242,6
150914,8
152908,6
62765,0
113225,12
175274,4
1373,20
215649,13
129717,12
42195,0
96912,0
112445,6
162935,12
94442,2
1063,0
4906,13
66126,3
52565,19
188481,9
461,20
83193,19
54966,12
136168,0
74826,19
56814,10
11486,10
189610,17
202787,6
92036,6
171368,10
7108,14
12587,14
147726,6
79021,12
178277,13
135411,9
196866,6
42784,0
128973,15
196297,18
63101,12
165097,0
3598,12
147172,5
130305,0
178373,10
28126,14
150251,0
67824,14
115330,3
27231,15
112706,0
75036,17
103507,18
19789,9
28112,17
1658,16
89966,9
3979,18
207624,15
136205,0
95943,12
64011,12
93889,0
102954,6
54536,14
52295,0
187348,0
123518,0
135284,16
71468,0
19161,17
26873,3
15884,18
202630,3
14544,10
22169,17
78648,10
43471,0
202791,15
101096,3
180067,13
102470,15
156264,2
56981,9
34203,17
4281,6
80899,0
150025,0
89485,0
121814,3
115540,14
7119,0
26211,3
74432,11
81561,19
32112,2
216144,12
29813,12
9792,17
208256,16
153918,3
2580,14
92570,14
139973,9
124854,13
190673,6
63654,12
144129,19
68355,12
26688,14
185785,9
99224,2
132656,6
101912,6
140793,15
10242,14
183580,8
202860,13
86961,14
11816,20
161277,0
130453,0
67566,0
120101,0
89237,9
61634,14
83565,20
32935,14
609,9
82748,0
145629,17
64439,10
164463,15
100707,6
8389,6
155679,0
69363,3
165121,8
14336,17
170200,3
65312,19
127491,19
61546,14
202141,6
148241,9
197575,12
54840,12
193584,12
186412,9
40042,2
114020,19
64354,17
108965,17
30103,18
72116,16
171654,6
23751,19
10158,15
20525,6
35698,12
113269,8
4982,8
19544,15
173013,9
208392,6
151157,0
211031,15
161044,15
121555,9
63945,8
187517,15
170360,12
28127,17
32140,14
86041,10
197958,15
173262,12
165624,12
111361,0
8276,14
127441,0
111817,12
130962,3
189931,9
127146,9
13415,6
29809,17
133098,2
148609,0
170690,12
204254,0
42355,17
98327,17
78481,14
126961,15
53422,12
143651,8
49337,19
75961,8
158891,12
197603,12
36275,3
89339,9
115687,15
119702,1
31908,10
92787,12
53816,17
172312,12
149411,12
130233,9
57559,10
37387,10
21514,3
108161,0
127756,1
9210,2
128673,0
189953,8
148137,8
29560,14
121349,12
101770,6
152340,0
31151,6
17459,19
8477,14
210664,0
201097,12
87503,10
28797,2
48606,0
69843,4
208603,12
207222,13
37572,12
120727,8
191823,2
12615,2
129983,12
151101,12
203000,12
69316,2
59467,17
2686,3
87819,17
33221,19
84663,19
177068,9
152163,12
171827,0
202784,6
26854,10
59383,3
87805,12
4678,14
55640,14
43419,14
201328,12
101057,6
142663,0
113126,12
19963,14
185969,9
67504,12
57487,14
114774,0
53029,15
96634,1
122598,17
136201,2
175925,0
174215,15
64474,10
59991,18
40775,10
13478,9
61583,13
156604,15
9623,14
180534,12
208261,3
199980,12
213499,12
86545,12
186962,6
94588,18
29356,14
216900,2
117792,12
215474,12
168106,8
186878,9
205239,9
103576,2
30857,4
146284,0
35381,19
21817,8
192526,0
80390,10
124735,3
213825,17
216756,5
178646,8
211095,9
124376,0
132309,15
88075,19
215183,8
151697,12
215431,15
161803,15
107771,11
94419,15
202801,12
72187,12
43427,12
141737,17
93331,0
16041,12
6245,0
138327,3
214584,2
157679,13
1127,19
9954,10
38101,14
69756,4
81973,14
103608,9
139138,16
196989,17
205881,13
39723,0
179764,12
215588,2
104658,14
182707,7
129258,19
111316,12
113119,15
151273,5
109,12
189557,12
44152,11
68880,14
203029,13
57420,14
90142,0
42057,0
200980,15
29900,12
60733,8
56638,14
191386,19
134512,20
42716,19
191978,2
93086,14
59845,14
25473,19
77138,2
89388,17
39394,19
164136,15
181976,12
154952,1
191533,17
118305,15
93400,1
29492,12
59953,14
164575,2
173467,12
71488,2
27910,2
109885,11
180145,13
73933,12
72432,17
116248,0
38723,17
28947,3
145761,0
200389,0
54361,12
276,19
71649,14
136357,13
63350,2
185342,6
128684,6
108792,17
38981,10
108279,10
25397,10
161208,0
51310,17
176559,0
9595,14
165862,2
26816,0
17494,0
19505,14
55661,14
47086,19
95102,0
102124,12
71087,3
86969,14
36760,14
126539,2
166332,8
48608,0
132054,12
101888,9
185847,2
97680,17
153536,0
101302,19
132462,0
152679,6
145292,0
26903,15
111222,0
100165,3
137249,15
145112,8
68171,10
201183,13
18868,3
91569,14
211656,15
51899,14
1224,13
2399,8
155960,19
126095,0
50489,0
164613,6
168834,17
80829,17
166785,12
167454,9
36334,10
183919,15
156752,12
62392,10
28163,17
137602,0
140101,0
90371,0
110669,12
7277,19
55319,18
103437,8
80201,17
62666,10
159154,13
120470,0
36657,14
78724,17
103983,20
16388,10
88182,3
63040,17
13157,12
94363,4
175679,0
182841,3
25477,20
188102,15
77460,14
138100,15
5960,19
130037,0
36894,0
108103,19
48636,0
125376,13
102133,15
73692,14
75461,19
207327,12
147532,11
6874,0
96683,20
9228,0
45355,10
12688,0
120182,0
203911,15
88253,10
81118,12
187998,9
103236,0
91640,5
44991,17
3910,14
128507,9
86583,3
44353,19
19649,17
131609,6
203460,15
1058,0
3111,0
27796,10
81717,12
120267,0
174384,12
202185,15
180143,12
27270,2
9772,19
24887,14
97791,12
125619,0
194536,3
2856,10
70867,12
206985,2
129997,12
146249,16
42364,13
177255,0
86640,0
19971,0
195971,2
21161,0
19071,3
186343,9
59152,12
182878,12
17260,0
122362,17
202689,19
130046,0
79230,0
25938,17
132690,0
189310,12
178151,15
113466,15
128712,9
194122,6
210370,15
76476,12
133483,15
3036,3
57826,12
38387,17
162126,2
83994,11
138202,2
100364,15
52459,15
96337,14
182188,9
168124,15
34427,18
24536,17
2269,0
101666,12
169999,12
60968,10
126030,3
187754,12
136697,3
118519,0
129584,6
154582,0
170048,12
202565,12
19545,15
34353,10
209916,7
56334,0
5642,14
93853,17
139621,0
40886,20
184237,6
168233,16
186931,15
18879,14
211087,12
209128,6
166126,9
185935,0
155164,0
132429,15
129629,0
6596,14
155557,16
34160,4
107990,0
67271,14
75052,19
95100,0
18993,17
100283,6
16328,3
155638,12
190083,12
124449,13
77983,0
132613,6
196564,12
173380,12
118405,12
70822,3
97961,0
80519,0
59313,1
76735,17
200374,15
132648,10
118129,0
130572,15
206978,15
114085,12
29228,12
123937,0
32196,3
45887,17
51641,0
140818,3
64389,0
140109,6
188629,8
210978,12
133886,12
184091,17
156113,17
3074,14
63617,14
149082,0
161187,0
209187,8
35061,19
13521,14
105293,0
92336,5
143430,15
73472,0
215266,12
141736,18
142125,12
175216,8
152108,0
138840,9
136531,0
142977,12
80202,17
155263,0
14330,17
133524,0
208546,12
56847,14
17707,10
36521,0
25544,10
210479,9
133850,0
129924,0
125909,12
3100,15
100197,12
168603,0
77160,0
52126,14
145000,6
142565,0
124383,0
102264,9
197194,15
55684,12
118728,17
214291,15
211181,15
105731,10
142123,12
199444,6
93105,0
120014,0
7998,19
177647,8
13725,0
40774,10
137326,12
59206,14
53151,2
109612,15
103516,17
174218,16
158401,15
112936,0
141116,12
14203,17
71073,0
28085,2
178135,6
36539,10
132017,4
24211,14
107622,0
168084,12
143955,0
3378,2
94863,0
31273,12
73349,14
27367,17
59499,14
162165,17
143920,15
5195,0
197351,3
179859,12
12295,10
111143,8
90542,9
61574,12
166749,2
34786,10
76225,19
52091,8
197266,12
175004,0
114323,15
87723,8
31724,19
77802,15
66958,19
12596,17
147369,15
33729,2
13686,16
112099,12
109898,17
112161,0
94868,0
207829,3
208423,19
50282,14
1225,3
175811,12
42024,17
138082,9
38613,14
135630,15
208564,6
69047,0
96117,2
213109,3
42103,10
35011,3
33659,2
80241,2
23420,3
159328,6
11885,0
119882,2
37469,17
114275,17
17748,9
211111,15
21499,12
187006,9
30723,0
156676,12
8529,17
193422,15
8089,10
1584,18
103405,9
103191,3
92728,10
128756,15
118892,15
180638,0
63760,10
64425,12
15067,17
171436,15
136117,19
624,12
38686,19
206723,15
33492,12
76118,14
190896,8
62170,17
161345,15
40919,17
129370,15
3850,19
163198,3
38399,3
142824,3
25619,18
203218,15
156204,6
124427,4
87519,12
152858,15
200815,8
143312,12
87498,6
2449,17
207030,12
26825,0
44808,10
187924,9
86881,5
80388,10
194544,4
146301,0
75204,14
73674,10
3948,14
128233,0
125937,15
136859,12
128133,0
89050,19
170389,2
102072,3
188917,2
58556,17
197318,6
61509,7
183115,20
140080,0
39603,10
49776,17
203212,12
66814,17
77196,10
91274,9
153388,17
45037,15
203157,15
204285,6
60181,0
85435,14
203764,12
112416,12
8102,10
195614,3
73251,13
91468,9
103424,0
8819,16
203879,9
74568,18
134483,8
165842,17
8813,19
2497,15
208610,3
129203,0
79176,17
177759,6
111852,12
121302,12
21609,3
114445,3
52199,18
21118,14
168123,15
42893,17
215829,8
174865,9
208362,2
108116,15
124542,15
127556,0
89023,0
97186,12
180300,0
153288,0
153379,12
92676,0
139058,0
119596,0
129988,9
86800,18
99941,12
108217,8
76268,17
190718,0
198612,16
114353,0
26708,17
103150,0
127144,9
29099,12
140829,7
36809,14
93867,17
118536,2
128230,0
7879,0
120463,0
100627,10
76891,18
147417,2
142033,3
115297,0
66891,14
194071,12
11268,14
29296,0
197219,16
175312,13
183524,12
12421,0
159176,0
297,14
77495,15
212610,12
97343,8
95588,18
60776,14
157250,9
206408,9
127572,12
120653,12
68890,14
145784,9
4356,14
71021,19
181132,15
10476,14
111227,0
78987,0
97841,0
4727,14
175159,15
120858,9
22435,0
53725,9
83427,17
74365,17
126067,19
39933,15
72696,16
213012,12
125007,3
213200,2
12202,17
44638,17
191687,2
127322,3
144584,9
181025,15
11832,17
164497,9
152245,1
151848,0
138686,12
116953,12
145584,14
78800,0
86050,3
115304,9
169049,6
175415,9
201971,12
103317,12
48789,14
29732,14
178340,3
143226,17
209035,12
101569,13
40378,12
42723,20
214470,15
120435,19
123717,0
81582,16
108833,9
166381,8
163860,6
77598,6
91303,12
171196,18
122387,0
39129,10
196063,6
24225,14
152033,9
52578,0
17982,10
143293,9
204737,3
10552,2
62651,0
67854,17
158295,12
141349,12
41956,16
130731,2
200490,6
89409,10
140795,12
205497,17
18941,17
131018,0
98113,2
14170,13
101646,12
91030,2
42617,1
22012,4
210106,6
142467,0
62717,10
58026,17
13437,0
86111,15
106360,18
153988,17
100663,9
183240,15
113141,0
199899,16
170600,13
147834,0
8742,12
23934,4
78067,6
66847,17
95956,12
201937,15
29443,0
146352,5
79358,0
184701,8
177261,2
59128,0
135231,0
161923,9
88557,3
19429,12
11560,19
36292,0
41871,12
155618,5
203724,15
43432,12
3553,17
208427,12
83246,0
101769,6
3915,14
214393,6
197844,3
17483,8
18062,6
12506,14
126534,2
28413,19
205960,6
31153,8
92272,15
161423,8
41434,14
186602,9
216800,12
3999,19
39765,12
162910,3
161229,8
194317,2
64350,17
114867,0
8425,10
162695,13
207316,12
49136,15
60465,14
49731,15
68830,4
65784,17
211970,0
189541,8
45179,14
13524,17
167044,8
164840,0
159322,8
151407,9
110263,8
113050,12
73509,12
19648,17
126259,17
145233,8
48105,4
195420,15
760,14
184170,9
127547,6
98486,16
22281,17
114184,3
171934,0
154446,3
53861,17
194939,17
22500,0
176106,0
202316,17
194228,12
204029,12
191358,6
136015,15
203792,15
40435,14
2053,8
194566,19
32973,13
117305,12
212989,3
18560,3
211272,15
196816,12
88673,18
216125,12
74661,3
38032,3
21110,15
147976,17
103267,0
193504,15
3395,0
68248,14
129511,6
144738,3
202466,12
63510,2
78401,17
28267,0
180292,15
9240,14
214403,12
104107,16
3739,10
72337,12
187053,19
59617,15
76063,0
60839,20
181026,15
80976,10
175998,15
183599,0
115853,17
202221,9
114631,0
155624,2
76281,17
206247,12
176954,13
210395,0
197969,3
140752,0
1913,14
186770,0
207571,8
107273,12
49286,19
157807,19
96984,18
47407,2
62446,17
118244,0
16397,10
181969,13
40935,17
92354,8
36405,17
7341,3
94727,15
24398,0
90661,15
197831,6
159626,3
101558,10
135263,6
196995,15
86945,19
93084,12
189917,15
97068,3
145185,6
10950,12
137433,0
186341,9
3815,16
3032,0
144106,10
200229,0
179297,3
103160,0
149973,0
116991,17
25487,17
107902,10
31900,6
183091,12
103799,8
122513,2
178442,3
76809,14
6859,0
57635,18
130486,0
167974,12
103593,6
12814,18
46048,15
62046,0
52919,0
39078,3
112291,9
51726,10
213843,15
39851,0
208598,9
93899,0
55403,0
54481,3
30342,14
80326,12
12365,14
11852,2
103075,10
129024,3
150681,0
146231,9
198908,8
170408,0
75693,9
61808,0
17013,14
24699,10
100084,15
15477,17
196213,2
143409,6
23134,0
8622,15
170807,3
107136,6
163888,12
52771,9
91537,17
101783,3
12105,8
84502,3
136219,12
55826,18
148717,2
41656,17
58989,17
206524,12
1705,17
214730,8
5342,17
113712,0
175277,12
77110,17
35151,10
63552,2
180151,13
68216,14
16943,12
135166,0
93010,1
61384,9
109127,8
40266,0
44994,17
44487,14
180433,19
70286,2
12315,18
87524,14
179849,12
104444,15
189235,18
145427,0
24673,4
107742,6
64929,14
72155,14
123994,2
43640,0
205446,12
109957,4
48680,12
172426,12
143163,0
198738,9
166714,6
180260,6
141422,0
48533,14
64269,3
199642,15
63864,8
204875,0
188671,9
168242,2
23405,1
86868,12
31359,17
66750,10
10912,3
9428,15
140834,12
117822,8
50012,16
23297,15
160202,2
84224,13
114334,15
110701,9
56160,15
198168,15
96908,0
21702,0
78899,13
124995,0
86654,10
65982,14
57695,17
163849,0
55184,0
26714,17
216824,8
83720,14
5621,14
11967,15
212637,15
56250,17
23631,18
114770,3
168111,18
15424,17
45736,0
147324,0
187342,0
25775,18
126816,0
205534,0
162065,15
180858,5
144987,12
127462,0
72485,14
164159,0
41660,17
184523,4
30649,17
210268,17
49808,2
110781,0
135522,12
210472,15
149727,8
104112,15
72645,0
70688,9
164945,15
104555,16
197148,17
77718,2
147997,2
92637,10
173571,2
154951,1
115200,15
191097,6
6524,9
41276,14
159985,4
66342,17
122915,2
176673,6
89779,9
210324,12
19189,9
183803,19
11349,0
73716,14
53654,18
84447,12
2656,17
9108,14
142705,2
84000,10
62476,17
18749,0
118965,2
125696,0
152682,0
165575,0
90563,9
34385,12
141362,0
12633,4
145351,1
26547,14
71119,17
72145,14
161842,17
51749,15
151044,0
57572,8
199610,0
135931,15
195158,2
54094,15
176211,12
142961,17
80136,14
211280,12
116111,0
46578,17
105447,9
79973,17
16627,19
76300,0
95664,12
131974,0
87586,2
37095,14
129761,15
55619,2
103183,6
25150,12
100770,0
177871,12
160747,6
161013,19
152571,0
794,15
10942,3
163388,0
190720,0
123211,2
140063,15
32380,6
74342,19
123446,12
121098,9
131161,0
211080,3
52261,17
139253,12
164674,16
50341,7
112335,2
161252,15
13035,10
90192,0
49095,14
215622,17
120161,6
143270,3
120681,15
205591,17
98574,4
43531,15
39821,19
20752,0
69458,12
114247,12
153345,3
122723,2
97464,0
139981,3
64299,14
96791,12
34036,14
207900,15
87734,10
103306,19
185040,0
102654,1
158908,15
152358,2
63471,18
117934,10
125730,2
21662,17
211525,15
55279,12
175570,13
90221,9
88711,9
29182,10
44506,14
164571,9
169693,0
168531,7
195826,12
214740,8
93188,15
168912,17
31258,0
23737,3
126511,0
143060,17
117890,3
129496,0
166565,6
203524,6
96660,0
175354,6
201778,13
122340,12
182660,12
202887,16
133197,8
18692,12
151909,12
126727,6
106537,12
73309,3
93320,8
75263,2
21737,2
213197,0
180768,9
36808,14
196765,3
128866,19
40516,14
118142,1
151198,12
158427,17
203110,6
51221,0
172406,12
32916,3
161042,15
47029,14
87232,12
201614,2
19483,3
147095,12
2918,12
14245,12
189356,0
164118,8
34690,8
87069,0
169536,0
174734,13
114620,0
179156,6
74221,0
5078,10
94369,9
171487,6
128991,15
146741,18
49315,19
186810,9
30366,14
86091,10
139859,12
143379,3
131679,3
216663,3
21843,12
158489,4
99362,12
185638,9
47579,15
26900,4
210057,15
57709,17
18884,14
97508,3
95634,8
40111,14
197081,13
212877,8
188390,9
136378,12
207454,6
197773,12
191614,2
205449,10
161276,0
22101,10
43511,0
169525,12
550,0
44129,3
99478,0
136891,15
198255,15
49789,0
145465,12
186597,9
40581,12
121718,0
13701,12
202953,6
190260,15
107093,0
161618,15
9848,3
74607,17
203991,12
84114,12
73654,14
34671,12
95001,9
115446,0
181669,0
145980,12
82334,14
108236,3
142141,17
199970,6
124285,12
188258,15
42229,6
158385,6
57893,0
27803,9
35697,12
35878,19
4821,1
191977,2
140205,12
190927,0
194092,19
76795,10
171213,17
163054,15
90976,19
198250,9
30599,9
107915,6
128733,6
213977,6
149216,16
79949,19
83825,17
161722,15
69925,0
118989,2
114351,0
10868,14
56472,9
187095,0
91421,10
97606,0
63268,8
61272,19
8392,19
34788,10
120701,0
150008,17
175331,15
179607,3
154901,9
130112,6
189313,12
72358,12
197000,15
26160,19
83409,15
132200,13
60466,14
5183,14
71159,14
25701,12
54729,9
7339,3
131596,15
16599,9
191350,9
120548,12
34623,19
181355,8
79560,17
4466,12
126014,6
83287,11
122283,12
70873,16
96020,15
139726,16
81088,0
22586,14
124390,4
70492,14
196164,2
176242,13
41163,14
114059,6
125230,0
6964,19
82013,17
97486,7
83473,9
168315,12
84193,9
55121,18
45568,13
121977,0
140158,3
107047,15
195033,12
85326,2
196587,12
21508,0
13071,12
19324,0
60387,14
91503,9
21602,9
59973,14
98472,18
51832,0
182251,15
186429,15
67048,12
173464,12
170470,0
31461,13
157301,19
81775,14
62770,0
24734,14
204789,12
149564,9
33443,12
19969,17
148476,2
192801,12
199477,17
60921,0
61675,18
194971,2
52467,19
49889,14
97542,4
76007,17
136760,12
202438,12
75007,15
23004,19
148132,0
199817,15
55465,3
150285,1
24900,17
197331,12
142596,12
5693,17
134209,0
156530,0
107254,1
148909,2
48628,3
14776,0
36500,12
36184,10
20304,14
73014,3
37231,17
39361,14
40074,3
151155,0
186760,3
128833,0
173375,13
149261,2
75442,19
87451,0
183430,15
124446,15
128165,0
127271,16
159786,15
132731,1
96992,17
37241,2
129333,12
56678,6
2025,14
178928,12
89032,8
13018,3
216169,12
193623,3
55655,14
103476,9
88956,9
57078,0
150758,0
10731,17
99845,3
102687,6
170705,9
89407,15
201556,3
92119,12
88879,9
77300,14
214918,2
86144,14
138291,0
70590,0
213100,6
152937,12
68820,12
185658,15
113540,12
194849,13
118697,9
102674,0
95145,2
30294,20
65052,17
118885,12
84079,8
7803,15
3308,19
215811,2
12603,17
78356,17
188117,3
189714,12
26454,17
176493,12
206768,15
19094,12
104421,18
89313,9
162294,0
125013,2
162986,2
81607,17
121704,15
55493,12
174553,15
44374,17
169395,12
95213,15
212237,3
134701,3
159717,0
42390,12
142070,15
174110,6
152558,0
194801,12
97743,0
87112,0
87156,14
212894,0
121013,6
150807,12
40443,15
116585,9
143613,2
41679,0
99294,2
149742,17
127628,0
24998,14
36317,14
214170,12
171647,0
183735,0
97900,12
54515,14
216478,8
190612,17
173420,8
92621,19
45661,19
93694,0
151651,3
176911,0
11562,20
158368,3
13449,14
120744,12
134205,0
205353,6
78905,19
29733,14
38975,0
4128,12
46546,8
182960,6
64420,12
79574,17
66652,0
94,0
17603,19
62271,3
450,19
113191,0
190248,17
212213,2
181081,4
138545,2
54503,10
95746,11
206557,15
214449,15
131735,0
73865,0
166897,15
204347,2
22569,0
176901,0
30875,10
148457,0
40887,20
163608,3
10159,12
206384,12
54613,17
21352,17
131573,12
96986,0
179657,12
38053,4
86990,18
202722,0
66422,8
73246,14
110326,12
201021,16
50425,19
54384,9
134509,15
98395,0
176223,3
117045,0
118712,12
27517,14
164381,0
120558,0
143922,15
1973,20
1300,14
197151,17
109660,0
15721,19
186664,6
94054,0
107076,14
114101,6
122308,0
112913,0
216129,9
57454,15
12035,19
120885,12
49065,12
27704,14
9409,3
121964,15
19360,4
68065,0
180461,3
96528,2
60017,19
156806,0
57296,0
22072,0
98202,12
118563,6
100085,15
208318,12
110677,12
135391,10
191413,2
216945,0
181725,15
122707,3
145434,0
96035,13
148828,2
176574,7
60934,0
22082,6
98352,15
177346,6
206714,6
10824,14
88738,9
61051,17
78846,0
203160,15
141534,0
67879,14
202921,2
59390,0
104025,2
73955,6
80764,9
215031,2
1930,14
25016,17
6540,9
203900,12
48597,17
130926,0
126128,1
206245,13
82342,14
55163,0
144498,2
188334,9
174117,12
30766,10
12667,4
211046,2
170921,12
74389,2
194776,6
205023,15
43906,14
162484,0
174710,12
210785,3
47547,10
155816,3
124457,0
93951,6
194846,13
163259,1
114264,12
98899,16
72047,14
210284,2
5552,14
157609,8
41531,10
211766,15
79037,19
35326,12
99708,2
84034,18
87453,0
141830,0
54073,0
7126,10
50312,12
72849,14
151511,0
145446,1
109814,15
140679,9
100217,14
121731,0
21866,17
123860,15
116630,3
45224,16
92161,19
134437,0
54077,10
65011,19
100022,0
43641,0
49163,0
74916,14
66928,14
144254,18
94366,6
177469,8
193707,0
149039,2
74054,12
47560,6
164982,0
193818,6
18019,14
135451,0
196790,8
75936,0
186850,6
87121,18
127578,12
201617,9
20997,14
165429,15
157134,8
180554,8
110837,6
23581,6
5860,0
148301,0
140475,3
123794,12
67315,18
42661,6
121688,15
119087,3
24766,18
164874,3
37472,15
22110,10
10295,0
86436,17
24568,13
15854,14
131959,12
192268,2
113133,0
119239,2
215364,2
140749,9
111627,2
99393,12
38222,17
200589,5
198425,17
25691,0
54973,12
15316,7
102851,0
13541,18
147277,11
167871,3
145458,12
200805,2
161818,12
163633,13
199745,2
45127,15
118863,19
89128,9
203292,15
80600,19
80782,14
44052,0
197968,3
198107,4
165855,0
122862,12
67459,14
188272,0
129842,2
173843,2
130594,0
115130,8
86591,8
83672,3
75434,3
17480,17
91140,12
46190,19
124147,12
54541,14
1979,14
216029,15
63664,8
110449,2
64103,17
44589,19
177977,20
210248,12
204235,3
11220,12
122226,17
197891,1
209061,15
93968,6
215376,0
17029,19
43706,12
205325,2
198969,5
149126,2
165223,0
143285,0
150086,0
71343,14
115671,0
163320,9
6994,14
76431,9
102366,0
115909,7
44656,2
21644,12
11888,0
9398,10
24261,17
161487,6
204824,12
64483,19
23655,0
171249,9
153494,17
4388,18
11319,14
68807,10
24049,10
62980,13
9710,14
195611,2
188503,15
83789,19
156634,0
14461,6
135950,0
203227,12
2650,17
22713,0
79612,2
193431,12
20870,0
180139,4
62125,14
28889,12
183117,20
211905,9
168055,2
76037,0
170662,4
167426,3
184094,15
152410,17
169793,19
188783,6
57574,6
215043,6
51651,0
80165,18
197877,15
146907,8
11400,14
212355,4
145517,12
88517,6
86960,14
85819,14
28774,0
159953,0
185943,9
33462,2
83452,4
121337,19
113289,19
105841,0
131214,0
40530,17
26651,14
196280,12
70728,12
207414,0
101741,2
102523,8
87273,3
84457,1
135255,12
188780,8
192588,12
171573,8
81737,6
159380,16
88640,9
94306,0
210486,17
71592,3
70958,2
180617,0
69873,15
84100,14
16239,17
123954,10
166868,8
155306,2
105182,15
65256,0
62449,17
63261,9
25482,16
33119,2
159707,0
22689,14
208192,0
101021,12
44387,17
39880,3
23621,19
148172,9
13654,14
1172,12
124863,15
153398,15
139097,12
92120,17
10156,17
184575,15
184604,0
10326,15
113278,12
174760,17
35488,14
177345,6
78996,0
32792,12
124480,0
67681,12
84524,8
187811,9
190167,13
98329,17
65086,2
146733,12
157393,8
54404,14
90170,14
103721,6
206568,3
121064,15
95611,0
216619,12
41973,14
161559,1
36690,17
166101,0
154552,0
202928,0
84429,17
201275,13
210757,15
350,12
156631,0
2413,10
270,17
168738,12
166876,12
85422,0
69430,12
144678,0
8951,0
48831,3
205071,15
20421,3
6509,0
25392,0
99097,9
196747,15
64341,19
117501,8
66824,14
81619,0
104342,0
108832,9
37112,3
187529,12
146483,0
149548,17
184423,0
115134,12
158936,15
199744,2
131832,15
204378,9
157774,12
14342,14
29437,0
11167,2
101821,19
81463,14
150201,8
82162,15
214017,15
80170,18
139553,12
26277,14
136405,16
101931,15
169837,0
67036,9
154574,0
142688,0
101116,14
184630,4
191192,2
19314,0
62784,4
181344,0
172937,2
135697,12
70164,15
52251,15
102984,12
174535,8
115663,9
137974,6
170850,9
106861,0
81830,8
35761,17
29575,0
157056,12
162821,13
177165,17
17609,18
41300,19
184412,3
212307,2
206152,15
22777,12
58431,10
16475,4
33807,19
140073,0
135471,0
131070,12
77334,19
3375,8
29584,10
110059,7
190291,0
17800,18
40934,17
33885,12
77351,14
18161,14
117159,15
102241,0
207847,12
123368,10
71630,14
82124,14
97402,18
193472,6
166418,12
79064,2
46594,0
186689,0
80419,17
166885,12
191042,9
136900,12
28585,19
3520,12
18344,0
99041,12
148644,2
9647,0
102911,10
196524,15
203407,15
104373,3
117575,0
186203,12
10143,17
10733,17
23953,14
169636,0
61453,19
110872,3
101511,9
150507,16
216633,8
31531,3
71775,14
19743,12
146928,12
26356,3
91699,12
27625,0
174653,15
137721,6
78951,14
57984,15
36593,10
149064,0
205744,9
196615,1
106952,13
97515,12
99452,6
91788,17
188223,15
161166,0
124271,0
17797,17
185941,8
181175,9
160619,12
166223,15
7269,18
148518,12
105935,16
133145,8
111987,0
187518,15
70333,2
71399,16
86359,15
53764,14
4176,10
34210,17
892,17
11258,16
6624,20
108491,2
133476,17
174516,10
21787,14
104498,0
76528,14
77756,12
189479,8
23171,17
195170,15
85012,14
212377,12
182017,12
69305,16
158705,12
26837,3
132954,6
128921,0
41418,14
78344,14
65213,15
38017,3
13450,14
205092,3
19112,17
136923,0
45227,17
36770,14
39746,14
44753,12
11211,12
206507,6
69352,10
43765,0
75857,14
72769,2
91382,12
25470,19
166103,0
169765,8
38730,17
47264,14
203527,8
37086,15
183672,12
132296,3
35402,17
133600,13
211546,1
57990,14
17880,14
53379,17
126133,0
11159,2
130164,17
211244,12
153152,0
125783,8
53385,17
108651,3
146964,16
157223,0
46926,19
143053,12
57342,17
60007,19
16344,0
75994,19
84350,3
88526,8
76024,19
137344,12
148999,12
49640,0
21881,0
25319,16
126911,0
132298,19
57675,10
169220,0
91506,9
203023,12
178318,3
203134,12
135010,15
148792,0
91521,12
96957,12
188705,12
190856,10
193369,12
175651,16
91204,14
206010,15
167475,0
177763,5
171387,0
140355,0
27195,14
97096,0
29115,0
120759,17
105484,12
159271,0
144741,5
55971,14
146838,19
95345,2
74808,16
27100,14
117206,3
26462,12
214039,0
19511,12
70022,12
15521,3
36144,17
7583,19
132354,7
90909,12
95208,17
105839,0
188470,9
210236,5
97651,11
26405,14
189263,8
77833,14
91590,0
58640,19
13762,9
58494,0
161792,6
104293,14
77569,9
66001,15
60932,0
55267,14
203828,16
166174,6
51677,13
89707,9
22433,0
102040,4
166054,6
5685,15
81739,6
77947,2
173317,2
161199,3
121889,9
77350,14
24327,14
19143,17
168906,12
49620,12
135464,0
143086,0
100992,0
193461,4
4368,14
182488,0
213108,3
2383,1
154659,0
129974,12
114944,3
171060,9
178509,17
138096,4
124382,0
106080,16
169192,6
133439,12
190646,0
133038,13
3054,10
134220,1
184184,18
202229,8
119765,10
27366,17
123344,2
8764,14
57365,3
56650,0
158973,0
63324,18
131256,12
68935,20
90027,2
69423,12
66408,10
87804,12
14255,8
194858,2
211608,12
86870,12
33365,10
84353,8
125173,4
77467,17
71894,14
70812,0
31683,17
107606,0
44343,14
170434,6
135641,15
45240,17
9633,17
110816,0
155009,15
213799,15
208473,13
214480,6
90724,19
191007,0
167084,8
149740,17
177818,3
189991,0
182219,12
73415,17
191933,2
99743,2
9217,0
88591,14
42431,10
186208,9
76194,16
41984,14
134335,8
93973,6
107553,19
69559,17
73433,3
47855,3
126177,14
82324,14
2535,3
69992,12
104846,0
12345,10
203855,0
191989,12
179165,12
194258,12
111717,8
97834,0
135550,6
2633,17
131284,15
76862,14
167826,0
42864,14
78043,12
157417,15
21232,9
167387,0
30910,19
160206,3
112088,12
170415,6
52638,12
15787,3
20374,17
215197,8
139244,12
177993,15
2545,14
11111,17
117341,13
68465,0
190235,12
87793,8
140369,6
126071,16
196100,17
147113,0
112246,6
48737,17
163202,12
186580,19
138590,18
26895,8
127773,6
55293,13
60353,0
187653,5
100749,20
210013,8
168142,0
40939,14
147902,0
59726,14
185583,6
47196,10
213360,15
48463,10
96105,0
21794,3
136390,19
198152,16
7857,2
2254,6
15119,0
76094,10
190462,6
75967,10
89437,9
38577,14
19207,0
178568,13
37664,2
45081,0
30432,19
28248,3
56830,3
111790,2
44736,12
210229,3
160186,8
174892,9
41143,10
113640,13
76832,10
87221,17
199390,12
118312,6
116941,12
195284,9
177158,19
46365,19
82406,17
40766,12
15368,12
182994,3
1841,17
61687,17
207,12
96563,9
120703,0
91341,9
151891,2
194324,0
90722,13
32500,10
122758,12
155385,0
50935,3
77529,2
143221,20
99330,2
99207,0
64091,17
60318,17
128590,2
212390,15
110441,0
173590,0
89008,9
36595,14
27114,3
23427,0
42630,0
161144,15
202621,15
35080,17
149826,0
50075,0
146695,0
64335,18
170735,0
153208,0
160104,12
172646,16
29944,17
24489,14
80523,0
90895,12
177122,6
34801,2
208622,15
19780,9
153588,6
48157,18
120157,15
111453,0
60679,17
116109,0
51926,2
3687,16
185349,9
215385,8
171380,17
19502,0
19248,15
26020,0
97976,0
47415,20
132740,9
84196,17
59337,0
186441,9
160539,12
118074,3
133379,15
94488,15
209513,12
46979,0
204720,15
19735,0
196774,3
85669,10
115914,2
131289,0
176594,12
96741,3
171598,10
110493,17
156878,17
46886,10
208590,15
149464,0
43904,14
24278,3
4859,8
5057,0
216541,2
155364,3
14083,10
163981,4
159641,8
144166,0
74655,0
95367,19
47934,12
128385,4
83090,4
151765,3
36289,0
44499,15
140498,17
66859,14
96605,14
100380,0
142707,2
210356,0
8635,14
90292,9
209186,6
209560,0
111757,0
160629,9
12593,18
101823,17
100624,10
101082,12
115085,0
145958,0
205135,9
9353,16
46770,17
182124,15
209821,13
178275,13
97000,15
24919,3
51907,17
130867,15
66096,0
20299,14
117533,18
160405,3
155706,2
104087,19
146653,15
85120,12
184717,12
62751,18
17915,20
120317,6
12554,19
210326,12
127561,15
9305,15
39945,14
2947,15
212093,0
195639,12
197725,8
9584,3
196411,15
84702,18
128928,6
188640,12
43703,12
2163,10
91465,12
163221,12
30180,10
198680,19
132047,6
78121,19
187140,9
97906,12
22784,10
184674,9
95695,2
158672,6
212289,15
178147,3
78737,18
79646,0
62605,2
74063,19
114043,0
102607,19
169532,12
10565,1
142260,0
67,14
131391,0
189927,9
186656,9
125090,8
184005,15
35669,14
169577,12
66504,14
86667,14
95552,7
202120,3
188140,0
183400,12
97250,11
120809,0
1917,14
56064,0
89279,3
51551,17
105035,0
47800,17
140131,3
110643,0
119144,0
162109,2
185198,12
108053,13
143708,0
135792,12
169813,17
68367,14
19454,17
10203,10
140114,8
120784,0
73146,8
168984,8
65336,0
50572,14
56121,9
83950,12
112915,0
82789,14
10720,14
52367,12
140988,0
115854,17
183714,2
129288,0
199963,6
129340,10
203996,12
36781,16
97928,19
165383,3
140807,0
144321,2
22921,0
20137,3
57504,12
141360,0
167260,15
38529,17
81612,2
192950,2
128759,15
88638,19
194397,12
186712,9
117670,16
214577,3
198359,3
136957,8
15727,18
148602,0
175272,6
87005,14
24336,12
192061,6
80285,0
154090,9
207309,6
6194,19
161228,8
28474,13
114713,13
123683,2
157943,12
136048,6
52758,10
144866,2
93920,0
92006,19
175351,6
33676,0
153781,0
66453,14
38700,20
211469,8
207458,3
66237,12
104277,3
159930,2
62509,19
46513,12
168623,12
30688,17
20272,14
21046,12
34741,0
69192,17
159033,19
154864,8
211761,15
10986,14
29811,18
177467,9
15363,12
76365,0
126316,9
114776,2
201553,13
178715,13
150827,19
17788,20
89740,14
90075,9
107838,18
83820,17
118132,0
95947,12
29483,0
93801,12
113782,12
122304,0
31126,10
141533,0
165943,2
37938,18
39213,18
215530,3
208301,3
5676,19
75829,0
137387,0
185426,8
153274,9
161284,3
26615,0
194338,9
38743,2
91603,2
118011,0
25049,0
216569,2
62748,17
125677,13
9919,3
16497,19
138792,0
214430,18
166712,6
211538,15
53042,12
11688,17
6976,15
26907,16
30675,20
64284,10
138532,8
53586,12
59873,0
198071,15
213528,6
75102,0
128837,13
97500,1
30234,18
206395,12
41572,14
204609,12
105132,9
55732,2
15738,17
194294,12
198388,6
192156,0
90339,19
39261,14
88690,2
184695,6
37600,16
23767,17
46679,0
16153,14
101983,15
57017,8
87838,0
153679,17
7752,10
125498,2
77228,9
158120,0
8744,3
128720,9
105656,4
30014,0
134871,15
52241,15
126959,15
34937,0
78426,12
19665,17
45318,0
176336,6
77513,0
187156,9
33285,2
77597,6
207200,19
124095,15
3544,18
174309,0
136217,12
76357,0
95572,2
110689,12
109965,3
36559,12
24808,8
17666,2
103060,12
116444,0
99921,12
14948,2
173109,4
91916,9
161001,12
205146,9
175368,12
209342,15
114171,0
109735,13
187833,12
105922,18
95792,0
23967,13
97276,6
1121,14
209062,13
184994,9
43714,14
188030,9
102992,15
155223,8
106157,6
62188,0
187671,9
202282,15
81021,14
146749,15
94956,6
83315,12
188691,9
35569,18
16749,0
194757,0
143919,15
74609,17
172471,0
89235,9
23947,9
208115,6
105008,15
158906,9
207288,8
67038,10
107765,15
84895,10
84115,12
29745,14
67805,9
70019,12
104029,2
78381,2
204273,8
28728,19
154237,4
177466,9
93254,3
109119,6
203694,15
155985,3
34179,17
175347,6
152308,12
137801,6
198920,15
200819,12
192835,3
195653,12
130146,15
23802,17
103779,0
95596,20
43662,11
48465,10
176132,3
184483,15
40030,0
4844,14
30653,14
120430,18
11020,10
194641,12
106640,0
189302,9
134799,0
83347,0
212298,15
213361,15
210548,16
31700,14
34048,10
184019,0
63464,19
89622,9
106881,0
192750,2
124722,0
127014,2
156376,15
13657,14
2524,14
86,0
182133,15
98693,2
28735,18
157924,19
91412,15
213617,12
122169,3
38035,2
204947,15
31023,14
133710,15
19554,15
176095,0
134658,0
25500,12
57009,6
199713,8
173670,12
46101,17
30160,0
15608,9
173762,12
60470,14
180169,16
65999,17
108537,12
182478,3
22981,7
123079,12
124215,12
85204,6
161915,6
215631,12
87506,17
175088,2
84493,10
8659,19
72917,14
108502,12
99820,20
165066,12
212557,6
118918,0
160088,3
142991,0
14499,14
71783,19
196903,19
196575,2
46067,14
78642,10
35154,12
64955,14
117981,15
158241,2
151017,15
94637,0
103990,17
81316,14
51841,0
149876,12
37358,8
124357,12
95546,3
42330,15
116672,15
109810,16
25235,2
152954,6
46316,14
160938,2
61312,0
23415,2
76590,0
50942,2
8901,10
82716,17
176154,15
46659,2
200787,12
10391,10
34605,13
47866,6
177166,15
152805,0
30778,17
190630,12
211077,6
27750,12
102097,15
67532,0
215663,15
201112,15
181776,12
21239,8
65972,12
95810,3
208325,10
135083,0
178752,8
184086,17
69338,0
98070,12
214900,15
8104,14
205518,8
24484,14
145445,6
111828,0
81320,12
108911,12
212021,19
14300,14
127439,0
131334,13
202796,13
198342,15
77290,8
118213,15
63258,6
75162,10
87179,9
130852,12
56235,17
10228,14
40094,14
199233,15
24442,15
140685,9
186649,13
73991,18
22366,13
123489,17
178009,2
89957,9
198502,15
71871,3
21466,17
39024,14
3721,3
25466,17
70999,12
24053,10
25709,12
199680,7
60660,18
175575,9
151418,12
67437,10
102003,2
84878,6
193230,12
143661,19
216827,9
67085,14
53934,0
75933,0
40427,14
87964,17
207581,3
59057,14
110612,12
16619,12
151925,9
152240,0
172587,3
34331,14
210707,9
157421,15
34522,10
97460,0
49841,10
11049,12
177493,15
3582,0
133226,3
23480,10
45583,10
10447,14
67544,4
56366,0
144823,2
16498,18
2829,20
196414,16
101996,9
14223,0
13376,17
334,12
162993,8
16139,10
142219,6
24802,0
6547,14
119484,2
1673,14
205083,12
23084,14
98107,3
195442,2
2956,12
111846,2
109370,0
7459,17
159293,0
171549,0
93738,9
41431,14
109379,0
128030,0
124895,0
75298,0
79519,17
39883,10
28544,14
59879,15
109464,2
27989,3
158052,2
34206,17
167743,2
14981,12
109819,16
112307,19
68536,14
207086,13
147898,0
8403,0
51674,12
34315,12
74209,0
146819,12
149885,15
197144,12
72400,10
94701,4
43109,17
132086,0
213632,15
149822,3
132384,12
100742,15
33235,17
192369,17
163346,16
27426,0
37639,20
45996,17
138922,3
69600,2
184444,6
209690,5
198635,3
311,2
122826,2
39739,10
25340,17
56080,0
139380,12
190726,17
39992,17
123875,0
100083,15
213038,12
180288,15
154086,12
128024,0
72475,14
61834,0
92601,3
88313,12
194635,12
131742,0
170903,6
205093,3
191271,3
171649,4
147028,0
99719,2
60370,9
12561,19
58029,14
37185,19
20339,16
33138,12
75915,2
22681,10
183235,16
53697,0
156490,12
47870,0
159562,6
84431,17
161704,13
123295,2
193780,5
39209,18
150412,9
35668,6
86569,6
153904,0
213919,19
160892,12
83501,17
59968,14
110699,9
119430,0
85708,4
103342,6
196775,6
135253,12
181150,3
151004,19
176359,3
16416,12
11125,17
35447,10
194267,12
11734,12
27301,14
162510,3
82673,11
105303,2
51526,18
211059,3
197359,2
76121,14
36721,4
106617,0
128138,0
19529,14
81780,17
151182,2
191724,12
187539,9
147723,9
10648,12
105424,19
118344,2
17484,8
58452,17
85818,14
198697,12
140915,0
144069,0
182351,16
43209,0
57503,14
28205,17
3167,18
49047,12
124469,0
44941,10
21323,12
128682,6
203994,12
79231,2
65322,17
57573,8
93729,16
6119,9
30583,12
86399,19
98666,10
144490,0
80381,10
154586,0
109416,12
183387,6
119864,0
28673,8
129446,6
62552,17
10101,14
93561,10
177883,20
123089,16
126679,0
92289,0
51242,4
11154,0
40846,14
54647,16
210403,0
137970,0
47639,2
187846,9
115605,12
18573,14
202896,15
172183,12
156678,17
27966,7
206858,15
76331,0
59483,0
162502,6
210660,0
18988,17
107517,10
96011,18
119740,2
74183,20
79255,3
148623,0
180550,8
49585,14
180398,15
178407,15
6501,3
145425,0
168298,13
104654,15
124287,12
211456,0
48967,14
128087,17
58691,10
185245,19
116989,17
26175,17
207446,3
72012,0
83972,10
96841,0
177582,17
186148,15
75073,17
73210,0
4161,8
64376,0
139297,9
142517,19
118036,3
53630,14
45292,0
194565,12
131911,12
63512,0
99326,0
18044,0
143400,9
132279,8
138516,0
168495,12
120668,17
54241,13
57004,9
75213,17
210181,15
172666,0
195798,2
141106,4
98766,12
64909,14
108536,10
84389,12
185327,8
94496,15
5206,0
167564,19
39871,17
10287,0
1519,12
189741,0
187588,9
196394,12
58872,3
189901,12
99410,17
20404,2
61698,20
3333,17
89118,15
20147,14
125321,8
207575,3
120869,18
36241,19
118598,8
33552,12
155108,3
142342,9
134056,6
146889,0
65237,17
104461,0
11326,3
211201,2
135055,0
165020,0
216408,2
79065,2
140908,0
194884,3
18187,14
4759,0
14427,14
194577,15
189396,15
209894,0
89217,3
85486,14
99340,0
184068,13
68209,19
152491,12
203151,15
201873,14
178114,0
34574,0
197794,15
174037,12
195654,12
107576,15
211351,17
60510,19
167578,17
23393,17
191625,0
35241,0
59749,14
189486,12
179893,15
206026,2
212794,0
63775,8
209344,15
30985,14
92422,0
159571,12
74923,17
170714,16
90672,0
55051,10
66144,17
209143,12
15010,17
72806,0
83049,0
78452,10
57917,6
27284,15
135434,15
140932,9
4594,14
38016,3
94954,6
161175,0
63197,12
79098,6
168988,9
145448,4
108289,3
184236,6
134340,6
39115,14
156157,12
202041,13
33976,18
204653,9
211368,8
206254,15
164937,13
56362,0
19427,12
94330,3
42134,17
91651,19
50927,0
57864,17
3819,15
39212,18
17997,3
33157,14
3991,17
154097,6
94903,9
202671,12
21186,0
66207,1
65841,3
79600,4
187700,12
38316,14
117107,0
155031,12
20345,19
78162,7
116505,0
34797,1
71207,6
137621,0
52889,0
71009,12
37249,0
187930,9
183899,12
105041,0
95077,0
17190,19
100198,12
142096,2
147671,0
62024,17
162638,15
69107,12
119093,2
133570,6
99502,2
75774,15
170849,12
57542,0
145957,0
29174,10
146973,12
192569,12
100824,12
142439,6
155230,7
8075,14
105540,0
91016,0
13705,0
119898,0
150567,16
30002,12
138596,17
127305,2
79479,13
177303,9
97448,0
75684,17
168542,17
112576,12
182754,6
158559,0
84145,17
199379,12
179752,15
14180,20
87490,16
154921,17
4973,10
43974,17
55245,14
68909,14
62930,14
174445,12
209403,9
127221,4
160550,12
87810,17
92034,8
64086,17
177785,9
100103,0
216507,8
65193,9
24483,14
97433,0
155021,15
43962,16
158045,0
33039,2
44699,0
174044,6
42147,19
164167,0
110970,3
20336,19
163247,15
116005,12
122831,2
129557,12
191710,7
20774,0
114336,9
100404,12
78839,0
33330,2
48555,17
9897,3
143897,6
100588,0
152456,2
138544,2
177399,15
5029,18
153188,12
27848,12
184548,8
86465,0
20405,2
137587,15
28857,2
84056,3
147124,12
174074,15
48334,15
216198,2
212562,2
157066,0
195318,13
176542,2
109236,12
116140,2
190073,11
101420,3
22264,14
5043,3
182766,15
153618,15
89345,9
91491,12
121225,14
6113,14
107803,14
1777,13
11336,0
108337,4
79836,17
155552,19
156399,6
171064,6
135371,2
172713,9
207485,9
187,2
59270,17
192552,3
36101,0
18446,14
15728,18
164898,12
205761,8
99170,17
36759,14
122912,2
146754,14
36494,6
64887,2
180380,6
142922,4
185623,9
65451,0
70273,2
178227,0
160374,15
81587,17
98080,19
184655,20
29653,0
11484,10
132870,6
205481,10
71169,17
143714,0
162309,3
127401,8
131503,0
65519,17
139274,17
147540,11
17439,8
198464,8
20715,18
49948,12
126399,0
123327,2
95179,7
194039,6
118083,17
103519,9
80583,12
145542,0
154351,0
200902,13
48200,14
186270,9
205687,17
28701,14
176507,8
157923,19
104932,18
191036,12
84053,12
185735,16
22804,18
48540,15
21811,9
25281,10
208574,15
36008,17
173714,9
79039,18
195304,15
168020,8
31301,12
108745,2
138549,0
137082,0
140320,4
94473,12
172830,2
197612,9
182780,12
198096,19
45346,14
14056,0
42026,17
84222,12
149546,19
145140,0
192324,2
102739,15
43575,20
192185,2
20248,14
152444,0
189930,12
21626,14
101177,10
185465,15
65991,15
114941,19
204914,12
53072,17
20712,19
42046,6
170060,2
71975,18
109988,18
114984,0
48258,14
73001,17
52119,14
26723,17
174580,0
63594,19
179314,0
123388,12
211579,2
26599,3
96585,17
204453,1
61465,18
66892,12
146931,12
44833,17
4196,17
68733,20
109366,2
174113,6
668,3
199730,15
97547,0
16095,2
166476,12
187941,6
10416,14
165574,0
136020,19
163239,16
194824,0
89268,9
199296,8
108152,0
19988,19
58030,17
87597,14
150207,18
88691,0
212072,15
96600,17
154710,8
135698,12
106289,0
125603,6
57689,18
140192,15
117619,3
182738,3
188568,6
103502,17
114888,0
93690,9
123131,12
51934,0
169067,12
166061,3
127065,15
158452,0
104900,2
123346,2
84731,1
47563,6
22751,20
212834,12
204306,13
120103,0
147177,13
215915,12
216170,12
7452,14
83462,0
26374,9
26660,14
154137,15
107280,12
25675,0
18767,9
180344,0
26420,14
106261,17
158236,12
170914,15
98484,17
166567,6
93941,8
77693,17
97432,8
182810,16
24538,17
31051,14
55555,14
128752,15
168387,4
94747,3
97640,0
141765,0
189415,6
26830,0
210381,12
106957,8
138954,12
5238,16
104294,14
139387,12
73818,17
105999,13
104626,0
156941,3
70299,3
115531,14
71085,19
160713,0
206712,7
79009,14
206821,13
140053,14
71273,10
56618,14
32563,14
137636,0
179981,17
9786,19
42931,14
189036,13
110060,15
206713,7
164474,0
15283,2
196459,19
20768,0
22049,19
140646,19
175839,0
199225,16
127147,8
82316,14
69661,0
188767,1
67031,0
151851,0
94351,19
114116,16
76129,15
184394,15
198816,6
71514,19
213380,2
5089,14
194076,12
88183,4
216237,6
181579,12
143458,19
66559,17
17631,17
173894,2
106540,12
106948,15
201579,5
65337,0
203985,15
48135,14
89517,9
135219,5
162720,19
152939,12
177664,8
49848,10
209700,12
140865,6
179677,16
191273,12
157155,14
83343,12
32383,2
178767,6
64779,18
16080,19
188585,12
193537,6
40874,18
151501,2
192031,12
169912,17
8437,14
97920,18
13601,14
213453,16
211312,6
56379,0
113759,2
163917,16
166596,12
131475,17
74134,14
49164,0
192780,12
2648,17
65924,12
83441,14
117102,0
70218,2
213292,6
202996,12
127089,0
148682,2
80738,0
88736,12
58109,16
77340,16
23007,19
201276,15
81412,0
157030,8
138047,9
57352,0
30028,0
202357,15
17490,2
32646,0
101785,3
175564,15
106947,15
115108,0
216935,2
94037,20
174725,16
44798,9
10631,12
78734,19
119599,0
3834,18
187781,17
46211,3
56872,10
207379,15
31448,15
153953,13
25821,12
7514,10
124187,0
209283,15
179014,15
71606,10
112627,19
215426,15
131966,6
192761,6
36556,12
188744,9
205191,15
34184,17
51185,17
144704,0
190499,12
105667,3
9793,19
9788,15
108726,0
74987,9
36188,10
179682,15
29799,17
20174,17
79618,0
83468,0
162027,12
106839,6
161308,17
105775,6
152215,0
84092,10
129364,15
132423,9
211807,4
131664,3
115213,15
180584,15
135466,6
177184,4
120661,19
211875,0
144349,6
27659,10
145857,0
55731,0
159872,8
57096,3
174496,4
14684,10
183560,15
96902,12
56452,9
121953,17
117883,1
158261,9
111516,2
192322,3
119488,2
113039,3
197273,9
196359,12
2143,10
123435,19
29460,0
639,14
162090,0
155196,0
36566,8
37296,0
189042,9
172621,12
147359,8
76418,10
120495,0
29145,12
158313,18
97213,17
29293,0
153756,3
123163,2
7483,17
127663,9
60083,17
85717,3
51740,14
170083,2
177444,7
98937,12
7870,3
214177,12
129586,0
163997,12
199166,2
109433,12
66744,10
176826,0
141279,1
182594,9
205976,9
37009,17
30206,17
162606,12
150640,9
204397,12
167720,0
204764,6
103089,17
203055,4
73903,12
113467,15
109688,7
27337,19
68134,12
17374,17
97053,6
70358,2
215192,9
183576,15
165835,15
37259,3
193024,12
160580,15
214541,19
209165,1
192585,12
184922,2
161998,5
77302,14
27758,2
102222,3
4182,10
177036,6
132764,12
103949,10
129623,1
73257,17
151807,9
159873,8
90247,15
60836,19
49578,12
66090,0
128306,6
4743,17
88247,12
13027,12
121751,0
155004,3
40196,15
96816,17
56103,12
37504,19
96642,0
101671,9
136418,3
64678,0
125410,6
114967,15
143915,8
76032,17
35215,17
52950,12
87631,12
32291,2
123240,2
31120,3
134684,8
163564,2
127959,2
169591,8
90274,2
169038,0
21688,0
130095,12
131967,6
175771,10
67294,16
169995,6
3190,0
94505,0
51521,19
126701,0
79456,15
108128,16
206364,6
111818,12
172547,15
67276,14
169662,2
212495,17
139613,0
205666,12
120084,18
154750,0
122816,1
15877,19
63099,12
151234,0
105928,18
103373,12
193962,15
178449,6
6506,2
57321,10
207294,6
16514,17
51713,8
114937,17
43810,10
35764,17
29561,15
99655,12
99891,8
194436,8
82088,12
196304,15
19862,17
42511,17
160267,14
107426,15
159936,2
19045,0
206203,6
125053,15
58165,18
177416,0
10855,15
20841,14
76879,14
21691,0
138223,12
208582,12
148525,12
172167,6
202602,12
136756,17
185109,9
40476,0
12598,17
134722,12
162589,6
119463,2
153817,0
208678,19
51974,18
22540,0
131779,12
50471,0
116846,0
35825,9
145015,15
37032,2
173284,0
121233,15
182703,12
108690,15
141121,12
113202,3
128463,0
16505,19
76304,0
198706,0
16988,17
195897,12
102656,2
83753,14
209724,13
214400,6
70730,14
122215,2
64927,15
72374,10
216121,12
68713,14
207549,0
246,14
16168,14
180779,12
160936,2
165723,0
111969,0
148332,3
188937,12
189177,0
12693,6
72372,12
108590,0
81958,13
180684,18
58629,14
43770,2
123482,0
65190,9
145386,20
139899,20
83025,17
81667,0
8216,0
125234,0
105703,0
151809,17
24941,1
145493,3
71969,17
49534,0
132753,8
16213,14
99356,2
127939,9
155059,0
128248,0
60535,17
61989,17
8549,13
195966,0
9581,2
191791,12
137759,6
215275,1
27778,0
59888,17
108484,0
184796,12
29171,12
24420,14
101266,12
130378,12
32315,10
114470,0
175896,8
29281,2
107144,8
205653,6
1420,3
131499,0
182153,0
122634,12
60655,19
141266,0
198094,2
202246,17
156842,15
133135,9
203308,2
28897,4
133081,0
215017,12
169140,6
178887,15
181688,11
95222,0
50879,16
48385,14
169279,8
68345,0
213220,6
46207,18
155962,19
5624,14
67135,19
56075,0
168029,0
193005,6
46228,0
1576,18
95105,0
77982,0
40558,19
37558,0
108531,10
72812,14
54796,14
52382,8
178845,0
20507,12
91754,9
208188,0
101959,17
67240,14
68693,15
177028,6
103557,0
4275,3
52723,0
183525,12
172755,0
167536,6
55385,17
120731,0
133964,0
21341,19
212597,12
48974,3
129656,19
124049,0
10822,14
27429,0
20167,18
186448,6
173932,17
104794,15
83155,14
51839,0
117647,12
211102,18
249,14
186230,17
113955,0
13968,17
149290,12
150660,6
97128,16
125489,0
52356,14
209218,12
213052,15
87075,2
95205,17
85512,18
150326,0
35058,20
25324,18
86880,14
11263,17
162660,0
80075,15
26319,18
97153,0
31573,12
151749,19
27305,14
189870,19
78604,0
14086,10
94968,12
15627,10
139829,2
71725,10
36094,14
168832,17
154299,0
118997,2
88516,2
128670,0
36412,18
139299,0
129636,12
27871,12
171562,6
75700,0
118993,2
208569,4
84290,0
209232,15
121044,12
39827,15
17805,0
110948,15
61344,17
152683,0
51574,14
33241,15
195987,4
19079,10
151746,0
20657,12
135782,2
163700,12
145523,0
61906,10
96179,12
150922,4
192204,12
116741,15
111116,2
61922,12
197349,9
81245,17
58192,14
69259,14
112690,0
129377,0
196983,19
92130,2
116683,12
97452,0
128616,8
77450,12
134373,12
28093,15
152660,0
27034,14
115251,3
199714,15
121720,0
5451,14
60131,14
28745,14
141185,0
52974,6
152022,12
112694,0
44527,14
17129,12
9766,4
33342,3
195723,15
176167,17
139772,0
149413,12
121124,10
8826,17
154749,0
201093,0
150528,2
93457,14
95468,17
37758,14
9114,14
8087,12
57696,17
135072,0
47160,3
777,20
148794,2
24543,17
35193,19
45924,0
80384,11
202047,12
211195,9
150144,0
36034,14
70680,9
138063,0
122519,6
8779,14
159310,0
84321,8
45793,10
171606,9
176695,15
51225,12
146267,12
112656,16
35414,3
183654,15
156245,6
78499,14
122299,0
42895,17
105236,6
180395,15
42157,18
177291,12
88140,0
119767,17
146867,0
132175,8
104790,19
6948,19
72356,12
102763,3
42644,0
146657,13
88350,0
206253,12
144931,2
88784,9
141464,13
139547,9
164411,3
25594,14
146929,12
172056,9
195168,15
88556,3
135085,12
83167,19
67141,19
85644,0
210648,3
65165,12
189140,15
56493,2
103338,0
109625,0
159794,15
117929,9
190286,0
214198,13
65009,19
159734,7
83056,3
52179,14
99566,12
127473,12
109096,0
157692,9
134366,12
6053,0
61951,17
101318,16
186554,3
16062,15
148746,15
145572,3
138603,17
65574,17
37838,3
144077,0
206527,12
133250,3
30647,13
154373,0
148956,15
77013,15
88213,17
20602,17
29428,17
68149,14
147504,6
206802,6
69960,2
172486,3
208901,8
70310,2
133142,6
69145,10
175217,8
158482,6
132484,0
82877,12
23229,14
126715,8
187822,8
150392,3
20535,10
192903,12
173195,3
94843,17
5396,8
9031,2
10366,8
113823,0
177381,15
144847,2
210547,3
141409,6
22975,3
64292,10
182928,3
44067,0
81895,0
34115,14
189137,18
186241,12
97738,0
29989,17
18653,0
70155,16
35978,10
29275,3
38852,10
150964,3
154713,6
137119,9
87052,17
59880,0
76519,2
100362,20
7738,2
210535,12
164050,0
211670,2
11569,17
170632,15
196043,12
120263,0
127415,2
193183,15
36448,17
38868,14
152898,0
191679,0
170775,12
189648,8
131713,13
178649,6
3673,17
14197,18
9233,0
38570,0
27930,0
140262,2
28742,16
78611,13
173215,12
102093,14
156695,14
110795,0
182368,3
22936,0
180681,12
16882,0
66123,9
165771,9
127975,6
141838,0
111184,15
141893,15
35731,14
54889,18
168628,12
145476,11
140023,13
167952,8
112422,4
112378,9
78671,15
185007,3
106995,3
22207,17
77506,17
158446,15
22641,0
60760,15
213842,15
173725,17
76235,19
36688,17
70675,12
185291,12
68535,14
22487,20
172858,6
75808,0
209244,0
151748,0
114001,15
141713,1
61570,12
166772,15
120997,12
209958,18
167991,17
34314,14
206678,2
215919,2
33334,0
210451,12
178035,3
189008,0
55707,17
45787,3
57781,14
208785,8
50962,0
156868,8
187970,9
210410,0
143554,12
202077,0
176764,12
216219,0
15292,0
169026,2
12509,14
198259,20
149589,0
146661,13
84912,8
64463,10
76332,0
46065,14
63246,10
91202,14
106198,15
100639,19
64661,16
161161,6
40995,0
131336,13
216744,2
173833,0
179140,6
167748,2
177148,12
162953,15
105255,3
206433,15
181756,9
75048,19
19044,0
78196,14
14882,14
44676,6
195980,3
83317,12
126131,0
143043,9
141032,12
92061,12
210212,2
203925,15
154603,13
150349,12
162994,8
3071,14
93638,15
140486,3
68329,0
122918,2
92588,0
103802,6
174280,13
62500,14
59608,17
204398,15
86704,17
168596,12
145860,0
1148,2
146613,3
168684,0
57238,14
79582,1
169236,0
26888,4
143529,2
47754,14
175610,6
181101,12
60452,9
205930,2
98302,12
216260,3
54181,7
82251,10
67171,14
99448,15
74575,19
21322,12
168696,6
88391,9
137455,8
106827,12
30575,4
40570,17
173973,6
20787,0
132143,12
55363,15
33545,12
207863,9
14138,10
160290,0
58759,18
130123,18
183452,5
88200,8
149236,0
209059,12
73957,9
160590,15
182166,0
61678,18
402,14
104219,12
200518,19
104730,8
158624,12
21212,0
30122,17
80610,17
54023,14
116489,17
49705,14
106199,15
172717,12
18659,0
189937,0
80314,0
42523,6
209412,15
8088,10
97408,18
200533,3
164909,12
204943,17
15410,12
214111,3
50508,12
126509,0
111091,6
4059,2
83430,17
120359,0
196611,0
84982,12
176885,15
1785,14
64301,14
83011,16
142821,3
48623,2
15529,2
102991,15
172624,12
96194,14
103268,0
204515,12
373,14
149446,18
78314,14
61036,10
156649,6
82309,15
62525,14
214503,6
34421,20
1986,18
163644,15
58731,14
35213,17
186640,17
14548,2
139046,0
133237,8
52918,0
8909,12
73790,20
90824,12
25449,14
2936,14
156923,8
84807,0
151630,0
54782,8
214379,12
6003,17
117103,1
206923,12
57653,0
34579,0
77536,0
54447,15
5986,16
80442,14
77966,3
96590,17
38020,7
175034,6
51503,17
118386,12
35958,8
91837,9
8973,16
139189,0
189253,6
35748,17
150498,0
14500,15
191749,0
174543,6
81833,6
91311,2
146751,15
10255,19
105319,3
168858,2
50916,2
13117,2
165600,0
94000,3
24715,10
209752,3
150153,0
126515,0
214640,12
153567,0
110993,12
6854,1
211218,8
39875,0
84310,0
1102,14
142476,1
35283,9
67708,15
135679,2
208738,0
13081,17
91264,9
84430,14
44256,4
16131,12
95131,0
105406,4
91061,0
169180,12
151414,8
82040,3
178812,17
157450,0
84629,19
122928,0
788,17
7996,19
211733,12
7946,10
19312,2
106354,19
23938,8
126888,0
91273,9
21820,12
22104,9
1856,0
23096,17
196567,12
59628,15
115105,0
16469,16
57263,19
44493,14
190627,12
99978,16
96040,14
53948,1
40195,15
154621,15
185914,16
164595,0
103932,12
175886,12
134579,2
82005,15
188565,6
210337,12
67095,14
5178,18
24836,10
180024,6
96564,10
105043,0
123628,15
81951,15
202015,3
183558,0
191531,16
169738,0
79589,0
164153,0
12045,2
19273,19
54422,18
40382,14
135556,0
41019,10
46980,0
22859,14
194374,12
49013,0
183125,18
67077,14
21140,16
113637,13
211277,12
97321,0
21727,0
94656,0
76865,12
210626,17
179333,6
188610,0
109866,6
206057,6
46833,0
133391,0
28754,0
177585,17
10881,19
92454,6
143103,0
171869,12
75824,3
126992,0
4218,15
15243,12
19160,19
177834,0
81747,10
120057,1
170748,3
157582,2
7337,2
149408,14
117928,9
130758,17
55437,0
195842,12
130077,2
99104,2
205520,2
83446,7
161938,6
110194,15
32938,14
132895,15
87108,0
147511,6
28949,14
136639,13
117016,15
19425,12
75108,0
55271,19
186598,9
36182,15
112391,9
15343,15
200216,8
99732,2
173042,12
47737,14
37373,10
211391,8
72310,0
138561,12
19077,10
51781,19
95721,2
157616,17
80708,17
197121,6
134543,0
154532,0
21912,3
163874,0
147941,0
113933,0
209445,6
53241,12
60341,12
113780,3
191433,12
61114,17
107839,18
109858,3
148987,12
96071,2
47132,17
72314,0
149424,15
49122,15
206628,12
112231,3
186857,2
4780,3
93766,5
191144,14
161211,3
84095,10
103859,17
104776,15
34275,0
150438,12
137123,8
201489,6
9294,6
25693,0
29061,3
171663,6
90589,12
122377,15
44759,14
145205,12
41383,14
143943,9
186086,9
45840,14
8488,14
135477,6
190723,3
26945,19
58644,14
10740,19
74910,15
192641,0
113713,0
108915,10
4784,17
82125,14
176918,8
167844,0
138637,0
19872,2
209126,2
14148,10
25646,17
154881,12
107011,12
140753,3
174470,15
185214,15
64752,17
48057,19
134927,0
154108,17
81593,18
192277,2
40904,17
98129,12
138414,0
188690,3
107300,19
47740,14
210534,15
173313,2
70533,18
139232,12
170477,0
194988,8
74233,0
176442,0
108649,3
165086,0
98641,10
119694,12
61294,17
63206,2
128477,6
15735,17
132338,0
74453,13
9930,14
20382,17
153291,17
114048,0
91820,0
179959,12
35667,14
81363,17
78804,2
53772,14
109008,12
137925,18
140301,9
87608,18
51875,14
162849,15
132179,17
154671,6
66264,8
58985,18
164104,12
80551,10
63390,8
50852,18
122224,0
200396,3
25253,12
22983,8
193114,15
206667,12
85271,14
20057,12
66218,0
31657,15
17228,3
91843,9
46457,0
109716,15
109397,8
143213,6
49159,0
54414,14
119853,12
38232,19
172209,17
75388,16
8832,17
128634,18
190111,0
150321,6
112004,8
3822,14
94444,3
44809,10
153760,0
199776,5
114335,15
147542,15
189744,0
185543,9
203819,17
177491,15
122014,12
46343,17
213107,3
7548,16
178360,12
24463,14
7490,10
113369,15
189811,12
79924,14
166501,12
123297,2
151788,9
18793,14
28332,10
1842,18
93417,4
70906,10
19882,0
113719,2
9496,2
149116,2
122832,2
56909,17
58465,19
459,20
159024,15
58717,15
77671,19
151505,3
86622,17
127317,8
113177,6
63673,12
59852,10
47455,18
172667,0
94006,0
45277,3
117860,0
53459,15
185049,13
177957,12
126555,12
86450,17
74068,16
38644,14
136218,12
61060,0
211843,0
16486,19
38806,12
88390,9
70682,9
128016,0
68914,15
99080,0
58599,10
179043,0
85536,19
53901,0
158231,15
103660,3
166043,0
72600,19
3041,12
137532,0
42032,1
82961,12
174087,0
51878,15
75181,15
120045,8
136479,3
121918,3
186159,12
78330,17
22601,19
162927,12
99281,2
142639,16
208026,17
211292,0
177367,15
157926,16
160154,0
160916,15
26570,17
87644,19
100241,0
212147,12
170844,12
119939,12
117108,3
81388,0
86131,14
45948,14
163257,2
144028,9
109390,9
147353,12
1457,0
110272,9
140360,0
14533,17
150211,17
84331,12
148467,0
83493,10
199635,18
171516,12
33326,0
215414,15
191754,0
183980,12
63462,18
172615,15
71240,9
163692,3
169365,0
183683,18
51383,10
213980,12
114394,0
42121,15
174990,17
175255,0
73949,10
201852,12
57042,12
141237,6
93942,8
39743,10
16556,0
54882,20
58411,12
33094,10
49413,0
171088,12
39147,17
200316,0
98966,12
79404,12
204188,12
72125,14
143964,0
2592,14
48927,17
42679,14
169539,0
60360,2
134059,0
160462,3
130189,3
18668,0
43408,8
170173,0
3588,0
48402,8
66402,10
198528,0
186080,12
84043,18
194188,12
183419,12
56001,19
33683,2
103849,19
184836,2
73011,14
190486,8
22155,14
35189,20
56507,8
131864,0
79889,12
75472,17
36166,14
105918,19
167751,12
178364,12
107450,0
134369,12
65949,6
189154,8
24381,19
123308,2
116487,17
97092,9
150288,1
7454,14
69830,17
197678,8
163401,6
136533,0
79498,14
209955,15
180361,12
186698,9
20825,14
143815,13
46611,14
122456,9
184010,15
149151,2
48316,14
8711,0
101358,0
17791,19
52190,17
110121,12
53817,17
121789,8
137104,0
121601,12
165546,15
113420,3
190505,12
54354,10
60569,0
99293,2
59978,18
5745,10
136463,8
124839,5
179679,16
177727,2
8223,0
78007,0
214192,15
191940,0
30040,12
31853,0
199660,3
155233,9
176630,9
7235,15
193655,6
37302,0
197777,12
4570,17
152440,0
70617,0
96048,15
82427,18
152543,7
41714,0
82339,14
200537,5
27895,10
87219,15
79806,14
110718,15
59178,14
128445,9
118713,3
35759,17
28892,12
79395,10
40553,19
140351,0
92901,14
56980,3
25772,17
199421,0
82820,17
24515,19
56072,0
142957,17
67518,16
29388,18
101677,10
120906,0
140531,0
207637,15
152401,19
106815,12
48519,14
115971,0
42682,14
138894,0
173385,2
12029,17
213858,3
23472,14
188732,17
175404,0
31118,3
42728,12
135604,12
137117,12
137318,1
101915,0
206056,6
176733,8
169082,9
180558,13
37767,19
96244,11
107988,0
204406,12
192022,15
68638,0
118351,0
55333,14
199004,15
94508,0
124150,8
124966,15
194622,8
114409,8
163107,4
65683,14
15965,6
61545,14
12928,15
36461,17
177809,15
36618,17
188524,3
175802,12
195521,8
41058,6
189336,15
83712,15
54759,6
64348,17
207100,2
120484,16
59748,14
2006,17
129745,15
143425,16
192845,2
203800,15
209198,12
66136,15
190050,3
63960,14
134749,17
26689,14
50667,2
57641,17
140926,3
54928,0
46184,17
181903,9
205710,12
155473,8
159790,15
34287,0
47842,0
193271,0
32388,2
102639,9
78933,10
25233,3
9097,14
199183,6
195855,9
39224,2
120406,12
175759,0
165052,15
156818,2
78419,10
214929,0
115956,15
86586,10
68429,17
13804,19
141570,12
106103,0
180993,12
184644,12
158981,6
154231,0
94640,0
150006,17
213061,17
67166,17
210582,20
184678,2
198621,0
162614,9
88474,9
196965,12
205269,12
15075,18
51028,4
39662,14
138486,15
207669,2
152527,15
84291,1
131312,6
56805,9
4703,19
159549,7
192344,12
188838,9
20747,17
172710,12
100826,12
183297,6
132383,12
166626,12
55019,0
114122,15
68582,19
124424,6
102395,15
130409,18
5130,10
117334,15
151913,12
112212,8
45236,14
12393,17
152115,4
137341,9
38836,8
85844,14
44457,5
202355,17
28290,0
186301,9
179056,9
112083,12
113555,12
10842,10
418,14
26814,0
181990,12
202837,5
174767,8
115252,4
209606,15
61416,15
195316,15
41214,0
150491,0
186942,12
9833,2
149258,0
182803,17
160023,18
12913,10
74441,12
70594,14
208303,5
102338,3
21846,12
91103,7
183207,15
76177,14
29229,12
100062,3
133390,0
44518,14
2973,9
85931,16
27122,2
4340,10
140317,19
122903,12
176466,6
193214,6
186302,9
216445,2
153053,1
143154,15
155527,12
176103,0
26369,10
84815,0
29072,2
53314,19
53374,19
151194,12
57932,0
4438,3
47241,10
43959,17
165945,0
120237,15
95279,17
162540,19
12243,0
108642,0
197302,2
8502,14
158694,9
96837,2
35328,12
143013,3
166512,8
56434,9
59480,0
18797,12
27413,4
59170,6
44596,19
187906,0
216799,12
117841,0
201392,13
79593,0
101210,13
181372,12
24945,9
128458,0
29409,16
70865,12
8806,19
193637,3
178719,10
21386,0
90968,19
166462,15
180444,15
211912,2
186670,2
210717,19
78928,10
167674,6
90405,9
60854,17
124240,19
26343,0
95648,14
127390,5
35794,0
141537,0
105374,15
171690,19
40455,16
36517,0
56024,16
107371,3
165266,4
66914,14
128933,3
90688,6
136023,6
60293,12
36567,10
67197,3
48660,3
143703,0
202523,15
201285,12
163580,0
106058,17
80560,10
143932,12
62941,12
127754,2
87781,0
6796,3
4336,10
37976,17
129593,0
20146,14
160954,12
181169,6
111055,0
48133,14
35325,16
164531,12
61306,17
139757,13
201263,2
147702,11
199725,0
27444,14
130555,15
90725,19
197745,19
187863,17
210196,0
81968,14
107854,16
109903,13
141135,6
158926,15
195609,2
117075,0
161428,13
25750,17
194515,0
49294,18
173977,9
204144,3
47715,14
31239,8
91069,0
121667,17
129939,0
170115,12
171320,6
57746,14
178536,12
168639,15
201113,19
31578,12
143238,15
153492,12
99656,2
118293,19
115740,0
213334,20
173374,13
19352,12
74114,9
149849,12
186845,8
148549,8
89951,9
202135,6
172106,19
63834,3
51529,18
60084,17
146397,0
178710,15
17566,14
121168,0
145989,12
125198,8
72723,14
36314,14
135459,0
120509,6
64100,17
135561,0
20007,0
165116,9
148795,0
407,14
70841,10
159227,3
132131,0
216924,2
141912,0
210801,12
108683,10
165434,15
37983,18
173567,2
179005,17
199527,8
214116,3
22658,14
141607,13
86245,0
158279,6
169506,6
64224,10
90528,0
196417,8
92481,6
132905,15
77354,12
91643,9
92763,0
196020,12
35629,0
209421,13
21560,17
129459,18
78126,16
16176,14
57943,12
7732,0
204420,12
87190,12
194401,12
17050,17
142776,15
125126,8
160755,12
111587,0
174101,12
49594,19
154010,3
115907,8
72070,10
161949,17
132375,12
26972,1
197683,6
57553,0
205266,12
44675,6
46015,17
70937,16
128415,9
47718,15
214124,0
115226,0
8829,17
92029,9
8873,6
30851,0
36086,18
211524,12
12096,6
83913,0
169498,12
1736,0
39274,14
37853,16
213491,1
176625,15
106233,13
119938,12
54174,18
87611,15
11757,15
85094,9
28615,16
203404,15
46646,12
8195,2
189077,17
115958,15
147145,6
213878,12
15658,9
165865,0
215516,2
201056,15
185037,17
18074,14
22430,12
24698,6
7169,14
97036,0
186350,6
207872,12
133307,0
29098,0
215977,2
210391,2
144627,16
135332,0
204159,9
3385,4
215393,6
128548,0
48718,8
142971,12
200598,8
77049,14
5037,17
79343,18
102360,3
90006,12
28396,14
188667,15
53767,14
60413,17
215568,17
96555,12
66485,12
100865,19
103264,0
123352,2
81850,12
64957,14
20599,18
215882,12
37563,9
170898,8
174456,12
153224,0
207281,8
144757,2
134873,6
96435,10
206794,0
87707,0
184809,8
170866,15
50950,0
115250,3
41816,18
209556,2
139222,0
167700,0
192276,2
135048,0
25859,14
123838,19
125717,3
100449,15
158478,6
54896,17
52479,15
151880,3
40381,12
214164,12
112382,8
101001,0
24500,19
86007,0
151732,0
176827,3
81695,12
46715,14
119706,0
6172,14
34141,18
14312,19
159070,0
67385,17
185650,17
29762,10
128586,3
15506,2
189079,0
89729,16
41110,17
69619,0
173798,2
46144,13
121596,12
91792,17
169403,9
49438,10
165827,12
185835,17
151805,6
213890,9
93360,16
202629,15
83709,15
214607,12
123463,15
135975,1
182867,15
30662,18
147266,0
162687,3
121056,19
144890,11
188160,8
43477,0
163900,9
149076,0
70281,2
207425,3
179753,12
183570,15
68778,0
193280,8
211479,4
42114,16
51483,14
138530,0
157449,0
67992,17
205097,2
37098,15
85099,9
62810,17
107261,3
161627,12
74263,8
185411,2
93049,17
184065,13
45189,16
186622,9
135187,0
204106,18
84953,0
187882,12
147209,12
23704,14
120501,6
2673,0
75317,14
154258,19
26631,10
45217,20
39256,12
182830,2
139023,0
46566,17
197929,0
544,0
160464,16
22212,0
118270,12
216908,0
122399,0
206479,3
172607,6
136035,16
42641,12
84885,4
45562,17
156867,15
192278,2
2722,12
104070,8
17082,0
165171,12
95625,12
73662,8
21122,14
110916,12
50266,0
131964,15
213690,6
72965,14
206048,9
192261,9
154402,0
154570,0
142035,10
40615,0
55077,9
156621,0
3565,3
213792,6
145311,0
18309,3
36630,1
162945,12
97560,12
40813,16
208802,15
54078,9
52923,0
127940,2
54252,16
174297,6
115598,0
204593,9
47890,0
178981,12
134006,6
99896,9
147407,3
49495,8
164389,3
124359,12
160552,12
29987,17
211896,2
97048,8
156220,0
135276,12
128768,15
174478,2
176429,0
27923,0
86635,0
40610,0
138446,0
51979,19
114855,0
10579,3
64042,14
170674,6
173760,12
41946,2
162042,6
162283,0
179871,9
161636,9
61609,17
185351,9
170953,2
60184,0
156908,0
203928,15
22486,19
98366,2
86620,17
88070,19
186477,9
53954,10
119598,10
53158,3
174407,0
34651,2
61244,14
197928,4
142470,2
110991,12
66727,8
123066,16
17266,0
204773,0
68133,12
154134,15
96595,19
56647,0
127052,12
128106,17
211358,17
45416,14
14928,17
56696,14
189561,9
14783,3
215095,12
70563,15
59142,10
130420,20
49548,6
48398,6
172845,0
193248,17
208676,6
213173,12
212614,12
22691,14
22194,10
118269,2
189236,19
30370,15
60559,0
124410,12
52157,14
186219,9
216567,0
52946,12
82369,19
164876,12
140634,0
90668,0
110436,0
128050,3
167361,15
191858,6
10355,18
125207,19
188393,3
9377,0
124625,13
154055,0
120207,10
27844,12
117379,17
12697,12
124546,12
110034,0
133359,17
205377,12
143998,0
55853,15
186168,3
174537,15
75744,13
109190,0
128535,15
139775,0
175755,0
92098,0
167747,2
39202,18
113364,15
5844,17
6472,17
58906,3
208342,15
175680,0
20819,3
103725,12
101209,13
209026,17
185466,15
70168,14
19457,19
62381,0
112808,15
71612,12
91668,9
175725,15
126634,12
127501,15
158812,9
63319,20
20212,10
192709,16
122974,3
77580,10
107678,2
22476,20
178072,11
135777,3
40148,14
214722,6
79909,15
213077,2
158174,8
143906,2
45944,13
192488,15
104712,0
146847,14
97953,15
195979,19
119109,17
123824,15
216272,12
84571,14
202828,12
192579,12
68867,9
192157,0
187318,13
8879,12
200659,13
120167,0
1336,14
96628,0
5208,0
137325,12
189765,12
195242,9
42376,1
150701,9
188787,6
180669,12
21863,18
118013,0
106825,8
189796,6
28986,9
181332,3
46643,17
157399,6
86296,10
3142,17
172281,5
163456,15
182964,5
112336,0
121920,3
175754,0
153569,8
206738,9
120757,9
185744,13
62665,10
90778,0
177872,12
172017,12
33720,2
32936,14
70734,14
171507,12
131196,17
17119,10
150857,0
212581,2
124834,3
2723,12
187756,12
115612,17
13748,10
13904,14
136129,6
53526,12
140768,0
159670,9
29285,0
84064,2
166991,10
164512,19
159440,0
60319,15
96045,15
58426,12
94580,10
81759,10
129614,3
58349,17
170384,0
128357,0
57961,12
16870,17
194564,15
16651,17
88382,9
211711,3
147035,12
29383,14
103776,0
41960,16
136460,6
86774,14
193874,0
166251,1
143201,8
13072,19
94182,0
200387,0
169386,2
175166,12
94269,14
200917,13
86309,14
118317,0
199236,15
167319,12
39124,10
127715,0
24206,14
166129,9
192044,2
3942,14
143887,6
216707,2
165332,12
63679,14
150592,0
108263,11
28098,14
4998,15
196287,12
203375,9
135028,0
72609,0
181286,15
28939,14
189230,19
31595,10
197334,12
158215,15
127331,12
130104,8
94970,12
135474,0
44708,0
48730,14
122969,3
99301,12
52200,18
64316,12
190834,8
85562,15
201024,15
38105,14
159645,6
157971,12
128600,12
46155,10
104279,3
212784,2
187255,8
214499,7
68575,19
92628,1
127128,2
104619,0
143718,0
152442,0
175939,0
188712,9
186393,9
203710,16
137007,6
201909,2
63704,17
125291,15
162829,19
80221,17
37895,14
203541,13
13164,12
94236,12
118277,10
86143,14
83983,9
131482,2
85893,19
151801,6
24263,17
48454,14
34555,17
49192,10
107372,3
48394,3
137676,9
204608,8
194568,0
184990,3
195951,0
89142,9
195984,3
13607,12
72913,14
52442,10
131595,15
48277,10
60788,12
130525,14
176310,0
170987,12
173457,12
89282,1
80057,10
12005,19
168812,9
158183,7
30594,9
168176,2
84890,4
180192,15
17897,12
132902,15
189168,17
120738,17
4863,10
4121,1
2185,15
88080,14
143388,12
208117,6
83122,6
100687,0
37872,17
128381,8
36029,14
33766,2
53911,0
174899,17
127,9
49376,3
44436,10
40918,0
166180,12
28026,14
157259,6
205054,17
137734,0
69449,12
209985,1
32378,6
96840,0
216152,16
185127,15
86529,3
159610,12
165138,3
87226,14
172705,9
14253,12
113769,2
82089,12
152316,0
79326,14
19997,18
104691,12
68293,17
141421,0
125301,0
214358,0
205210,2
137266,0
166781,18
200215,8
93830,0
82783,14
211612,10
168638,6
138261,15
75431,17
105532,13
16700,10
153316,0
96301,2
55546,17
177557,12
34866,12
140269,0
51145,14
16744,12
187223,8
47775,17
75156,8
104390,15
10292,0
179405,0
172661,2
203751,0
112663,0
66400,10
206491,6
202697,12
132725,2
188635,6
183840,3
3134,2
104403,9
194158,12
184115,0
39952,14
43793,0
37608,15
20442,0
65664,10
74471,10
150074,12
67380,0
57683,17
204142,0
29539,15
157593,12
167624,0
162235,12
63501,17
159248,12
156744,15
109038,9
59887,15
41397,14
77924,18
112887,8
89670,0
209512,12
189859,15
102527,8
52053,17
201561,15
3548,17
50649,17
105315,3
28844,17
78433,10
204639,17
30494,19
21692,0
110167,15
173558,2
84796,0
181016,15
216599,2
81606,17
154457,4
28095,15
50799,14
98315,12
184650,12
68785,0
130638,16
200114,16
27362,17
29807,12
83030,17
109428,8
160332,15
7685,10
124711,6
99068,0
77047,14
166855,3
146704,6
97950,15
102371,12
16839,19
5576,10
163386,6
177944,7
106751,20
159501,15
101281,12
147905,0
9534,10
100016,0
211408,12
109883,12
3747,9
2190,14
139731,15
5338,17
80843,0
61788,0
211511,12
84143,17
164235,16
196067,6
106916,12
208655,12
210286,2
117456,0
77690,17
146984,0
39607,12
119778,15
150655,14
106985,2
193628,1
62753,18
189152,8
154953,1
189960,6
133827,0
49738,18
69450,12
64166,0
95160,19
195703,15
78943,12
24448,14
194161,9
8183,3
47764,14
51560,17
169938,2
121939,12
208013,12
157693,9
124637,0
134184,12
205649,6
67199,14
76197,19
27772,0
12425,8
114599,12
58537,14
175431,12
23481,10
16394,10
55985,12
156400,19
53383,17
179955,12
174966,12
24233,2
45564,3
462,14
3053,10
130293,0
127371,0
14498,15
147681,0
213359,15
38826,14
56576,0
49662,10
195399,12
73909,12
114975,0
140286,12
211091,9
182954,8
49972,17
205404,15
114854,0
154127,16
15705,14
25695,0
67027,0
200604,13
26956,14
212644,15
29958,14
18893,14
467,14
143345,0
11761,14
136500,12
30446,19
9348,17
183620,6
124857,12
7797,14
70059,10
561,2
43244,12
137944,6
195479,3
103630,3
82581,10
109596,14
150029,2
202125,16
46441,12
145195,3
183881,6
99420,18
91650,8
18930,14
20024,2
52143,14
45447,17
36883,3
200210,13
193875,0
19786,8
194593,0
198332,8
145313,0
160052,0
153722,12
43280,10
82744,0
150515,2
185838,4
70510,14
121750,0
75057,19
19151,14
162905,8
190270,11
194250,12
176829,6
182066,6
136465,3
215398,4
91523,12
29985,17
38622,15
27199,14
39778,14
179126,1
149815,2
165080,13
26079,13
42638,0
15318,10
110763,15
92553,9
42083,17
208860,12
121874,16
62018,18
117412,20
13086,14
190579,6
90400,9
16606,14
81986,18
67977,14
122843,2
128587,0
110161,20
112154,15
80858,12
130879,17
23116,9
134832,3
138032,15
24810,3
67221,9
121431,9
86926,15
151208,17
114542,0
1640,12
212083,0
109638,2
129356,17
122802,2
77086,20
156069,18
46106,2
202414,0
187009,7
93486,9
112715,3
8001,20
134196,0
52054,17
44203,14
30999,17
142042,6
131075,12
130276,15
201435,19
215080,12
135996,14
180012,0
75974,14
44742,12
8324,17
35363,14
200489,8
36409,18
137256,13
69826,17
14989,10
19589,15
34018,0
158880,2
169075,9
75021,14
39289,12
32879,0
28999,19
76092,10
215088,9
65803,17
119390,15
35098,3
168028,0
116695,0
109271,0
135173,0
125209,15
103037,6
114025,0
24272,0
66674,0
39690,17
175273,6
35550,17
204863,1
129343,9
101009,4
70648,12
58798,17
103101,17
98072,12
161439,17
84250,19
5076,10
112728,4
115738,0
77903,19
127448,0
114474,3
129269,16
88462,14
116858,10
95498,16
126462,6
171102,17
14143,10
10618,0
153839,6
102504,0
194146,6
186018,4
204600,7
66822,14
70327,2
129361,15
203168,3
111102,2
56875,12
200136,1
130177,4
179380,15
180751,9
127044,4
117216,3
97958,16
55348,17
40600,3
132603,2
209420,8
98663,9
41379,14
115823,12
153127,3
42536,0
55753,9
133444,12
128302,6
104895,2
68160,13
44421,3
81123,12
82817,17
31221,17
136520,15
214216,0
172261,3
71560,14
18204,19
95268,17
67595,10
82707,19
192194,12
41326,17
171415,12
403,14
192069,0
208869,13
170474,0
156700,6
36328,10
208015,12
129222,6
165446,0
117827,15
39534,10
149310,13
114844,0
141401,12
103887,0
209825,3
82955,19
58240,0
216096,2
140183,16
118545,10
77866,9
153656,6
174544,18
45502,0
77342,15
131044,0
7665,14
55254,15
106427,8
119395,15
77472,18
27364,17
87961,12
91581,15
213285,0
102119,12
43143,17
5594,0
48164,19
164811,12
10611,17
182289,11
186893,9
163159,15
174167,0
139170,0
77083,20
142535,15
56971,0
98447,3
104004,16
16572,12
181031,15
17784,19
196347,8
175336,5
130315,0
141404,13
140910,0
11929,13
183554,19
114676,14
16225,19
124119,0
104149,10
103046,12
100193,12
33587,2
168262,3
57989,18
101763,2
97715,1
69912,0
86604,12
33773,15
17813,12
57111,19
175315,9
200407,6
127405,6
196960,8
197083,13
187001,9
180352,0
196473,6
66520,18
63986,15
109164,12
86073,6
215769,15
45883,17
130092,12
44859,17
10195,12
150193,8
31171,15
34057,12
95355,9
155591,1
110058,7
187296,15
2689,2
6162,14
109150,2
146331,0
136999,8
204310,12
207378,15
33881,12
167247,3
186351,4
47236,9
10402,4
71011,13
164433,12
174424,2
160421,6
105591,2
93977,8
189456,12
83698,15
183162,12
203121,15
173182,0
98989,2
44950,12
148397,9
127901,17
64445,12
104058,6
42535,0
160735,9
98577,9
185161,0
19155,14
51655,0
93775,12
108464,0
20437,0
208492,0
201495,6
130825,4
157329,0
154393,3
95037,15
93381,20
104589,13
191251,6
100672,0
95944,12
204472,9
190553,0
99494,2
99134,8
116787,9
189915,17
193608,15
38214,14
179012,15
176581,3
149260,2
67634,14
136548,0
204561,5
175301,16
3461,10
198441,0
71361,15
22022,14
53135,2
3033,0
179656,9
204650,13
136140,17
70725,12
102738,14
84901,9
170369,2
73535,17
136965,3
194815,12
112890,19
145019,15
205842,0
65020,17
122814,2
22543,0
136197,3
187599,12
185391,6
121326,17
176453,0
63869,0
137101,3
152762,0
158355,0
192581,12
200677,2
194015,13
7503,2
132578,2
161522,12
142206,12
202044,12
29246,20
162054,17
216832,20
166906,9
104404,9
128679,0
91378,12
82232,0
213537,12
159862,12
63793,14
189425,12
118534,2
129581,12
179990,15
161690,3
103332,0
196949,12
129921,0
181252,0
8565,4
211817,13
14310,19
28756,0
20136,10
194825,20
199759,0
25886,14
101077,12
83373,6
174192,6
63975,15
146620,3
54886,19
2559,14
207722,12
81488,14
151323,13
134318,0
53189,0
133616,0
38539,17
160061,0
184978,0
69981,2
64081,18
80809,12
113201,3
191471,2
134274,15
161073,0
26444,4
178232,0
101203,15
15997,14
171274,15
113491,0
201109,13
132722,3
136532,0
157517,16
74189,17
114852,0
3513,14
211035,16
169273,2
37775,18
60572,0
133399,0
191263,12
116420,15
178883,15
185260,8
129462,17
10054,0
58199,4
147029,0
201155,19
18084,17
6644,17
72113,16
25025,16
213887,9
61661,14
69627,0
200720,13
60657,18
78961,14
163944,2
193968,12
51045,9
193437,15
148986,12
23511,12
65858,0
140338,6
207998,12
190908,1
92442,14
52072,0
54563,14
91001,15
183892,12
82182,17
153719,8
78267,6
192325,3
99854,0
81355,20
121238,0
46841,0
21782,17
52620,4
120352,0
13238,0
174183,6
89173,9
118061,2
208481,16
174406,8
31819,0
79776,0
58454,15
7646,0
70224,0
2267,0
150708,9
10695,17
125015,2
185491,6
182537,6
209714,15
64481,10
50405,14
185879,9
99267,3
215933,0
164979,0
82534,14
199187,6
87196,10
200384,0
192030,12
61290,14
120480,0
139823,2
46268,14
172670,17
130631,6
113516,3
114258,12
126710,0
33733,2
120428,17
69579,2
140389,9
183319,12
69549,17
105371,13
148536,5
59604,17
52727,12
158472,2
45333,12
14518,14
172213,17
148758,12
154409,0
44582,20
199185,6
17624,17
155219,12
176564,3
119341,8
51625,0
183135,3
106866,0
175832,9
18145,14
31496,17
210411,3
204892,8
88285,0
108210,6
94893,12
107913,7
133840,0
95309,0
8663,19
178125,0
22215,8
175442,12
146354,0
133758,2
12987,10
85000,14
110927,12
190529,13
22179,10
162583,3
46655,17
135335,0
204649,15
84199,14
10968,8
64960,14
84376,15
14252,10
7111,6
21627,12
33964,17
60637,12
51417,17
56435,9
154623,9
142410,12
100183,13
88456,12
191678,0
118466,0
19035,2
159332,6
93922,0
160882,12
93080,12
139849,0
118193,0
198508,17
95577,2
30800,14
100188,12
14860,9
120902,9
170457,15
194656,15
206822,15
106758,19
137635,6
124739,3
121280,12
105832,14
53197,0
16812,14
73313,4
186926,18
109734,12
24844,17
47363,19
3685,16
153559,0
199865,9
120321,9
76493,10
5936,14
204412,12
185220,9
215802,2
13795,17
98255,12
23407,1
156088,15
49666,10
34457,8
32384,2
70942,1
28209,17
212149,12
32018,17
56563,7
173981,12
111851,12
19499,14
10427,15
31559,3
172632,15
20279,14
61532,0
176279,15
26240,9
23739,4
40237,2
94779,8
147638,17
42341,17
183774,15
127017,2
16426,8
133201,0
216446,2
129296,0
57371,13
211081,6
167785,17
148281,13
210062,15
101476,0
193985,12
178240,2
151425,17
141491,2
38709,17
89308,9
193624,2
197661,1
182176,12
19127,10
177795,8
172214,16
76001,14
162108,2
182675,12
124576,8
145127,15
62288,14
64175,0
7402,13
161712,12
130587,9
72598,19
107163,4
16568,10
103705,1
211699,6
81124,8
73803,16
91284,20
18210,19
19230,10
99966,20
141785,12
163194,8
122855,12
109933,0
147608,12
208332,18
5067,14
159168,0
4872,9
124537,15
82417,0
120646,12
214572,12
216954,2
106764,15
32204,2
111402,12
196730,13
55899,0
74450,14
207332,12
127638,6
62273,14
159276,15
46455,0
15434,19
133208,6
122334,12
94641,0
74679,0
116285,9
184704,8
182014,15
85947,17
114241,13
1199,17
53922,0
3188,0
24631,0
195604,2
214828,3
215676,3
44937,3
213184,2
179076,12
75399,14
198734,8
36186,10
134170,15
105552,20
93616,8
62118,12
4348,14
42650,12
160815,15
188857,9
48743,18
41726,0
189281,19
176650,0
10258,18
26908,16
55798,12
194908,3
62775,0
31379,3
87114,0
184656,17
97123,16
199389,15
128474,8
50200,18
86175,20
174828,6
216355,12
102123,12
173379,12
98580,12
156950,15
96131,3
133947,0
64098,17
113327,12
128329,15
173329,12
146270,12
60214,14
51306,12
26347,0
117198,0
109441,19
95522,0
26751,17
85232,6
12666,0
203683,15
120160,12
129819,4
142004,0
109105,0
116298,17
69517,18
80740,14
122142,19
135833,15
196810,9
129516,3
61829,0
54289,17
84662,19
204672,0
136898,12
1078,12
68229,19
84567,15
10305,14
29076,19
4158,12
204958,13
1923,14
183043,10
95300,0
19641,17
132053,12
63392,10
68416,12
62081,7
50307,12
205572,12
130710,0
42055,0
120971,3
139314,0
69799,12
140437,0
8768,14
151445,3
214581,2
203376,12
128802,0
89225,9
203357,12
19420,10
76949,0
170895,8
21804,0
6454,1
75270,5
38866,14
174602,6
145396,16
54975,12
86940,14
103796,8
165920,0
11978,17
189992,0
193849,17
164956,0
54632,17
157365,2
43653,10
57501,12
190364,8
26109,10
149414,12
11155,1
184053,6
128777,0
83742,14
75389,3
119703,1
198922,15
97501,2
24212,14
33031,2
147021,0
215204,6
106951,19
184528,3
50947,3
82875,0
185505,0
136622,9
19773,10
137370,12
99543,9
116484,19
89901,9
196331,12
154900,9
189858,12
43224,0
1203,19
133808,15
174882,10
21059,12
121551,12
17734,3
32597,15
63607,15
163710,8
63558,2
129841,2
154932,15
215036,0
71005,12
177263,2
37736,15
157594,12
111554,17
112701,0
113864,12
120345,8
213962,9
114379,0
121762,0
149019,2
197789,17
199071,17
95600,0
132102,0
168885,6
49191,12
172696,0
152143,12
113218,12
116850,0
187119,8
77562,8
43414,19
119743,2
157777,12
115384,0
202769,12
52516,9
144015,6
208404,12
210682,6
36126,0
13307,17
49281,15
40703,19
47092,19
173054,2
197846,12
70862,4
113304,0
141105,8
129916,0
9816,17
19637,17
116174,12
201367,15
114015,12
31542,0
19336,3
6659,0
128391,2
152934,12
56431,9
73848,2
50145,4
180458,0
213376,2
91553,9
107640,0
187289,12
207749,17
25602,14
106605,15
118236,0
68393,14
22226,14
54377,8
99838,15
71885,6
183678,17
167466,12
103077,12
101158,4
50016,17
163297,6
193546,12
197494,4
23464,12
63429,17
62491,14
214144,6
151156,0
88730,14
66503,14
63156,14
167129,3
78979,0
175770,10
46589,0
102260,8
169520,17
140601,0
209028,12
97493,6
74113,10
207110,0
172627,12
118919,0
188235,12
176637,2
163177,0
208733,15
17848,12
46339,17
133819,15
24067,10
162132,3
130400,9
205470,12
163782,12
23497,10
166413,8
73767,18
202752,2
135409,12
62713,6
181586,11
120469,0
68805,10
107812,15
15098,10
31375,3
29909,10
10784,3
204206,16
101625,8
206326,17
172090,12
204747,15
78337,19
49183,10
29069,2
203583,15
209220,15
127890,15
147857,6
174873,13
78134,0
9020,0
160507,9
180557,11
49836,3
157930,17
10734,18
50116,10
169851,2
162323,0
79434,14
37413,19
138941,0
190693,12
74683,0
144383,6
84626,19
175527,12
168820,9
157671,3
167283,0
168074,2
198243,15
64945,14
84231,14
30615,10
8902,10
135485,3
174060,12
25042,0
216933,2
194245,5
215786,12
81,0
114806,4
191684,2
171471,9
61009,6
74622,17
56520,4
183045,10
87395,12
212498,17
29507,14
65197,10
29224,12
38809,12
44496,14
133753,0
210683,6
204027,15
153443,4
524,6
92837,9
137683,8
39572,8
161212,12
59349,10
134717,12
38062,0
67467,12
175783,6
100464,12
129314,6
103879,0
191647,3
66080,17
98694,2
37677,3
46940,17
161811,15
124017,6
200919,3
32702,2
111443,6
72132,12
167688,15
193077,8
32113,2
121701,15
86441,17
126731,17
214833,19
87759,6
146945,8
43905,14
105837,9
80705,14
51591,0
148245,12
100501,0
41586,13
175491,0
183465,2
8196,3
152488,12
117790,12
187183,9
191948,0
188339,9
72757,17
63098,12
119340,9
10244,14
17383,0
49331,16
169892,12
180565,18
107588,8
191947,0
211891,0
142484,0
178790,12
175743,15
124627,13
6353,1
13981,17
90671,0
197675,3
205939,2
162600,8
100155,0
209276,12
104412,12
210906,2
111424,6
141980,19
182974,15
175634,12
210783,3
119328,0
141552,6
200627,2
8548,3
96497,0
34519,0
200392,0
29399,19
67774,19
161906,6
101762,0
206073,14
171854,9
190144,11
3425,9
159604,15
171193,15
208730,17
89082,10
216521,13
121339,19
150590,0
174307,0
54719,3
36746,14
73231,3
199351,6
69036,0
10865,14
166452,8
215402,15
204401,15
22537,0
120079,12
2517,19
78789,17
29135,12
158444,15
98506,0
111093,5
185012,12
143487,3
8350,14
163541,17
137240,19
184357,6
174339,19
22066,17
138388,12
106588,9
108482,4
64755,12
158989,6
182102,12
36327,10
189709,9
186365,0
69127,7
67896,14
4881,10
100630,12
183478,1
114100,8
157275,12
57497,19
36702,14
147643,3
42738,17
156778,15
69802,19
158569,0
72949,14
188113,17
54708,0
43217,0
143746,2
39610,10
61054,15
184134,6
160996,12
127376,0
52733,17
65332,0
91947,15
57418,17
147559,13
76131,14
51224,2
159324,7
173247,15
66819,4
211794,8
6579,14
117527,17
32671,0
200325,8
35405,17
118594,12
133267,18
185776,9
188228,15
179527,4
47532,8
147501,7
29442,0
140154,3
206921,12
62938,12
108565,13
55434,0
141254,19
186525,15
151184,2
76814,14
70520,17
89802,9
111351,2
18610,17
171847,8
79527,20
179925,3
12634,4
132925,0
97187,12
30367,14
178045,6
137476,13
33922,14
152342,0
109754,0
19607,19
73362,14
171171,12
90362,0
139615,0
109134,3
26388,9
36795,14
118472,3
121547,15
157889,3
196238,3
69507,14
5891,14
209912,0
89131,8
46674,0
125101,3
150426,9
90511,2
132160,12
46991,10
197400,16
207924,0
156471,12
69783,14
107991,0
147684,0
153490,12
23237,12
149347,0
21361,12
10809,0
107823,12
78172,2
203328,2
126651,12
141194,12
9505,0
138341,12
37422,17
111621,2
116437,0
108376,12
216223,0
187917,6
116711,6
215808,2
88288,0
213143,12
175499,0
205280,20
97293,13
183206,13
156458,4
148724,12
58497,0
80272,2
61673,19
6459,16
25106,19
190003,6
9218,0
135223,2
72992,17
170258,13
72365,12
73668,12
93854,17
30359,14
21751,14
167713,0
89071,12
198545,0
37152,14
17875,14
80474,17
9618,20
141523,12
172227,13
156499,17
55705,18
207016,8
45664,17
81733,8
18198,14
166367,9
172193,12
101854,7
119157,0
159400,0
78820,0
28449,17
133242,6
53613,14
86943,14
201011,9
108829,12
89861,14
156184,18
214246,8
28190,17
11450,2
169143,9
85617,1
111403,12
190584,6
210980,8
85757,15
151405,12
38650,14
130905,0
59816,0
135974,2
103616,2
40322,13
166578,6
200929,13
12449,14
132254,16
164194,0
141964,9
96606,14
4760,17
14881,14
19159,17
176610,3
421,14
184029,0
78843,0
130209,2
86946,14
194292,13
55517,3
83776,18
21056,0
16992,17
159318,3
152011,2
57234,10
140763,0
135806,8
161533,8
170141,16
68581,19
45272,3
148765,12
148523,12
155697,6
147484,0
51701,20
88327,10
42754,1
145212,12
34197,15
187172,12
46151,10
107278,12
32130,14
141428,3
162692,3
6432,12
198073,12
13957,17
72179,18
196985,12
8662,19
113673,0
142830,1
51325,17
178802,15
157715,15
117915,8
96380,0
135857,0
181974,12
50717,12
88149,0
120012,0
202201,0
89976,17
108201,2
26998,12
50131,2
117338,14
199320,8
185177,6
207899,15
152809,0
104869,6
203939,2
156424,2
19822,14
10022,17
124023,6
72938,17
102916,20
148453,0
192187,2
25880,14
15491,17
119828,3
41174,15
3572,2
8573,0
49487,9
187661,0
93173,17
198161,15
90680,9
37446,6
138632,0
204007,12
187019,8
160973,6
33416,10
146895,0
97342,8
94763,0
213666,0
102069,2
4041,17
135479,6
203640,9
168868,0
48725,15
72672,12
69957,10
107592,0
39405,17
112622,17
15932,0
120513,6
143356,0
105177,15
73195,17
199341,3
43819,9
31498,17
20056,12
153806,3
132846,3
160427,4
164734,6
173693,5
124241,3
116652,10
73514,12
119607,0
118210,10
108369,0
147430,12
163180,0
191225,3
194804,12
61734,17
187335,2
26724,19
215720,6
150723,12
14688,19
201593,13
6588,14
123870,0
190056,6
143098,0
158305,12
111783,6
174459,12
87813,20
188863,1
154185,0
183049,8
159582,12
135670,0
63920,3
1804,0
135858,0
72041,14
162498,7
144775,2
206556,15
121336,19
189837,0
93334,4
28825,14
14087,10
13719,0
49960,17
149429,19
29605,14
111238,0
180632,6
97253,0
168806,12
198319,15
86416,18
26534,15
2794,14
46666,0
68577,19
15215,2
7505,0
100879,13
64732,14
100732,12
147568,0
192868,8
90352,15
13663,19
128482,6
131589,15
168904,12
21562,20
24112,17
103225,0
142135,18
198951,4
80056,10
110509,16
131547,9
144806,15
108598,2
30424,18
174583,0
149088,0
50007,15
18441,15
39263,12
9608,12
103726,9
139013,12
65330,0
206477,3
181335,2
79945,17
3107,0
173416,2
189477,8
167850,7
35964,12
56683,6
155015,15
42958,10
172087,12
82063,1
130901,0
33973,17
158680,2
213309,6
138215,15
10613,0
184492,2
123700,15
70972,6
18046,2
109137,2
153621,13
135790,12
23340,14
2401,8
198665,15
35109,15
57867,17
12474,14
192919,15
32555,17
116804,17
215921,2
136144,16
213281,2
44310,14
58608,0
3364,3
84262,17
127375,0
164534,12
89636,9
86170,12
45609,14
112723,3
142151,15
121772,0
70508,0
102791,9
172124,12
215120,15
216640,9
201066,19
116278,0
58973,14
14,14
175167,9
123080,12
125515,12
35869,14
72661,12
216482,10
46028,12
199535,6
198030,6
46236,3
50167,15
127930,0
183346,15
104166,16
50406,14
23089,17
15272,16
79349,18
14493,10
108106,19
83039,0
82840,15
74982,0
141342,15
184179,19
180842,2
6625,17
17795,19
39437,0
45734,0
214317,15
21013,14
15323,14
209461,15
166315,9
85725,6
194969,2
164355,15
214785,15
48254,12
143119,2
106674,2
174207,12
65532,17
151847,0
211594,2
35478,17
20551,9
83488,11
205577,12
107775,0
131153,3
193556,9
50768,10
108622,0
200802,9
4149,13
126549,0
73453,0
87429,18
142136,18
142972,12
110644,4
201062,13
111647,12
66966,14
145540,19
13867,14
74788,8
206238,8
2258,3
111623,17
72897,13
202423,3
118474,0
2360,18
167165,0
116702,8
46292,14
55924,10
141584,12
139119,9
124028,6
22103,9
25820,14
78885,12
32661,0
147569,0
161396,4
185136,13
56196,12
1682,16
171197,8
81742,9
175152,18
194457,12
177459,12
212011,3
25061,9
96032,13
114649,0
34365,12
205708,15
209783,6
71935,14
193832,12
73057,0
1560,14
10932,0
37458,10
191422,4
193374,15
40872,18
154510,0
141127,15
131696,8
43684,10
31554,0
118593,10
32048,2
68865,14
190890,12
17355,19
17169,14
64394,0
132691,0
184048,6
153169,6
94398,0
166624,9
197362,0
209124,2
86153,17
65355,12
27870,20
38946,17
19708,0
185619,9
97554,6
132942,0
173708,8
105087,15
79225,0
102067,2
106589,3
204470,0
103325,0
210247,15
77048,14
209557,2
25545,10
126120,3
188451,6
116531,6
196321,3
187364,9
34075,14
86208,0
31665,15
4313,12
124694,19
61406,17
59311,1
79218,0
49701,14
174413,8
190676,5
110084,12
213748,3
20843,3
154386,3
187567,8
14798,0
184193,15
136754,17
28305,12
122623,12
126839,10
9028,6
203319,3
47169,0
158669,6
143687,15
171479,6
109142,2
156232,6
193496,12
151598,15
120003,0
135949,0
55598,3
4937,17
106657,6
33475,9
105204,0
64437,3
47031,14
31834,0
197284,17
48662,15
79545,17
3955,15
123075,13
207677,0
130008,17
176402,17
191014,0
125308,0
135096,12
205996,17
3780,14
78261,1
72630,3
130674,18
88251,10
53500,19
135529,20
128663,0
152468,6
141251,15
72243,17
14559,0
210991,4
167586,15
118920,0
161272,0
131714,15
53471,12
63524,0
150302,0
77684,17
109561,12
164126,18
122177,0
120837,12
161288,6
32210,0
202735,15
192008,12
61149,17
112072,0
66764,15
204770,2
119104,15
90855,0
186804,9
201205,8
83696,14
159771,18
114006,15
168921,20
195077,12
112924,0
126966,15
199295,9
149709,12
191737,2
68212,10
156682,19
35975,12
112271,0
137415,6
69683,9
195810,2
140410,15
190739,9
100813,12
81004,3
160273,0
1697,19
89333,9
47495,0
28212,17
40771,12
179278,15
144872,12
9523,10
151270,6
73881,0
192017,16
42502,15
168159,0
62447,14
157989,12
83113,10
161354,16
41776,6
131266,15
101973,9
214151,6
89100,17
152355,2
197976,15
128466,0
143225,17
186838,13
46349,17
112529,0
212627,18
80640,0
91079,4
71215,14
71245,14
197894,0
38901,12
62119,12
70086,17
73650,12
27615,0
177340,3
149970,6
151533,12
25010,19
167222,0
207438,12
27714,14
33524,19
133586,15
169350,0
113017,3
42812,10
142069,12
52074,0
16160,14
16286,17
136192,0
123202,2
17166,14
139381,12
169177,6
185117,20
72413,10
15452,17
112095,12
123441,15
1369,19
202390,13
201921,19
208524,12
132011,3
80757,10
187791,9
30368,15
7007,9
131283,15
27788,12
158860,0
117266,0
165991,3
3961,14
54149,17
50143,4
145044,0
28399,14
116771,8
127453,0
85735,6
22286,17
132890,17
188844,12
17114,12
42774,12
79400,12
957,2
77291,14
9148,19
36103,0
189672,12
58302,14
84069,0
156427,2
39365,14
161332,20
143814,13
136504,16
71354,14
181090,6
97711,2
214091,0
187602,12
30568,12
197235,3
211047,0
97805,19
159277,15
204261,2
41112,17
93482,15
62915,0
29479,0
162392,0
48719,9
32353,9
55768,12
112207,6
77034,12
163275,0
104466,0
188698,8
203534,15
126553,0
129545,9
174043,9
112174,2
96065,2
185434,9
9713,14
110444,0
31585,6
144224,8
117551,15
2224,18
31504,0
26762,17
33895,6
103085,17
171629,2
135417,19
150263,0
57089,9
214399,6
205833,2
47849,2
36787,17
75752,17
102011,2
158782,5
163063,17
204335,15
94664,0
32715,9
68792,0
153661,3
68705,12
148444,0
203232,12
118,9
69565,15
105868,6
82870,2
9467,18
35500,14
5751,6
164725,0
171713,15
63114,9
165551,13
198692,15
138004,12
135644,8
52329,0
54765,3
171565,8
47002,10
86753,3
59297,0
58412,12
168827,19
15294,12
9237,18
35688,12
198205,8
31664,14
110707,9
128578,6
169164,8
20779,0
56045,0
75153,8
111265,3
27840,12
70300,3
200527,8
100739,15
167404,2
185550,8
102734,12
176102,0
83869,6
5652,14
108468,0
167794,15
113025,8
22837,14
159748,12
80768,14
206652,15
199099,3
201987,12
7394,12
143445,4
202836,5
162023,12
162804,12
63056,2
137495,0
92710,12
60620,10
11156,2
177610,3
22196,10
28347,10
117703,2
93804,12
187239,9
118282,9
99073,0
208729,15
38323,14
30704,2
60162,0
87559,0
192757,8
122844,2
144577,8
26069,14
88695,6
91114,8
98566,0
144929,2
176748,6
56629,4
168711,3
184083,15
54511,14
86656,10
115756,6
48844,0
211388,3
114313,15
66121,10
39670,14
172393,5
118245,0
43943,19
33155,14
216122,12
47331,3
181231,15
43406,10
56853,14
127251,12
105876,3
157508,19
63427,17
209422,8
60259,10
37416,19
118489,10
52026,12
57141,2
34919,17
171339,12
187844,12
89746,15
16179,14
158803,9
21468,17
198411,13
12007,14
118221,17
50018,17
52139,14
95545,3
37202,17
22616,17
53282,8
190218,6
59983,18
43317,14
105845,0
29736,14
11527,14
39544,10
195233,12
95920,2
33397,2
138656,7
137090,4
25410,12
188247,6
59665,4
216731,0
24207,14
99229,0
56252,17
112901,15
42079,17
186601,9
135905,8
169103,15
199495,9
55975,15
158160,0
97050,7
50086,17
90427,9
18976,17
164405,6
83235,10
175362,12
82998,19
208581,15
119351,17
89233,19
164853,6
166471,16
165663,13
28072,2
259,17
162082,0
51555,17
29728,14
176893,15
169189,17
86752,6
113571,10
167442,12
76647,14
205430,1
184209,0
24623,0
119330,6
53307,17
146651,15
106662,8
212292,15
48106,4
10512,19
60527,17
200076,15
203858,0
108791,17
161361,1
202304,12
115783,0
75958,10
70716,17
170728,0
209367,0
129494,0
66748,10
66100,0
74251,9
34679,12
61701,20
193977,6
40429,14
24384,14
122687,0
80961,9
125005,3
171957,7
189559,12
211802,6
115678,12
67145,18
58267,12
121008,8
94417,15
137646,3
14833,12
38931,14
210946,17
141164,6
212718,6
144735,3
31780,19
50600,18
101401,18
172963,2
121767,0
8071,13
173893,2
91374,14
185577,13
31547,0
116098,12
178965,20
145614,18
148907,2
127045,3
21358,17
62861,17
31208,19
12829,17
181037,2
126070,16
145199,12
101548,12
214668,0
150747,6
38238,18
128105,19
78056,8
212155,12
37235,12
34195,15
177220,12
146632,9
96598,17
170984,6
47549,10
155955,19
154248,15
139286,13
183719,0
86855,0
126699,3
29952,14
56943,2
3247,14
153975,13
4598,9
114359,2
95373,12
106621,0
28090,15
172429,12
89828,9
161702,13
13039,4
108297,6
199716,15
142249,16
63765,8
82807,13
214806,2
184392,15
96694,2
33003,17
51932,0
110796,0
61464,18
183675,12
56014,19
42628,0
26732,19
168490,6
121900,2
45157,14
195211,12
123029,2
12585,15
63450,14
160020,20
166059,5
209631,7
8199,3
17955,0
193390,9
26917,14
48914,19
85474,14
210873,0
97106,8
159475,12
160285,0
89850,18
55495,12
195228,0
172108,19
33753,2
63497,0
24579,2
2345,20
184710,6
152322,0
68944,9
55006,17
135939,6
211346,20
72532,0
2653,17
134244,2
112643,15
140401,9
114700,15
2617,18
212519,15
205439,0
139303,0
48954,17
35134,13
103549,0
69821,14
76725,17
196792,8
117871,8
114366,0
76990,9
136871,9
60196,10
7963,14
155856,3
59216,14
16162,19
215287,0
6465,14
121813,3
129050,12
163435,9
79016,14
125021,13
64120,17
204522,3
129033,0
97378,9
69947,19
83528,12
22665,12
58570,0
151747,0
166316,9
11891,0
109695,8
89837,9
180194,15
102883,3
102562,12
79877,0
43079,17
177269,6
80441,14
12855,6
129565,17
112469,3
145532,0
216084,8
33527,19
115098,12
151305,12
96931,3
107187,19
14243,12
55808,12
202348,16
200681,3
87130,0
140020,9
99762,2
142266,0
144530,1
38031,3
150751,0
177296,12
137183,0
93611,9
190287,0
133566,8
10498,14
36692,17
10175,2
51475,14
206515,12
175937,0
4939,12
131467,16
171188,16
140429,12
118337,6
50500,2
166951,15
209396,12
75916,2
74541,14
137855,0
62965,14
215985,12
176670,5
81652,0
204230,9
35170,14
76447,10
152344,4
5188,2
181123,15
195597,0
34454,0
204740,15
69421,12
195382,12
134295,15
19390,19
56527,3
10777,2
44116,3
103016,0
115664,6
138704,12
216247,2
155513,6
42071,0
144298,0
56792,0
80427,12
11337,0
87713,0
159018,20
120052,7
70536,19
170993,12
54710,0
185032,20
197515,8
89903,9
165876,4
146399,0
158062,10
154325,0
60440,12
201512,15
80855,19
170492,0
117051,0
49298,17
88076,19
51672,12
48704,8
31860,12
75131,12
84179,10
72225,17
85608,2
17371,17
31681,17
37688,0
16807,14
11626,0
166574,6
64104,18
140246,0
6756,4
102999,13
111886,0
43247,11
207920,0
43696,14
152220,0
182343,19
166225,6
128280,3
96006,17
199217,15
216615,12
73691,14
164856,5
59580,0
127825,0
72533,12
134765,12
6048,2
141832,4
3432,12
164562,15
186246,4
77633,15
192319,2
187583,9
201209,8
142648,12
84415,18
216604,12
11744,14
72256,2
75177,15
60303,14
109882,12
133416,3
1888,14
149091,0
114294,17
47656,0
193542,0
51014,12
149047,2
20687,15
53141,2
167557,13
195790,5
80617,16
181400,0
86026,0
130179,0
178127,0
33706,2
45620,14
110062,6
22625,17
212856,16
119019,8
185966,9
133997,12
211929,8
4726,20
45221,14
121947,19
73503,10
29312,10
36351,14
68827,3
10583,2
131989,0
202320,8
104884,0
93821,18
32536,20
143528,2
110937,17
196850,2
95387,0
44381,17
153121,0
41068,18
46078,18
86368,14
5260,15
25225,12
19472,17
81880,15
43159,3
96758,15
116726,0
97120,12
205188,15
26771,16
213993,12
51959,12
161782,7
63409,2
187788,0
170698,12
145548,0
181826,2
133664,12
119690,12
142150,15
214986,12
126599,0
163406,4
53646,19
105909,12
142777,15
74046,12
125387,0
115152,0
27373,17
155708,2
180568,0
111735,2
202336,15
75956,10
96033,13
39562,9
122176,0
95636,6
100053,3
11751,14
158086,19
169917,17
7384,10
122438,2
75453,14
135232,1
119723,2
152886,0
52216,19
69219,0
124859,10
31342,19
33291,2
136110,12
174518,12
213775,9
18933,19
40583,12
200726,11
183510,12
154424,15
140129,2
200057,6
146738,20
201690,15
188092,19
211749,0
118275,12
181533,12
122054,12
33797,14
130334,3
187270,9
71193,0
159424,0
169982,6
162096,0
214863,12
193846,0
983,12
152249,1
120371,4
92426,9
132947,6
193888,8
48456,10
206813,19
189792,0
204744,15
25663,2
147377,11
47673,10
121353,12
164024,15
187736,17
25301,13
175345,6
139445,0
28557,12
140788,7
152273,7
92830,0
187152,9
158800,12
130384,9
168414,9
53398,3
95434,12
211694,6
133816,15
22702,10
56509,8
81579,17
14441,19
121534,15
23424,2
99189,12
152951,9
54232,12
127119,2
165290,12
205341,19
100348,6
111146,12
193786,2
201337,3
185149,0
126533,3
64006,14
112270,0
41007,0
210576,12
211429,17
154742,12
145192,4
211385,0
1155,0
208735,12
210164,0
9649,0
48103,8
151336,0
190670,9
1430,4
123616,15
33041,2
188986,9
17712,10
89183,0
177960,11
170877,15
8337,9
193216,6
42596,18
131488,12
170288,12
124362,12
90998,14
75680,19
104305,14
168532,13
62406,0
207354,16
83539,12
128742,19
60719,10
163045,17
160807,13
198729,8
209904,0
130079,2
129615,3
81022,14
178991,12
164730,9
139937,2
84212,14
111671,12
85803,12
55777,14
8399,0
19186,8
16003,15
94438,0
7179,3
14237,0
48480,12
84305,0
213820,19
106059,17
200885,3
180298,17
70374,12
191223,15
53212,3
187890,4
123264,2
29670,2
40924,0
59655,17
153782,0
143754,6
31779,19
69071,0
123180,2
98052,8
108560,15
136430,0
156598,15
67796,3
165627,10
180402,12
136781,0
189828,0
163209,12
1546,15
117435,0
127209,0
27793,10
79942,14
37372,10
196786,9
179088,9
67026,0
197016,0
162325,3
148580,12
12800,14
130984,6
5235,16
52857,20
121006,19
106483,12
136509,19
99680,2
206576,0
133959,0
67534,0
40625,3
142763,19
43902,14
52150,14
123653,0
118136,0
202179,12
31877,12
94166,12
117843,0
190722,2
112125,17
140379,3
216330,17
187955,12
111501,9
103283,6
82340,14
68317,3
97404,19
125047,18
10119,14
19946,16
42555,8
201395,15
27500,14
215442,3
192452,12
67126,18
120414,9
209645,8
47903,0
215205,4
35715,14
42829,10
134952,0
174415,0
36315,14
122871,9
117492,10
75168,16
137067,0
181385,17
213646,15
114217,13
178900,12
80751,12
205376,12
205488,8
46449,3
36856,18
30448,20
192041,2
187011,7
122565,0
98576,9
44350,18
62683,12
121559,0
59858,9
120024,0
188868,3
91564,12
11257,17
174257,9
145259,12
30783,14
200892,8
189217,12
102305,7
50302,9
160624,3
96112,0
181861,11
93186,15
95662,12
84961,0
31871,9
151827,15
165256,9
184624,6
18383,13
88206,14
121607,12
184583,6
185563,19
19781,9
114748,0
154755,0
94629,0
49022,12
124265,16
121032,0
25975,3
172182,12
140553,12
272,19
158190,4
99474,2
1318,14
65223,15
92145,2
154262,9
114950,15
156199,15
44671,6
68503,10
14823,12
58949,0
64793,18
28733,14
196700,6
27455,14
111183,15
113074,9
48306,17
905,14
100215,14
208925,16
40071,3
53255,6
13260,9
10027,17
191484,0
158887,15
57797,14
96234,2
211667,2
14889,14
17485,7
71998,0
206550,15
111974,0
141485,5
111630,12
10001,19
85361,12
122820,0
175040,15
96010,17
187520,15
25297,14
1666,14
204004,18
105678,4
171047,6
10935,0
65530,14
93961,17
46663,0
60106,2
83538,12
19498,0
92515,2
41625,19
198885,6
61666,14
172493,9
48188,17
72673,12
39966,19
92833,1
182234,16
182764,6
87414,20
73239,14
132015,0
147492,0
154738,19
36767,12
85275,14
99110,12
63408,2
153807,0
53719,10
144296,0
4946,0
215686,2
17040,4
15336,14
79778,6
7238,14
130181,0
173847,2
196874,6
32903,8
90983,12
151970,0
91661,9
59806,2
45430,0
130912,0
30214,14
31744,17
52880,17
39577,6
156642,8
13500,17
93781,15
82364,19
61565,10
201781,6
32719,4
182828,3
78930,10
45733,0
46892,14
169683,6
204100,15
117838,8
200638,8
42557,9
159568,12
168975,12
80116,14
82545,13
131231,4
70681,9
37702,12
174812,16
17309,10
140287,12
57171,0
123799,12
55700,20
190457,0
216667,17
212761,13
43991,12
198302,6
158163,9
155639,12
114934,16
113662,0
89410,10
39013,17
67399,0
47741,14
145193,4
135178,0
61109,17
52101,3
116999,19
151048,0
202578,6
188901,12
32365,17
196914,17
81178,0
44181,0
56587,3
50336,17
78699,14
194255,12
63928,7
4635,12
151830,15
30816,19
3755,14
34155,17
8489,14
138668,3
108038,12
157378,13
94988,12
88975,0
160376,15
54346,10
117943,0
191900,17
149185,4
108734,0
177619,0
20020,0
61754,17
61604,16
189,2
78254,4
169335,6
12008,19
143790,19
38157,17
152122,3
125769,18
85316,17
18859,10
193998,17
150749,6
42427,3
155030,15
71896,15
46639,19
172306,12
96990,17
12322,14
7331,2
40937,18
148222,0
65416,19
82724,15
107292,9
87750,3
177342,2
88266,18
197237,4
99484,0
205565,12
57664,0
153738,15
166152,0
148680,2
141932,0
6408,14
25178,14
46888,10
186031,8
208955,8
73176,10
194488,12
168675,0
99181,15
32723,8
201470,15
129816,6
69379,12
216,12
190057,10
16929,0
179453,12
86145,14
81817,6
197217,16
52401,12
21305,14
92495,19
31188,14
150369,0
187169,15
94995,9
149964,3
197507,0
191244,0
12258,10
2416,8
7695,14
175848,0
158156,0
117397,6
16146,9
176369,14
132488,6
209184,8
167509,0
62546,17
188446,6
125303,0
60779,14
188810,6
18755,0
7957,14
173907,12
148626,0
43584,15
71743,14
187327,3
96223,2
147692,0
145305,0
95045,15
106047,18
95065,0
207278,6
88727,0
88753,0
138247,17
215035,0
8816,17
133563,9
117863,8
6482,19
113047,12
99936,12
75928,0
122017,15
41868,14
101037,19
167726,3
133613,0
215283,0
27358,17
210759,0
158173,9
181963,12
32987,18
93991,6
70216,2
63446,14
54116,17
185667,6
336,12
28342,17
24351,10
185329,8
59273,17
95018,0
178082,15
73346,14
111305,12
63642,0
141225,6
154559,0
136264,17
214932,0
146453,9
45397,14
92485,12
54137,17
57929,3
111510,6
109940,9
85996,0
49851,10
119114,15
156582,15
143933,12
95457,11
99980,17
3723,3
37171,18
104725,3
165671,0
208771,8
102002,2
182633,7
48044,13
1221,12
76968,10
71663,19
35837,14
198655,6
193598,17
43734,19
203970,8
92504,0
120628,2
149983,12
61342,0
28661,9
70057,10
6170,14
31586,6
153780,0
75293,19
131092,13
197858,12
101245,6
201222,15
181241,2
49454,12
55744,2
188283,9
31661,14
11924,12
75645,10
10037,2
198859,15
152645,15
40535,17
186518,17
20526,6
19128,9
41612,17
212373,12
185754,6
167255,9
216297,9
172161,8
44315,14
111232,0
182559,12
80830,15
168688,0
182539,12
200915,19
138417,0
55453,0
137789,12
178299,17
45173,14
40582,17
158586,8
192463,9
88096,17
92072,8
112857,3
144669,0
110091,13
142502,12
47861,3
28977,14
103145,0
159359,12
178776,6
212348,2
14291,14
155474,2
30643,14
68260,18
107264,3
189983,17
210911,4
191963,2
56730,17
29721,14
111317,19
117506,19
10505,19
23933,4
14669,19
54467,0
37488,14
205629,0
78505,14
183822,15
111785,6
30278,15
28268,0
31801,2
196704,4
197562,16
174150,15
76050,2
86246,0
49941,12
13317,17
110114,12
96299,4
192426,9
91673,6
170681,6
127949,6
186833,15
174910,17
155938,13
177684,8
187238,9
206119,0
159920,15
10178,2
126508,0
178835,4
11378,10
75837,15
176312,0
2850,17
133291,0
174669,0
102056,3
25851,15
12761,10
32779,14
138489,15
174670,0
175081,17
160700,15
132057,19
163705,9
189156,6
216468,12
143779,3
101639,2
56074,0
197909,0
154163,0
155103,12
166848,16
138644,0
173724,17
29011,19
206934,12
57510,15
194496,8
169139,4
144904,9
83996,10
138476,12
86628,17
134655,0
17293,10
9541,6
91313,1
61433,16
51988,0
149346,0
26878,3
43698,14
216617,12
114905,12
39719,1
19133,17
85609,2
51954,7
92347,12
81255,0
136320,0
39838,19
186738,9
140479,9
35123,0
128633,18
139989,4
90771,0
38574,0
119311,12
71893,15
213463,17
83070,0
198546,8
753,10
22851,14
157604,8
65565,19
112068,3
12607,17
540,0
56976,0
77647,14
30085,14
39881,0
119788,0
101700,19
114225,12
95960,12
129660,17
91125,9
188367,9
34590,2
71826,0
114978,0
206320,12
200426,10
200609,15
150569,15
214441,15
72217,17
14971,9
193426,12
130329,0
205357,6
63767,2
30719,12
99589,2
176362,15
37406,19
112439,0
152628,16
194943,16
110159,19
37075,10
182213,12
14014,2
201393,13
27150,10
123145,12
115280,16
38555,3
215332,12
43763,0
35681,8
48365,17
128603,12
78061,6
151055,0
196319,3
10960,10
64161,2
61784,9
123084,12
6297,14
203958,1
19072,1
213072,12
2488,8
84120,15
20476,4
142671,0
67773,0
143073,15
3978,4
71498,12
157357,3
202049,12
58698,6
187901,0
87919,19
72002,8
26066,14
30986,14
127388,8
55256,15
144074,0
208222,6
183858,6
176269,19
118365,9
434,17
112908,12
15551,0
48300,14
206041,0
75948,12
112686,0
72503,17
188391,3
43364,16
23542,14
21334,20
18832,0
55779,14
191685,2
658,14
113697,0
89818,9
81671,0
163890,12
113978,10
11637,12
189298,8
147297,0
127835,0
89469,0
60172,0
28853,17
66030,10
123703,17
90970,19
41405,10
147157,6
83500,10
72993,17
151671,0
157205,15
63418,14
176812,0
79645,0
173744,9
106547,10
199083,9
8594,12
83679,3
74288,14
175562,15
126800,0
197298,0
43544,12
101891,0
9498,1
124033,3
50723,14
211943,12
152062,15
36009,17
178951,6
87321,3
114861,3
88544,2
194213,0
90853,1
207793,0
117925,8
60509,17
187574,9
55355,16
61012,9
130868,18
148262,8
197972,15
23412,0
209663,15
48962,17
117755,3
151779,9
199634,19
2910,13
102182,16
105066,15
58356,17
126753,14
212359,12
50529,3
22273,14
84140,17
64942,14
131291,0
139812,0
172068,6
183409,12
164651,9
138300,0
170912,15
33439,12
144556,12
65776,19
47426,14
138605,13
159217,4
187581,12
120930,0
108852,15
81524,14
5011,18
59317,0
4796,0
119215,17
174746,2
167088,15
54850,3
136318,0
51505,18
99782,12
190088,14
84534,14
185882,8
68677,3
136334,6
157783,12
79229,2
201831,15
202285,17
166888,13
13882,14
45178,14
189330,19
67363,0
28168,17
210793,12
78698,14
29018,14
203135,15
96389,0
115315,12
145840,0
88635,8
58043,9
196844,2
187200,3
4396,14
5289,15
179889,15
132649,10
80007,0
179757,13
135074,0
179583,17
149881,15
11046,12
24494,19
151005,14
63330,17
116065,3
6211,17
117404,7
58221,0
213506,5
15177,18
200032,0
6707,0
67841,17
39971,3
5247,17
178760,8
198756,8
203427,12
150858,0
71686,3
74693,12
204848,16
100701,9
204163,6
179239,12
91512,9
151079,0
137277,0
5942,14
121487,15
187228,9
155282,0
984,12
38502,14
71905,15
208656,6
109056,15
50782,14
215360,3
28600,15
76694,18
150621,0
100769,1
105402,0
178121,0
85476,14
72728,19
119018,12
198053,16
42769,3
141866,9
35518,19
92367,7
63514,0
90561,0
155530,14
61626,14
201860,9
146077,12
184944,12
128183,12
28636,0
41635,17
62082,6
216353,12
28500,12
165006,6
7309,17
19374,14
110931,15
84866,12
186688,8
32141,14
68470,0
42918,2
205144,8
140563,8
197691,12
75548,0
26965,2
213262,16
63935,2
41235,10
105430,12
172397,2
104460,8
13583,0
103623,3
153649,0
125851,6
71937,16
82484,0
65039,17
90888,6
129208,2
2687,3
204465,0
52688,16
105784,12
182269,2
59457,17
130667,15
159889,15
176742,6
205763,12
82754,0
82697,10
159125,8
179342,4
204516,12
47990,18
52838,17
139574,17
77226,6
95753,19
94725,15
207366,15
214173,12
98548,15
169374,2
104544,10
102754,0
107615,9
111547,12
50884,17
118888,13
201773,12
75724,3
22963,2
32307,3
136583,12
170577,0
120545,19
79530,19
137051,0
82678,14
182286,6
106456,9
143467,0
28432,17
216725,0
186644,17
45122,6
8852,2
168514,12
133789,8
117591,0
183556,20
34533,12
12287,8
157916,15
53091,19
155268,0
167678,17
72262,0
67287,15
38619,14
129346,8
130872,19
103806,8
9704,15
39632,0
106009,9
121587,2
53683,0
57927,2
173179,0
203767,12
215069,12
185547,9
123461,15
18654,0
71628,15
46128,3
116014,17
109286,0
178141,4
174443,6
212588,2
57058,17
195905,12
99616,15
186466,9
16291,17
83997,10
83380,4
82512,12
190555,0
158825,15
78902,12
91769,9
138,16
116403,9
85382,9
40119,14
102443,3
14731,14
95060,0
145940,0
104877,6
88999,6
88217,18
152913,4
196134,12
174319,6
151300,8
84636,14
101028,14
213802,15
125942,15
58968,14
139608,0
116906,0
12594,17
174939,8
98200,12
177270,6
84243,17
52170,14
6881,3
82269,6
175493,0
140912,0
165508,12
196039,20
38342,15
97998,0
132174,12
64375,0
5417,0
200247,8
155121,0
124947,6
7645,0
7177,14
35654,14
111308,12
45826,15
40056,12
188074,12
193897,3
172570,3
14861,6
71851,0
97584,17
162260,17
185472,12
31772,18
74678,0
53157,3
46846,12
3746,4
2649,17
205750,12
85380,6
107908,9
195982,3
49655,3
110563,3
139285,13
130250,15
211660,6
11445,12
143466,0
113520,2
105573,15
81507,14
198269,15
181587,11
167947,8
166770,15
142036,10
152001,6
68613,0
158225,15
128940,1
161639,19
177151,15
171271,12
77544,0
198350,15
191100,6
35038,14
142570,4
49894,14
79338,17
54138,17
130295,0
94447,6
202909,9
118685,2
135125,20
207441,8
97603,0
132443,15
178910,19
106417,3
162332,12
89662,0
28409,18
108717,10
44011,3
4101,0
178961,9
211863,15
106855,6
118409,12
138443,0
94680,8
94515,0
4259,17
87637,17
87282,0
8601,12
194316,2
171825,0
36012,17
163026,9
36231,18
1146,2
173142,17
134944,3
133255,3
61144,17
41739,10
69968,2
18954,19
103953,9
189868,17
108399,12
4843,13
143534,19
179208,0
187692,9
74552,14
41372,0
109833,0
97867,12
184532,12
147191,12
25522,0
163328,8
135301,15
180301,17
4207,17
85807,10
46664,4
17020,14
122849,2
38528,19
42868,14
38383,16
202274,15
193048,8
40172,17
199798,9
165749,9
138538,5
136432,0
91296,13
127651,2
204107,17
214303,17
172965,2
171665,6
59512,12
154725,0
120984,2
78347,17
179260,9
187043,12
208739,0
119572,15
75231,20
112354,6
214780,15
173672,12
164402,7
197987,3
86158,18
121698,13
40289,0
16141,4
212301,2
154970,0
9737,14
99062,2
188022,9
96342,19
28904,10
148428,0
158449,8
174365,2
33811,19
115294,0
180507,9
82160,15
7031,0
18103,0
182492,0
129645,8
58730,14
69769,14
59702,12
89200,3
106659,6
87499,8
104261,0
131385,6
140951,0
208683,12
40700,20
193815,8
147217,20
169174,6
164336,15
168905,12
20863,17
23246,14
172431,15
146577,0
187872,15
24560,18
74028,10
147641,17
106102,0
32122,2
160073,6
197966,17
38659,14
146481,0
141800,10
57407,14
152406,9
90200,0
209581,6
13173,14
112638,12
24136,2
209872,15
2907,12
202715,12
58562,17
140949,0
103026,3
101099,19
82326,14
95341,2
142277,2
60101,2
14653,14
146930,12
171888,19
185230,2
22909,9
128407,13
178598,15
15697,14
196022,12
196646,12
17722,12
64768,14
200806,3
175214,9
65224,13
184022,9
4778,3
66187,18
44355,19
201150,20
94474,15
122091,0
46564,14
26702,14
38212,14
137224,9
6385,10
2813,14
11673,8
197699,9
122643,2
13760,10
25753,15
44752,12
5049,1
201933,12
75732,14
169967,2
185809,9
46990,10
192754,8
35083,17
179463,12
41709,0
50064,0
51667,12
96501,0
144003,1
212730,12
22159,14
107841,0
194573,17
61470,17
92689,6
183969,0
71368,18
189752,6
166160,0
209526,15
2147,9
1142,14
16565,0
177106,0
4433,2
158039,12
114027,0
25858,14
214427,15
120613,0
214162,12
158481,6
199829,3
174196,3
158119,18
131050,3
89996,10
77893,20
70505,14
209529,3
27707,14
6047,8
131417,1
37427,17
79640,0
89358,9
87337,15
51314,16
93466,9
156804,0
56333,0
190485,8
63366,0
19883,0
65800,17
54800,14
120716,3
66301,12
207956,3
165690,0
79270,14
181754,9
162330,12
193268,0
112629,20
94203,2
129417,2
166974,8
175458,19
34270,0
50223,17
10358,19
16731,17
28952,14
128198,15
187132,9
181514,7
115982,12
42141,17
62465,14
37549,0
157330,0
97051,6
75606,14
148013,0
75395,14
145201,12
20810,2
65068,0
70518,17
23462,12
197004,12
102683,2
215501,15
179214,0
133980,3
189770,13
47777,18
135110,6
614,10
204588,9
68390,8
208906,12
92115,11
43957,17
146210,4
162522,12
203316,3
175418,8
73602,14
61477,17
120260,0
171822,2
138171,17
113940,6
137575,16
95966,6
144084,2
38894,2
13653,14
42393,0
214226,0
122450,12
139781,0
203386,6
50412,16
157591,12
123060,2
168088,12
216455,12
172865,6
22316,4
145068,2
170326,9
110229,0
100340,6
9351,17
146689,0
5719,0
198950,0
57194,12
139749,12
137515,0
176057,12
22607,18
111078,0
81042,14
65209,10
7068,14
155417,6
118364,12
129572,15
304,3
168913,8
64831,2
161918,4
53559,0
54526,15
45740,0
148675,2
205356,6
1370,19
181462,15
155693,0
191024,6
133667,12
184113,0
183385,6
4758,18
211232,5
166957,12
7893,0
194560,12
131094,19
21524,17
44341,14
23287,8
82120,10
134676,0
46394,17
46947,16
76782,0
39935,14
10887,9
22475,16
52726,0
142552,0
36597,12
84899,10
65180,6
143321,17
109175,15
128211,14
173271,2
96975,20
95130,0
30257,12
152351,2
78470,15
209765,12
73254,15
140683,8
131524,3
27920,0
74746,10
143560,9
91141,14
27539,17
73096,12
199736,15
46830,6
97288,12
130390,7
112583,12
88077,19
199864,9
58407,12
98932,2
165413,9
55948,8
2790,14
189295,6
154095,8
35641,7
92236,14
84647,13
179696,9
23128,14
56292,17
41537,9
140070,0
8560,3
29233,12
142354,0
151033,0
9263,12
120027,0
104465,0
95818,2
188847,13
48790,15
179443,3
50752,9
150284,1
182163,0
142735,12
105164,20
137679,9
194720,12
133631,0
179967,11
200883,0
126018,2
64057,19
57103,14
23598,15
78808,2
51787,18
124541,15
83286,14
7890,0
131724,15
104118,12
3316,19
111415,15
24025,3
190071,12
45946,6
209337,12
119903,12
163250,15
194297,12
209587,13
186980,0
56002,19
132108,0
72436,17
79676,12
134515,18
100314,0
132949,0
73679,10
210918,15
102902,12
112716,0
634,14
40747,0
158604,2
129176,15
155731,9
20561,15
97492,3
131896,2
211606,12
42911,14
198435,12
89405,10
71828,0
130652,12
147322,0
205739,6
10481,19
49042,14
136539,0
141630,0
155205,0
201137,9
34087,14
120569,12
89098,14
91967,0
60851,17
45979,14
160127,17
207740,12
84499,12
111107,0
127312,4
136628,15
172729,16
5843,18
63714,14
106504,0
45963,10
28995,18
169203,15
173535,13
55607,17
166211,12
72653,0
200238,4
129830,2
106799,3
51110,0
96046,15
89354,9
159624,0
214186,15
66517,0
189777,17
98354,16
30249,0
138741,15
192573,12
2594,14
122629,12
16849,20
206684,2
35531,9
973,0
16028,17
88776,9
127413,15
208645,2
23315,17
149654,12
1983,19
109997,20
211825,12
65721,12
10188,0
95564,1
126706,0
153964,3
142057,16
106131,0
5193,0
54396,15
25891,14
102925,15
69172,12
158964,0
186392,9
143704,0
3271,14
42213,12
82693,12
137914,8
213150,17
181417,6
115947,12
21364,3
35609,0
14661,15
32332,14
163083,0
16025,14
68446,17
3352,14
187016,8
47666,3
207939,0
131012,15
75478,17
102183,16
113877,9
189986,12
175617,4
56517,8
129447,6
31159,8
200901,13
44288,11
133,17
60380,17
77409,9
76526,0
152887,0
101828,12
197527,6
172473,0
141043,0
165312,16
132576,17
74212,0
178160,15
101455,0
128739,15
154536,0
95547,3
137835,7
214670,17
96848,0
149790,0
81387,0
142205,12
129135,15
30677,18
99741,2
27686,14
171870,12
96884,14
160068,8
156615,0
65759,17
109591,15
24561,17
197980,15
213829,17
130656,12
26128,14
11425,19
94384,3
109458,15
113458,17
119855,12
122280,12
201850,12
105805,8
139123,12
133747,6
52632,12
114175,3
130281,19
113995,16
198992,17
179100,18
91073,3
64531,2
148131,3
51916,0
132995,8
176888,15
157947,2
77653,16
88398,9
150033,0
174374,6
136492,9
134738,9
84417,19
2537,3
200228,1
131412,0
125280,17
206087,12
177808,15
78006,0
153688,0
156716,0
49172,0
56443,8
71931,14
128157,6
161508,12
83754,14
177559,12
161758,1
78488,14
205393,17
40722,17
156571,12
43569,19
22609,19
143679,15
177891,15
186059,8
63837,19
119004,2
58963,14
105543,19
67673,0
50665,2
204800,8
196561,12
71525,8
209466,15
182335,13
3779,15
51534,17
85921,18
29041,18
4119,0
63329,17
201902,12
164089,3
12770,10
192815,12
196244,2
163011,12
92249,9
110658,3
171889,12
31544,0
78216,18
1104,14
182788,15
179234,6
17241,6
94530,2
15841,15
130541,13
46100,14
5148,14
45278,3
47852,0
120974,0
53623,17
12797,14
200377,0
178551,11
172458,12
138159,0
179611,0
154634,15
154201,0
97962,10
155654,15
104248,12
54616,17
45433,0
54291,19
101496,19
85077,12
165087,0
173389,2
84574,17
44101,10
181493,0
13503,17
175398,1
206278,0
59950,15
34971,0
7785,15
135035,0
192250,13
49713,12
65900,12
122411,0
26967,2
190703,16
29376,14
68998,2
96008,17
143858,2
17296,9
81357,20
30223,19
58193,3
16400,10
144538,2
63912,2
191849,6
151097,12
193298,15
16677,0
179466,19
180871,13
32087,8
73041,6
173265,15
215123,15
85971,0
187638,15
124547,9
19364,8
175071,17
161230,12
151176,4
17782,19
188056,12
109868,12
200523,15
52535,12
200186,8
183390,6
119835,12
98581,12
68568,14
30870,10
122948,3
176555,0
150620,0
109952,6
114522,0
76962,6
48750,18
61818,0
23155,10
172160,3
106422,9
78399,0
15466,0
203234,12
180355,4
98310,12
92671,10
35753,17
103156,0
182342,6
187615,12
20478,12
108982,3
15056,14
10308,12
95257,10
89357,9
192653,12
171095,14
31376,3
182610,0
184958,12
158517,12
34245,9
159266,4
23226,9
177848,6
158143,6
28100,14
52664,17
44188,2
85074,12
183103,20
77474,19
23243,12
108404,9
29191,10
162629,17
60778,14
18324,0
67580,10
110595,6
157674,2
25274,10
100092,19
52132,14
45374,10
199181,7
120882,16
214592,0
150792,0
36234,19
202263,3
173326,12
94092,12
21786,17
55626,0
20549,9
15133,14
191984,12
84620,17
58244,14
101156,6
125368,17
29261,17
148780,0
137226,9
42161,18
15004,17
14379,2
113316,3
47003,6
57626,14
161130,8
101080,12
50656,14
108149,0
207054,12
202721,17
16117,0
99679,2
70145,12
206892,6
76559,19
125045,19
95235,8
185653,15
203817,17
131224,0
96341,19
136801,0
97071,4
136745,12
45169,14
33201,19
74697,0
144163,0
181535,12
102544,15
160858,6
130775,15
84791,0
28817,15
72761,18
69377,13
51707,0
215172,0
88219,12
35466,14
92643,12
99898,2
191862,3
82544,13
58924,10
90258,12
122672,0
48324,14
130028,3
127163,18
175687,2
5787,14
176218,6
81923,10
50554,14
151575,18
51556,14
106712,15
208643,0
32275,17
23321,14
64866,10
105726,0
185675,6
34164,19
131421,8
53452,15
16302,17
17764,14
77215,3
534,14
23992,18
139779,0
126531,3
188237,12
184596,0
213350,16
32266,14
163824,15
109015,12
200593,6
52854,19
206302,6
205540,2
76776,0
122493,0
135379,0
130568,16
21907,8
25698,0
121499,0
115697,0
18841,0
33866,0
188107,13
110864,3
25143,0
70453,10
111586,0
55330,20
133280,3
155251,15
77395,10
208828,12
157340,0
103153,0
14716,17
87738,10
23413,2
138488,15
3006,3
85116,14
79411,10
199675,3
122070,19
211574,6
150607,4
114939,17
85254,14
90173,8
55750,0
78889,14
49520,17
85206,0
150695,0
114667,12
169874,12
74630,17
179676,17
180473,3
45149,15
120625,3
62899,19
184966,15
196898,13
50399,17
87989,3
42797,10
90109,9
81905,0
77615,15
121172,0
203194,12
104513,6
183283,9
155456,15
91565,20
43177,4
68059,3
20913,14
104139,0
58501,0
9463,2
51138,15
62270,3
133274,15
138307,9
11197,0
63507,2
17438,8
16161,14
177401,15
120771,15
183473,0
127231,1
192064,0
23777,14
89447,15
159373,3
118901,2
91490,12
6952,14
82592,16
117656,9
109155,15
196538,2
97173,4
159762,12
111718,6
183304,6
67850,17
111635,12
10936,0
87370,12
115293,9
83236,10
152292,16
128806,0
154890,12
95691,0
200190,15
46433,3
50680,6
108113,20
48417,0
102415,1
159280,15
45711,1
213225,6
17773,19
41623,19
85441,14
18349,0
145610,19
116734,12
13048,10
188799,15
161446,15
51596,3
50099,8
126870,0
199297,12
38993,12
150651,16
90032,3
31076,0
77146,3
151122,17
88385,9
38949,16
157639,0
144696,0
177096,2
166931,6
183896,12
144693,0
171911,15
1703,17
177906,3
168353,17
37957,19
136149,15
85170,17
107072,13
130505,5
50146,4
169744,3
14525,19
164878,12
13888,14
204616,12
144073,0
33537,19
67376,2
161551,12
216067,0
136634,12
174633,8
28311,12
115978,3
141884,12
177168,15
19431,12
174781,6
115807,17
31365,17
144303,0
100325,3
152025,12
90920,9
158844,0
199670,0
41492,0
47483,17
60723,10
12360,14
134607,12
86347,14
216632,8
50010,15
17042,17
43133,17
148836,2
35052,14
137616,0
16175,14
90953,17
66065,19
16915,0
203265,17
94286,14
46496,3
194970,2
83124,8
114752,0
12614,2
66610,0
137220,8
74439,12
215885,12
84929,14
75913,3
202096,7
194512,0
198415,15
46531,6
138024,19
67891,14
134343,3
17221,17
93424,12
45721,6
200746,13
83001,19
191199,12
82400,17
187031,9
30133,12
201227,13
150578,6
116910,0
113329,12
70773,17
4390,17
204149,12
196658,15
93444,10
199874,12
18365,12
32217,12
79193,0
167753,12
128456,17
133576,12
78224,17
28555,14
187864,17
117813,12
195156,2
185527,9
17723,12
72018,0
322,0
215759,19
109786,12
108636,6
61512,8
11244,0
206195,6
26480,0
197175,6
139237,12
185285,18
195854,8
54788,12
173886,2
34755,15
130102,9
31672,17
35111,0
200689,12
114220,12
192292,2
79621,0
91193,19
42980,10
107883,0
199737,15
84691,17
177304,17
162308,3
55724,0
94103,0
170536,20
158987,6
136759,0
115749,9
109168,15
93182,16
183296,6
159765,9
67196,9
53142,2
80570,10
59131,0
173349,12
154704,0
163391,0
4223,15
124334,9
189096,12
168779,2
2121,14
164386,9
91155,0
120942,0
173717,15
58466,17
184443,6
41026,10
209637,12
105730,10
22044,19
11281,14
163548,16
135344,0
188964,0
107360,7
45220,16
182386,8
22675,10
172829,2
72082,14
21564,19
121049,12
117448,0
212876,15
104130,0
72390,0
208260,15
188274,0
127364,0
192174,9
198877,0
181342,0
212962,17
41925,0
47329,12
84712,17
111523,12
194461,9
198530,0
155029,17
182462,16
215507,15
133041,15
195543,19
191300,20
122001,3
20512,12
82131,15
165698,0
199427,3
163576,9
108246,3
67723,17
200972,13
178398,15
48002,15
48862,12
66903,12
108516,12
72873,15
208833,15
66724,8
159083,8
164373,0
130955,2
78212,18
207806,8
55530,0
107820,12
183215,12
148533,8
42078,14
32674,0
80486,12
108845,16
171472,9
53582,10
110809,0
51108,0
88069,19
190304,8
183850,0
105594,2
9401,10
62357,0
38932,17
76116,14
158498,12
54405,14
8482,14
180320,15
22541,0
115002,0
169635,0
142370,6
162649,0
175115,6
148601,0
195743,2
132510,2
83,0
36088,18
35594,2
134752,15
71123,17
21375,2
95784,0
188156,10
204870,0
37630,19
57169,14
69185,19
78109,15
109516,12
6213,18
50712,6
21937,19
53479,17
5052,0
113257,6
142115,13
126248,12
107333,0
83905,0
187421,16
163699,12
120490,0
29853,0
98288,12
4569,14
206654,15
71132,14
193622,3
162481,0
149780,0
90775,0
105995,12
165448,0
194535,6
33526,19
134768,12
214623,6
178534,0
212411,2
213902,12
94983,13
61644,17
173451,12
163921,15
82330,14
59003,0
57659,2
42048,3
115253,3
181497,0
166650,6
121037,12
124438,17
190171,12
119613,1
181846,12
78269,6
174930,0
106445,4
148637,0
122441,12
21946,17
1149,2
183584,2
83000,19
48897,14
108914,10
80707,17
14908,20
90055,0
45683,17
196966,12
101552,12
92535,13
156295,20
24882,19
199152,13
34772,14
185056,6
73366,14
169519,17
148173,8
21044,12
43610,2
148695,12
75413,14
51454,14
138616,8
166839,15
72378,8
142051,12
88189,6
48086,0
207764,15
104320,18
209814,15
196686,0
41966,14
20341,19
138548,0
96851,8
204175,12
134569,0
66893,12
28193,17
196631,12
187715,9
21654,19
126438,6
96392,8
176798,15
4002,19
11937,12
5466,14
49352,17
127092,0
130979,6
101803,15
183258,4
2919,9
156580,15
84414,19
190330,12
191068,15
161999,4
208539,17
49478,3
179440,4
159200,0
192697,12
151966,0
214457,6
33704,2
64076,19
210331,12
58120,14
147135,0
68735,20
55984,12
29713,15
70302,3
137848,0
101247,6
73265,19
152500,9
123150,12
215889,18
2696,0
115770,15
196452,17
158506,12
93743,8
73600,18
24773,17
160045,0
141993,8
74721,10
2916,13
6040,6
43755,17
75319,14
101837,0
184652,17
34983,10
69910,0
84302,0
76429,10
66762,15
32704,2
88545,2
43715,14
185649,17
37824,12
134211,0
60373,19
14741,2
29918,10
91614,0
73490,14
89487,0
112709,2
195276,12
112973,14
91852,9
17449,19
172359,0
157303,17
209864,12
61490,14
130288,8
107954,9
27731,4
110195,15
178447,6
62624,0
61853,14
88351,0
147995,12
54456,0
173110,2
170397,7
6660,0
144504,2
169758,2
172912,18
154014,0
19562,14
182966,0
178381,8
151547,6
21184,0
192496,12
15713,19
160787,19
202385,9
104360,8
171883,15
171906,15
83787,20
110546,0
127729,0
14147,10
77001,14
36206,15
193436,12
175858,8
188561,9
191560,4
148272,15
202988,12
130543,13
162411,3
60751,14
39791,12
160338,15
173849,2
189179,3
49682,3
162712,9
200305,2
85176,10
177350,6
99312,12
36013,17
87416,19
178679,11
211283,0
82003,17
147250,15
105953,0
77731,0
29963,14
63190,17
178947,0
49279,12
3452,12
171765,12
157944,3
16024,14
143949,0
34935,0
147006,0
100636,20
102856,0
211443,9
16901,3
149927,0
146587,0
132164,10
90215,2
101412,0
59058,14
72685,10
34857,15
5748,10
137741,0
158003,12
65508,10
63383,3
127042,6
63862,17
23218,0
214197,13
147183,13
156895,2
160795,16
22736,14
20408,1
58170,16
176319,0
181304,15
67863,14
61522,0
20580,13
66135,15
101246,6
200262,12
151173,6
127588,17
115493,12
31311,14
167205,15
113345,12
152465,6
183710,12
82301,16
53506,17
141571,12
76084,12
205848,15
191971,2
54428,17
24071,14
182637,5
96226,6
140349,0
40968,2
24100,19
136335,0
168097,9
129833,0
201280,15
74558,0
99182,12
214931,0
82802,12
129465,15
141155,6
149714,12
47027,14
76358,0
115041,0
96945,12
118150,4
5407,0
52486,0
11647,13
130698,0
190943,8
201416,9
20257,14
179490,15
29892,12
208021,12
203848,3
204734,16
166790,12
74647,0
77708,0
110994,13
3718,0
165642,18
125764,12
119096,2
208273,3
100163,0
38584,14
13755,12
13810,12
132129,2
25336,12
58667,0
2989,14
80927,0
23866,3
153831,8
80470,17
50464,0
5173,19
145113,3
1490,14
142177,0
46790,17
175533,19
43199,0
177710,15
84012,17
195511,6
63245,10
47204,11
124641,0
10362,17
203757,6
35966,10
140799,17
76538,14
175293,10
93957,3
35175,14
29706,15
55949,0
154989,4
176807,2
92188,12
160330,15
52966,3
18071,14
101627,8
95298,4
129480,6
110325,12
123187,2
94381,20
50186,14
150639,12
16524,17
130736,12
23682,10
187769,3
44201,2
21025,12
78697,14
211567,7
134790,0
175726,12
66697,12
107263,6
188531,0
171873,12
211975,2
89803,9
44118,3
165327,15
125548,17
39718,2
64632,14
204705,15
179622,3
125400,0
167877,12
63922,3
30068,15
91078,9
34553,17
202467,0
209832,1
98097,0
104136,0
158983,7
130686,15
207589,3
197405,15
95495,15
198880,3
133184,0
45975,15
182805,17
23402,0
107614,0
54686,0
123611,17
157164,13
162963,12
137076,0
132256,0
211330,13
87276,2
133977,4
63817,12
190186,0
150738,13
155333,18
21777,17
2713,0
11602,2
201845,6
14220,0
190952,6
141686,8
9058,3
108611,0
5147,14
187803,9
51678,14
145143,0
185470,12
210533,17
214976,12
159715,0
95594,17
115721,12
161480,6
128462,0
109350,16
154479,12
100051,3
27740,17
131493,0
45515,14
63713,14
118057,2
299,8
61932,10
33446,3
38453,14
197338,15
74428,0
70714,4
101767,17
149858,9
98357,16
52022,12
12500,14
115656,17
159510,9
186056,19
169310,19
214089,20
95133,17
207020,5
27184,8
190614,17
178890,14
121123,10
41869,14
95550,1
167411,7
120936,0
197866,17
208652,8
14552,2
2698,0
37178,12
191011,0
200021,9
34978,10
169404,9
114347,0
119490,2
117059,0
192464,9
154301,0
33661,2
195541,19
148120,0
204903,3
58174,17
136067,0
3161,19
206641,17
112248,6
61849,9
216505,19
134115,0
92928,0
151688,8
90356,3
71061,0
192128,17
80227,17
60200,14
83593,10
114526,0
26335,3
84831,11
174886,9
15552,0
142357,0
110856,2
150226,12
98402,0
62996,19
1022,14
69063,0
41809,19
93596,9
139941,0
1594,2
189368,8
174632,12
175048,12
60916,19
116355,17
179464,12
86188,17
101324,15
211436,15
1860,0
201168,2
67002,0
107693,11
26922,14
15409,18
189432,12
128840,13
89954,9
79116,16
90538,8
131978,0
43379,0
48213,3
62909,0
13487,10
115901,10
144916,15
153634,0
93753,3
72477,14
6875,0
175739,15
164633,12
93470,17
191012,0
13570,2
50948,0
170045,12
34824,17
43873,14
8228,10
5120,2
18384,12
44024,2
12103,8
148224,0
70389,19
113390,0
89133,8
111799,3
191094,6
85030,15
189838,0
132289,6
210927,12
209432,0
40049,10
214504,6
105634,6
138242,19
27655,14
83603,0
99127,12
118677,2
109759,12
129857,12
78496,14
101897,0
877,9
91064,0
127200,0
146364,17
86202,18
67629,14
164057,0
129902,15
43268,12
123944,0
211529,15
16134,12
123217,0
94834,12
126403,0
82168,19
39153,17
68388,10
19462,20
121962,12
116501,0
211974,2
205864,8
93866,19
83774,18
16243,19
125577,0
200175,9
82075,15
129529,2
80592,13
59117,0
104210,8
182716,1
135164,0
58849,0
62707,10
204648,15
2073,0
156747,15
44629,17
18929,14
211813,2
105354,3
155356,15
12738,3
72788,14
185968,9
194910,4
15417,18
85113,17
43896,14
35534,19
75366,14
71226,12
209443,6
70073,12
195205,15
21517,12
147603,0
21268,3
14896,13
194831,17
114380,0
139288,12
74611,17
69894,2
154606,6
59205,13
19651,17
186192,9
29755,17
6692,0
2300,9
87315,6
177422,0
137660,2
78657,15
45844,14
57068,0
56299,16
98128,12
58413,12
213323,12
143881,1
170022,9
18891,15
174355,12
22162,14
198753,8
88286,0
14298,14
188903,8
69183,19
109057,15
199698,12
170978,8
153587,6
70720,14
90612,0
10151,14
198636,0
7043,14
129633,12
86010,0
144365,2
152254,9
115804,15
44598,14
83535,12
188279,0
26132,14
33668,1
82056,0
60087,14
63432,16
82596,14
106457,9
84314,3
124502,0
3611,10
204333,15
8107,14
156635,2
41935,3
144671,0
60640,12
33133,3
4887,14
16183,14
54058,0
97375,9
170585,3
187802,9
203957,3
165409,9
188845,13
196283,12
104268,0
120697,0
122654,0
11081,14
17807,17
62821,14
97786,12
189121,6
110926,6
19264,14
96825,15
49681,0
89471,0
51176,17
147101,15
14937,14
175031,5
136543,0
97317,0
116749,10
189636,0
104125,0
15995,14
19805,10
181365,6
97846,3
124236,15
19765,12
210779,6
79478,13
64342,19
100127,6
200792,16
26218,12
116149,12
153754,0
21971,6
29364,14
183384,6
55411,2
171920,4
110736,19
126975,0
121617,12
106767,15
72947,19
170016,12
3486,10
81287,10
199210,12
181341,0
36960,9
158435,15
170311,12
154385,3
109338,19
173588,0
6902,8
94332,8
130479,0
195686,15
90319,12
164390,0
85452,15
40545,18
155726,9
31907,10
9327,14
38679,18
25796,3
14988,10
97103,6
101221,0
157628,12
94144,12
210931,12
146835,4
17274,10
97340,8
23840,17
191545,8
32687,2
99283,2
122729,2
132994,12
123293,2
195350,2
142164,0
95878,12
56740,19
90898,12
143222,19
36249,16
62304,14
157526,15
206118,0
163119,3
152492,9
179970,12
199229,15
62486,14
62794,15
140239,0
48042,15
49422,0
172854,6
209425,8
161725,19
163999,12
73412,15
175543,9
107137,6
34652,2
192437,8
125920,16
76826,10
105497,12
6196,19
41281,14
92197,19
202849,6
131684,19
171790,17
90666,0
80246,0
158260,3
211701,6
84407,17
53778,12
166992,12
19387,15
168065,3
59769,20
46598,0
214989,15
41842,0
154886,15
101831,12
37180,20
163915,17
108175,0
173780,3
24909,17
102184,16
194691,7
93213,0
104912,12
118613,15
124564,0
188013,0
56489,2
41269,14
69958,10
214842,6
194059,6
23162,12
98229,16
173170,0
125550,15
210936,12
142699,2
138396,0
176663,6
56575,0
100991,15
22878,19
206598,9
143208,8
198826,6
141824,0
204889,9
8724,0
132373,12
43624,0
116013,19
178371,9
42480,8
73240,14
129769,15
87203,12
72249,12
192239,4
41035,12
60194,10
94933,2
95669,12
177921,0
140409,12
162575,0
37779,17
216244,6
216233,6
71455,0
169420,20
81285,12
69209,0
155138,15
139129,12
111871,17
214156,12
181243,2
65282,2
47237,9
101733,0
141153,3
137405,0
173562,2
53276,8
20074,9
158023,17
2522,14
165664,13
172048,5
114052,0
113714,0
21887,0
62320,19
80647,10
10306,12
87648,19
106632,0
130466,0
162078,6
135292,6
55005,17
164375,0
21721,8
119746,2
136508,19
12727,12
48215,3
191025,4
115025,6
172449,15
195448,1
144370,2
69215,0
99269,4
67799,4
21363,3
21848,16
123082,12
100647,18
144629,12
160321,2
189676,15
25003,14
175196,9
75889,17
143250,0
195709,12
135230,0
29937,15
216797,12
69955,8
87197,12
19158,16
80323,13
21561,10
50393,12
86215,2
92329,19
23592,3
149331,15
197786,17
92591,0
163187,6
189826,6
113413,9
86679,14
44734,12
31413,12
177094,6
198529,0
136092,2
54537,14
136522,15
204606,8
130951,3
189009,0
180609,0
114659,12
135862,0
14288,14
8051,0
37711,4
102008,2
55166,2
111850,12
131306,0
201764,2
104710,0
203813,15
86633,10
127186,6
64078,19
199392,15
60798,14
66852,17
196148,2
60297,12
113777,3
65198,10
160733,9
204286,6
16742,12
71588,8
145495,9
189433,16
211987,0
41414,10
60629,14
205969,15
23066,14
117727,9
179514,0
41957,16
198776,12
67736,17
65782,17
82855,12
102130,12
137418,5
98858,3
174671,8
77473,19
25559,10
749,10
125633,12
70672,12
195257,6
168642,19
212817,3
182565,13
36060,19
204380,12
18382,14
71590,6
176976,19
118135,0
211210,0
2321,14
107239,15
1441,0
200439,13
15175,17
51387,10
112184,0
51654,0
103463,13
111497,0
21962,0
87826,17
115373,19
14944,3
81109,3
28031,14
32869,12
179966,12
70485,14
185944,9
159405,0
153029,1
198145,12
68016,2
101279,12
40182,19
40539,15
36408,18
165619,12
165129,5
24449,14
80999,3
204205,16
88153,0
110960,0
107756,20
210389,2
150402,0
72170,18
80516,0
211502,8
109122,6
87022,17
110257,0
47746,14
160041,9
155611,6
199842,1
23642,17
28803,2
159346,12
99927,12
44063,0
182130,15
199290,8
40364,10
215089,9
204177,12
155407,5
78447,10
86147,14
178627,0
99368,6
94159,15
109423,12
203591,15
76530,14
161940,6
53745,15
85244,8
4343,14
176338,6
187940,6
204887,19
89952,9
153286,17
191739,2
188747,3
101353,0
118804,12
120571,12
189293,6
22038,16
136194,4
4219,15
94601,20
146315,0
6666,0
170788,18
90103,9
129338,9
208468,9
85760,18
151016,15
12591,17
145051,0
46939,17
107012,12
133699,15
54061,0
120574,12
99796,9
73168,10
149940,0
49805,2
145258,12
162608,12
118654,0
150255,0
83125,8
64232,12
156179,19
108486,0
122764,9
148938,15
28620,2
208892,0
6186,19
29712,15
25007,12
13038,10
45838,14
90695,12
54380,8
7651,0
9405,3
127330,13
32158,14
120458,9
89171,9
104284,3
134096,0
155391,3
120753,8
202653,0
2235,17
27956,2
41850,10
65421,14
124942,20
22824,1
115920,3
101178,12
212910,6
48503,15
59607,17
181997,16
9565,18
108065,9
201366,13
142566,6
138795,4
9730,14
176688,12
68354,12
116262,6
114054,8
133649,0
7194,3
98907,3
2223,18
192651,9
112402,15
184106,8
175659,14
86096,0
18311,3
90867,0
121163,0
104734,10
157913,13
22420,17
198112,6
106439,3
195176,12
162513,6
62282,14
128674,0
67464,13
105871,4
31225,17
139559,12
45540,17
31083,2
166969,3
180149,12
205407,15
208761,15
130944,3
89570,9
14784,0
135098,12
174799,8
192906,12
125969,0
162841,15
93934,6
57451,3
76457,10
72590,17
191305,15
141543,0
73555,15
51388,10
70528,18
53461,14
151689,9
71390,14
207520,15
22466,14
41991,18
176478,3
58380,8
21063,12
104906,12
139224,0
216610,12
38681,18
128398,3
162794,12
98706,12
151763,3
75080,14
180496,6
190322,12
14006,2
200401,7
16755,0
62477,14
202296,17
73482,14
20624,2
149158,2
103110,15
17930,17
105121,12
32088,15
117348,0
149134,2
176215,8
169902,12
151232,9
140619,1
194944,16
23785,17
207506,15
180241,6
117100,17
173875,3
131095,19
70741,19
98544,15
159101,12
168379,6
104185,17
73898,2
206506,4
194715,12
45716,2
166661,7
136109,12
6792,12
151310,19
54274,17
16564,3
31526,3
137522,3
97749,2
84286,0
98299,12
172623,12
8513,17
36895,12
104939,17
199577,8
109029,16
19998,18
201480,12
202156,9
158285,12
7602,17
32760,2
33657,2
214474,0
199266,8
181056,0
73344,14
140441,18
199950,6
90995,16
98400,0
210385,3
196595,12
151824,16
209638,8
38303,14
92743,17
69593,2
7092,19
97945,14
81569,15
16105,3
2528,0
60179,0
140761,0
166534,15
161802,15
46602,3
164503,8
183633,8
192363,19
141332,12
132967,3
136367,13
83784,20
68844,14
190887,12
136863,12
66016,0
216039,14
119346,9
40869,19
99217,2
197325,12
191261,12
21458,9
115018,3
123342,2
38663,14
131738,0
43064,14
125025,13
90960,19
90758,0
65496,10
4588,17
104265,0
152896,0
76789,0
54874,12
46537,17
170365,3
129700,0
125643,9
56210,12
69381,12
8880,12
117287,6
144719,2
64884,2
8914,14
94993,9
195319,15
145415,0
17173,14
65560,18
54227,17
182496,0
112266,0
200876,3
82404,17
124064,2
86566,10
120133,12
201954,12
53421,3
129451,12
76897,20
152357,2
68378,3
125561,15
84767,0
44846,14
196106,18
6224,6
124954,15
169714,0
208842,12
47700,14
31027,18
142794,0
193418,6
55320,18
190730,6
216476,8
51425,15
129118,4
113398,0
107826,15
131137,0
109270,12
179971,15
58359,17
151751,0
81732,8
78829,0
108857,13
121450,0
39232,1
125017,2
30863,12
107441,0
68710,12
193093,15
68784,0
146709,3
119711,0
76052,1
154126,16
58183,17
70157,16
149335,2
132584,0
166732,18
212384,9
183227,20
96411,2
79936,14
163428,12
39430,17
73748,14
18388,12
149292,12
114495,8
157059,12
156068,18
169483,6
167002,15
11368,12
82968,12
187509,16
59044,17
125224,0
198841,9
216828,20
128319,18
76921,12
18486,17
8822,16
94943,0
8804,20
101460,0
185642,17
165318,15
123950,12
72871,16
188253,6
52300,8
120460,0
3277,14
37665,2
66229,0
97326,0
108842,6
570,12
74426,6
171735,0
193037,12
108633,6
57252,12
79850,6
39973,19
146056,0
144227,6
136407,16
8934,10
214805,2
96359,12
164012,9
214912,3
32446,14
8633,16
27136,0
89962,9
4407,15
70763,17
1401,17
21204,0
76366,0
91309,6
183745,9
20972,10
99880,2
174191,6
139074,4
70303,2
167063,2
187798,9
65333,0
74540,14
100845,12
139403,15
149125,2
122769,8
210104,12
54612,0
55197,12
88361,0
140614,0
53605,6
56232,17
150080,0
189103,16
168408,13
125584,0
162375,0
126632,6
96135,3
182505,0
177890,15
145740,0
171445,15
99074,0
162264,15
355,10
78152,0
91205,13
30077,14
86108,15
169046,6
188888,12
152995,4
109511,2
41159,15
147421,12
129439,9
161832,3
141739,12
160493,0
177061,8
75848,14
41888,6
216130,9
133141,12
90008,12
129907,8
8794,14
203718,15
197697,3
186516,20
151281,12
38851,10
165973,17
63041,17
162490,0
194778,6
109189,0
179188,15
74311,14
207860,9
86581,0
188240,19
58251,12
25039,2
209592,12
105078,15
29198,12
139773,0
166744,0
87991,6
121981,0
133347,8
177915,0
25591,14
141119,12
66922,14
90433,19
187481,6
164519,12
191721,17
5932,14
86197,19
133615,0
168558,15
126824,6
82918,2
15329,14
145025,15
33347,3
115610,12
56595,0
138370,18
35582,0
214847,6
116598,0
42127,15
168054,8
173454,12
213606,6
31711,14
50677,5
183247,15
27892,17
199743,2
160955,0
67355,18
167090,15
210485,2
5054,0
52404,10
32084,6
90894,12
118208,12
121930,10
71771,14
45999,17
54398,14
118056,1
205230,12
146874,0
10387,0
45995,19
19235,14
133828,0
77930,18
60433,0
167144,13
171210,0
140439,0
47963,10
8644,14
45110,8
19794,10
106685,3
93007,3
74684,0
99383,6
175212,4
71433,0
177629,0
158063,0
163280,8
168265,3
194832,16
17925,15
126729,4
47615,17
7135,12
86933,15
58584,0
124106,3
194472,19
183785,12
135078,1
135545,15
35928,3
96285,0
212028,9
15365,12
33162,14
37512,19
6901,3
127398,6
10502,19
186950,9
115509,0
180052,12
25056,17
104572,19
152627,14
160359,0
203712,16
167829,0
179183,16
159267,17
38251,8
17393,0
70766,17
161498,12
111867,18
59736,14
106701,19
47263,14
17382,2
109844,2
146220,2
103926,2
82664,11
166962,0
91879,17
92256,20
81983,17
81423,0
23657,2
18718,8
159212,4
199552,9
156549,4
65089,1
97948,17
94003,0
185612,9
154918,17
178426,3
37365,4
83792,19
158232,15
41568,15
21356,17
212952,15
201095,8
97748,2
62111,12
188310,9
95536,0
200245,8
214930,0
178892,13
69452,12
41641,15
25803,0
121399,0
149508,0
32642,2
35168,14
14904,15
13903,14
102555,12
146189,0
191808,15
6282,9
140635,0
3531,20
164907,12
82642,8
106396,0
190741,8
948,9
175908,20
215248,17
196926,3
80148,14
161297,3
120796,0
115684,15
15029,17
53765,14
156630,0
319,0
90974,19
148519,12
96474,12
192414,0
140233,0
20902,2
7888,0
90503,6
61862,14
73387,18
68574,18
28962,17
194205,15
173486,10
198248,12
131059,2
178603,15
120210,10
216101,3
51948,10
92685,4
3009,2
149308,13
57969,0
92255,20
113382,0
153184,13
81957,15
14238,0
205316,2
47303,3
48998,0
193757,18
105341,0
17445,14
59167,8
32169,18
137640,4
151730,0
36986,14
23717,19
72428,17
191883,8
86508,0
51342,2
83218,17
108650,3
77408,9
126601,0
26185,3
197196,15
56315,0
74737,10
77610,14
16277,14
121577,9
150798,12
202614,0
24292,0
40732,3
12815,18
189704,9
51077,12
10838,9
88393,9
30981,14
36391,14
85978,3
150642,17
87037,17
74874,0
16479,17
83797,19
40120,14
19556,14
23105,17
83148,15
4278,3
6180,17
187243,9
214008,16
77273,0
116401,9
20171,17
189861,19
149306,12
3656,15
122282,12
214201,12
21147,2
186783,9
32224,12
65251,0
151326,20
165338,0
142102,0
158837,0
23721,20
10472,14
173872,3
140587,15
91315,1
118636,12
195310,15
184756,5
52937,10
69269,12
166230,6
106843,15
7170,17
119521,12
200934,9
207750,3
92986,12
171148,6
96140,3
105514,10
154492,0
190326,12
4870,10
54524,15
25992,3
42950,6
172105,19
210346,13
12205,12
34598,14
126807,0
122352,12
136998,8
199792,12
78122,17
135193,0
113236,19
200434,8
135533,17
97412,12
5225,10
99634,12
28983,9
106218,2
30482,17
186635,17
152929,0
73317,12
80084,14
108543,15
186364,0
20159,14
140549,0
186172,0
153764,0
7302,17
86117,15
139390,12
168327,17
152415,16
44004,0
83670,2
1461,0
47901,0
139704,3
47846,2
181309,19
172614,12
97383,17
7772,15
93817,15
161113,12
3860,3
139493,6
124621,15
2550,9
108816,8
95463,19
118508,15
210309,6
128484,6
86338,14
180954,9
98483,17
188307,9
15038,16
17881,14
27394,2
167671,19
121052,14
26286,19
135655,0
24487,14
201531,6
71979,19
176235,12
92179,6
68432,17
123253,0
157035,6
65316,19
53388,15
56245,17
90259,12
12114,14
46480,0
162755,0
111580,0
74811,15
44585,20
138429,3
15047,0
14476,12
124871,17
54835,0
121442,1
831,6
200280,12
138882,12
19296,17
216909,0
88061,12
187591,9
194094,19
49537,19
195529,12
76900,14
187466,9
72931,18
211874,0
108895,2
207410,0
195964,19
204569,2
32246,9
124699,17
5933,14
136668,0
210365,15
17750,8
212054,15
155577,15
176163,17
1437,8
181633,17
155415,3
75918,1
151419,12
29852,0
170657,0
1487,13
178742,0
62382,0
198591,13
119292,17
33782,17
23159,12
193830,12
53473,9
25940,17
80349,14
83143,14
1222,12
209855,6
50072,0
103512,19
196950,12
101665,10
206814,2
50171,16
154429,12
156713,0
184527,3
114986,0
213764,0
52023,12
199044,4
31949,10
73954,15
128293,12
182659,12
180455,16
207238,8
28483,0
27336,19
178730,3
107238,9
31179,16
13975,17
24040,3
144908,15
118426,0
161293,6
172990,3
138586,19
167627,2
126409,9
74458,6
229,16
184203,7
7051,14
196235,3
33918,14
38252,8
123411,8
114123,15
101143,0
110037,0
193483,8
119419,0
209692,6
199067,19
187702,8
200129,3
149105,2
147616,8
66066,19
111760,0
20534,15
163476,0
93174,17
27093,17
192565,12
46136,14
140514,2
9063,14
155501,3
186304,9
145468,12
199458,12
44417,0
197996,0
183571,15
140808,0
62362,2
86735,0
142630,0
186144,16
167097,0
191600,3
83421,19
198217,6
120340,12
105365,6
13248,0
135691,2
1422,2
204479,9
104162,2
19350,12
12971,18
175054,12
169910,17
179838,6
60828,18
36062,19
24712,10
117906,12
80911,2
167917,9
187853,12
118358,9
149992,8
205194,15
40417,6
155071,12
182065,6
107621,0
190819,6
30631,14
110248,0
80662,4
119710,0
145254,15
93226,2
188129,6
105262,9
96939,14
93621,8
206689,0
129958,1
19346,9
104110,15
171046,0
42237,14
96815,17
151180,3
71557,14
142897,0
88244,14
8120,14
86691,19
50166,16
37644,18
129109,0
12949,12
1592,6
53873,17
7693,13
149900,12
112760,12
178574,12
18342,0
97881,12
206019,9
153092,15
118458,2
30560,10
60553,2
109316,12
28444,17
111745,0
19812,14
52563,18
28680,3
154265,9
202865,13
75041,14
72173,18
12030,17
28901,9
168022,0
154736,15
155797,0
69165,14
108694,19
212698,9
67838,14
129942,6
212818,0
142810,0
38177,0
165325,15
111202,8
209142,12
190967,9
3534,19
86827,17
17307,10
95413,2
163711,12
81276,0
117126,12
132679,15
40050,10
35255,0
176415,15
203294,15
61318,0
201595,17
51487,14
9790,19
77181,10
209114,0
52508,12
152204,0
109016,12
134843,0
96133,3
55374,17
180378,8
74830,18
199607,6
105682,9
203532,15
147224,17
160391,0
8865,0
204885,12
63646,14
121995,6
149243,0
163883,12
197214,17
181795,15
98051,4
202256,0
18394,10
192601,15
146557,19
109889,12
12442,10
205112,0
141766,2
171454,0
752,10
168190,13
23685,10
6496,17
52282,0
64672,0
204706,15
210215,2
205558,3
173823,0
130312,0
209614,15
209956,15
110682,12
215700,4
102026,0
136559,6
189116,19
10352,18
131166,2
54486,12
38790,0
76232,19
194116,15
80793,14
65466,0
78106,9
14099,12
37122,14
126013,19
37691,0
135448,0
206023,2
61836,0
118986,2
17870,14
135450,0
213318,15
108569,15
71172,17
150537,12
41320,17
117380,1
112141,12
162550,15
87770,17
190727,3
38596,12
93786,15
31557,0
181560,15
38146,15
180092,9
70592,0
190813,9
201583,0
57133,0
78372,0
57309,15
204444,12
78865,6
102148,17
70493,14
68124,12
92831,0
44565,18
108766,3
78377,0
162255,17
190984,15
7650,9
22614,17
153538,0
74037,14
117220,0
177437,9
57646,19
20367,14
140872,6
35114,0
209574,8
88715,9
9513,0
69159,14
158110,10
51124,12
72114,16
60078,17
202302,3
4491,6
7036,14
96954,12
94686,6
119107,17
118125,0
77063,19
85970,0
42173,14
38272,10
156076,15
119819,8
123592,9
172564,3
16495,17
152505,8
37799,2
210314,5
162876,0
21079,18
34139,17
203962,9
4062,2
25997,3
202533,15
14589,10
172643,17
156774,17
11742,14
149334,15
32497,12
175397,2
199972,6
110358,0
137291,0
139265,20
169151,9
12754,10
214952,12
30654,14
68899,14
101589,15
88797,12
37902,14
4673,14
177540,3
117918,8
118053,6
51800,17
37428,14
44440,10
214636,12
41749,10
93693,0
216030,15
175563,15
152320,0
158479,6
79680,12
41296,19
142005,0
32465,12
162304,0
148021,0
39659,14
113266,12
78818,5
61575,14
196031,12
207202,15
97922,18
110679,13
177942,6
141197,12
26134,14
46023,14
177002,3
73207,0
24569,10
135532,18
82571,12
69486,17
206748,17
104079,6
150021,0
121496,0
115453,2
45811,14
82211,2
178420,2
71983,19
132132,1
9085,12
84351,10
120378,2
148567,19
67083,14
49748,19
86739,12
105001,0
216673,15
53356,14
108865,0
183391,6
93624,12
54519,14
53736,14
26154,14
104743,10
45836,14
25535,0
186258,3
20391,12
139357,2
193534,3
126802,1
85448,15
165569,0
189421,6
148253,8
213563,16
86727,0
105956,0
115211,16
143357,0
152212,0
105218,0
116842,3
8317,17
128107,17
51421,16
54217,0
203273,19
121074,0
144425,12
97314,12
152207,0
66509,15
177174,12
68702,14
66850,18
45962,10
57738,17
20922,14
196311,15
161316,9
86299,10
110343,17
15633,19
107193,7
193380,17
158112,10
8533,15
149315,19
6557,14
62418,10
22317,14
113510,4
194915,4
9560,15
148719,3
73496,14
117988,0
34259,19
24393,0
47320,10
165484,3
4762,3
87006,18
123753,15
84985,14
116351,17
198471,6
67472,12
183377,9
48356,19
21803,0
130182,4
8300,14
1875,10
214585,1
124861,12
59957,14
171806,12
172833,2
87549,12
197598,2
4027,16
28156,17
113573,9
184354,3
205328,2
50263,0
152708,12
26867,12
167172,2
25699,3
196324,3
216963,2
84907,8
201727,12
158167,0
67650,17
216100,3
185531,9
18193,14
129673,6
185401,0
37896,17
47208,10
63318,20
115759,12
68842,14
215721,6
188605,12
153034,0
1283,4
129539,12
104535,3
148347,12
83513,14
145377,9
3367,3
88598,17
211000,12
41951,15
124093,19
146194,0
112922,0
4630,13
110181,15
30633,14
115813,15
27178,8
115206,18
127750,1
70033,12
141805,19
116320,17
204447,3
54976,12
102156,19
24678,12
12151,14
22987,14
42036,2
74292,15
37059,12
82766,9
132703,0
106713,10
15683,16
14106,12
48812,14
41466,17
55996,19
87250,19
17147,15
136362,15
29323,9
77794,8
118152,3
8950,15
117878,0
35003,12
149477,0
212598,12
43409,10
170274,0
92758,0
139153,12
147979,17
119994,0
47183,0
177162,17
48152,14
70323,2
188676,0
89244,12
162897,9
129851,12
56613,12
40973,2
155909,9
162879,0
17110,9
4507,12
5474,10
115281,3
36528,0
4721,20
160007,12
22525,14
130885,16
28785,6
164843,0
150,17
141775,6
91670,8
84037,18
15754,0
68908,14
34833,0
186216,9
2425,10
171216,3
164540,0
192441,5
123058,2
159678,15
164482,0
170671,6
52668,18
156072,17
155193,0
181601,12
41436,14
199040,6
59929,17
88019,14
174775,8
61475,17
56287,17
97140,12
73375,14
189888,0
130322,0
54725,8
124733,0
124436,3
154545,0
140655,6
1372,20
35457,17
134364,12
206805,4
137891,3
23478,10
189180,8
98871,4
40149,14
206742,15
112218,8
213036,15
98424,19
137181,0
37250,0
846,14
189438,15
179710,0
113751,6
207505,15
80942,0
191807,15
150900,9
202720,18
178831,12
94867,0
206008,15
67215,0
23940,8
86771,17
200525,8
66188,18
176052,12
70381,15
89733,14
212096,0
62137,19
5211,8
125857,8
102853,0
38395,2
17302,9
117803,9
82108,9
30445,14
141996,0
151522,0
201111,15
104287,15
24083,14
126896,0
8834,14
87660,15
83999,10
134926,0
66394,10
23146,14
99372,12
117304,12
84700,18
212858,15
71574,18
138500,12
147642,16
175636,12
67443,14
191293,0
82031,2
93905,0
180570,17
126136,8
23023,16
152575,0
116575,17
35316,17
77407,9
16883,14
145735,0
170890,4
38520,20
117274,0
159518,2
102582,10
181548,17
56108,10
20634,0
6198,18
187235,9
175512,6
170446,17
178476,15
199066,10
4445,0
172466,2
83813,16
107160,3
165960,15
40961,3
141527,6
122505,0
98458,12
58993,18
112713,3
42332,17
44394,2
166844,12
211998,6
14012,2
195883,16
138997,9
164412,5
150381,0
113849,3
88613,0
112213,8
132255,4
870,3
194937,13
43156,2
81526,14
42771,0
113158,0
179110,15
88609,9
16010,19
141186,0
92352,17
111285,3
139651,7
72004,9
29913,10
1394,17
176134,13
115288,0
84032,19
180849,7
108127,15
164306,3
22315,14
24030,0
147769,6
3584,0
41227,12
149878,12
181325,11
2774,10
10130,19
151960,13
103464,13
43385,3
152501,8
207147,12
57093,9
51768,17
143850,2
40126,14
128057,3
181446,12
146676,0
177333,0
49643,0
42917,2
39270,3
19952,14
122090,0
8221,0
193882,0
103761,15
202815,20
186693,9
131239,3
4577,19
111243,0
25222,17
175969,8
45861,9
38712,17
184973,15
39513,0
167600,8
82839,15
15957,12
81020,14
128555,0
172905,18
201141,8
118453,0
118784,0
169424,0
197780,15
206792,0
213267,15
122502,0
65638,14
4840,12
93875,0
70023,12
44547,14
27088,16
10493,18
113410,7
49613,15
24490,14
22004,0
85862,14
19867,16
18898,15
93563,10
98870,9
4509,12
159693,15
30426,19
102604,19
43038,14
59295,0
122333,12
76255,17
53768,14
186957,9
85427,14
129443,8
1245,17
35555,17
62937,10
19568,14
108203,0
208076,0
3983,18
205682,12
73825,17
80558,9
48372,17
141054,2
187533,12
93666,0
156996,15
106145,7
172439,17
26896,6
59150,12
115891,17
17239,6
65410,17
1581,18
22789,14
154942,15
194203,15
36281,2
197380,12
188725,19
43922,4
2778,14
15379,12
92062,17
71672,17
91713,12
51156,14
52,17
74687,0
58803,17
59246,19
174006,15
40405,0
88856,9
78049,6
39034,15
174717,19
155203,0
163437,9
106463,6
29885,12
28162,14
124009,0
115066,15
2218,20
185396,0
93986,12
102445,2
216112,12
64693,0
96778,0
62341,17
66500,14
93395,0
45550,2
195528,10
91323,0
67597,9
203734,4
8036,4
182674,12
105716,0
9253,10
105738,10
60649,17
97218,16
78509,19
8652,17
37536,3
99067,2
119964,15
150985,8
194649,18
35124,10
23733,0
33088,9
78281,6
190085,12
83948,12
182907,16
84554,16
138329,6
186661,8
118708,6
175269,6
190642,0
209838,20
114383,0
59830,0
125199,12
40936,17
68505,10
211056,0
101559,10
56920,18
143542,15
100224,17
14034,1
78324,14
56862,14
190815,6
125281,17
212337,6
20980,10
90140,0
94303,0
63976,17
93617,8
185238,0
24586,2
144888,12
165047,9
66265,3
55739,0
11262,14
159654,3
33945,9
216554,0
46773,17
206394,12
87553,0
84782,0
22345,0
134067,0
8599,13
16250,19
107909,8
8504,14
4474,12
201365,13
193286,6
28991,4
132280,9
33658,2
42371,0
9853,3
63696,14
108041,12
45879,17
50496,0
117982,8
14858,10
46783,14
163326,8
64250,12
136953,6
133133,12
29178,10
22393,12
89863,12
192820,13
189067,15
67427,3
7458,18
97638,0
37240,2
184573,15
81045,14
58859,0
179150,6
29735,14
148141,6
134487,12
77390,12
34668,6
60311,14
151440,16
66845,19
191845,0
171191,16
178666,12
4662,17
156202,15
210172,15
4627,14
212241,6
156134,4
60703,0
44851,14
112071,0
68796,0
161552,12
69776,17
32312,10
152557,0
165618,12
73194,17
30437,19
167477,0
67189,9
88479,1
57919,10
108410,18
89155,16
125408,6
164283,0
157069,12
17234,3
207156,3
48224,0
101949,12
88326,14
37149,14
65403,14
69524,15
2014,17
66876,0
84867,10
176926,6
216547,2
137802,8
155302,0
156023,9
139960,3
34466,12
63042,12
211847,17
136189,3
150461,15
51080,19
16832,14
119944,15
106926,9
131863,0
80574,15
53696,0
42458,10
60755,14
85595,0
27847,12
83800,18
40759,12
201426,12
68271,19
213249,15
141419,0
109077,0
127514,0
204017,15
24849,17
213496,0
12824,19
34000,3
89526,8
29207,14
17545,14
69403,14
115950,12
68348,0
118262,2
52182,14
116655,8
15799,12
176267,20
37450,14
148618,0
211239,12
84185,10
99472,2
85775,18
42353,17
56106,12
194812,12
187166,15
2161,12
30513,3
103528,15
186803,9
209786,8
189566,4
189101,15
111607,7
134858,8
25361,0
68758,16
191147,13
131330,12
9098,14
178990,12
44654,2
75383,15
75355,12
5774,15
195989,4
26288,19
98878,12
175613,6
10517,17
68116,12
205195,15
47376,10
191447,15
80820,14
33485,12
194707,12
22823,3
50050,0
156973,15
178567,13
110863,2
60771,14
105291,6
157137,8
91149,9
38148,15
127137,9
180247,6
119398,15
101658,12
103296,20
70176,4
122143,0
69676,19
206362,6
26768,17
45488,0
209600,16
26418,14
2518,19
138319,17
47735,15
98575,6
79883,13
102612,20
169656,2
133315,2
44428,0
3314,19
7759,14
3895,12
162378,0
124775,19
73166,10
178471,15
76499,0
202855,13
52114,14
147004,6
3583,0
130756,12
18409,10
97528,15
214044,7
201302,4
99786,12
199983,12
64176,0
9212,3
212141,12
95690,0
124960,17
137539,10
59204,12
135302,15
164667,18
8207,18
105883,3
75242,17
180094,3
66078,17
25920,20
9500,9
187730,12
200388,0
41199,13
140939,12
144520,0
118929,0
143765,12
67560,0
33427,12
204931,12
44076,3
71204,10
75096,4
169986,6
4769,3
37803,0
29212,14
37041,0
174562,12
11116,19
76603,0
161031,16
28702,14
170791,17
8542,15
9362,2
95007,10
171219,3
126858,9
117555,15
20131,3
7363,0
185258,9
174095,4
71814,17
81649,0
147811,3
42906,17
169312,18
6424,9
143874,0
11168,3
1020,14
1491,14
114038,0
183601,0
37071,10
164787,8
199499,2
160888,12
91227,0
110177,14
66156,14
52853,19
86770,16
61346,0
102877,5
203862,6
87881,15
56115,6
181275,5
24805,0
20180,15
199532,7
30041,12
67981,17
14956,11
55159,0
46321,14
134431,0
55284,12
65057,0
115074,0
68197,12
79846,15
76250,17
109622,0
14375,2
90712,9
209108,15
202875,12
36807,14
16315,2
144894,12
26104,10
163878,0
69568,12
164938,13
167573,15
142818,0
138850,3
132733,1
42031,14
200235,4
171835,12
116440,0
136019,19
204483,9
68064,0
47488,16
57023,8
156249,3
32870,0
41653,17
162999,6
30269,10
204419,15
141922,0
183425,16
104715,3
144423,12
65901,12
50890,15
94896,14
106020,9
76883,16
179488,16
168182,12
49846,10
51506,18
174202,15
179627,7
116063,0
191646,6
212675,0
56272,19
42091,12
108353,0
80197,14
153021,0
141187,0
132512,0
29661,0
196334,4
42886,14
75067,17
114119,15
126821,7
143981,2
189311,12
64645,18
49437,10
111225,8
61824,0
64543,0
195589,0
11334,8
85640,0
103276,4
150103,2
71726,10
71944,19
121385,0
41148,10
117104,1
91230,12
56463,10
78658,15
111201,12
72392,0
206132,8
8418,2
160360,0
58552,17
95444,9
160544,13
45444,0
154288,0
68538,15
7500,2
189949,0
98498,0
95330,3
210345,12
167677,19
66702,12
185368,20
120658,9
131907,12
93646,0
112999,9
131457,8
140445,0
127603,9
34366,12
52680,14
67873,14
88186,6
149711,12
107289,10
22188,2
151422,13
114010,13
84150,2
88533,9
101545,3
44673,6
135059,6
146317,0
174730,15
27149,6
129157,19
33860,0
3776,19
187954,12
167102,8
65268,12
44231,9
181843,12
146434,12
25617,18
11224,14
44073,10
33620,2
65469,0
19019,2
5903,15
37105,15
29062,3
147679,2
48913,14
61953,18
20278,14
193797,0
90083,9
115361,0
20359,16
139677,3
206397,12
178490,15
76535,15
57161,18
178810,17
144345,6
59059,14
149799,0
101824,19
4672,14
165559,0
146631,12
18627,17
71762,12
4187,10
160698,15
65620,0
196090,15
97327,0
131522,3
151080,2
5847,16
128304,6
65775,19
119909,12
6233,2
8869,0
97304,17
71362,18
202374,6
38832,7
76834,10
53687,0
110085,12
154809,15
211767,9
195181,12
199237,15
160244,19
211348,12
82416,18
187381,6
32658,0
214172,12
38005,3
122616,15
108255,4
73216,1
168676,0
52325,0
191744,2
216226,2
107680,2
84266,15
194962,3
208750,6
84678,17
92226,9
80799,12
55935,2
75525,2
6306,12
22087,12
130445,15
173722,13
81013,6
164738,6
111499,0
13037,12
57496,12
102175,15
127706,6
45018,0
208654,10
99985,17
169243,0
138966,6
191501,6
171849,9
111940,17
45222,17
18454,12
87777,9
74950,3
46073,14
68434,17
184903,0
46703,6
46183,18
15733,17
144134,17
60849,17
10415,14
60850,17
53368,14
9394,12
49274,12
154202,6
172016,13
210731,15
116463,19
188070,12
81164,16
206763,15
181212,15
83241,11
117558,8
208060,3
148880,12
148820,2
38234,14
176241,13
175883,12
124602,8
73661,14
41710,0
76828,10
22431,0
174696,12
11124,17
53698,14
58699,14
211501,9
155515,6
1720,3
54018,9
14514,14
110046,0
105501,12
173438,2
83901,14
194492,12
95388,0
114540,0
158959,2
13934,2
23419,3
4460,3
2164,10
182971,15
149073,2
184850,0
105086,18
157376,2
88473,0
71804,17
199819,15
135261,12
86840,2
39065,17
73678,10
15248,16
125798,3
180935,0
17873,14
73812,17
174369,4
60415,17
189044,9
36168,10
186758,9
190806,1
204133,0
126635,8
177770,6
157805,19
70355,2
173106,3
124630,8
74915,14
53352,14
199841,9
104003,15
166376,8
183768,6
170992,12
87486,9
168591,6
18435,14
45694,17
105502,12
138282,0
44284,11
9825,3
213124,15
58126,14
122904,12
27022,14
216530,13
78692,14
174610,6
183954,6
92707,17
23942,9
102745,12
106477,17
125078,0
11495,8
76748,3
141181,1
153181,13
204250,2
170007,12
214745,6
20118,0
167966,12
183153,0
207190,12
139607,0
6105,13
214274,12
203099,9
184428,3
137305,3
1027,18
100668,0
22339,0
84819,3
18370,10
158601,1
99198,14
175950,6
141774,6
202845,12
10171,3
89786,9
81721,12
130946,3
101443,19
167984,9
179818,0
101795,3
14749,2
57116,17
51747,15
79910,15
165882,9
205212,6
2175,17
108800,12
90316,12
106794,6
125557,15
161570,0
76747,2
58237,0
143316,19
72455,2
169627,0
98605,6
151197,12
200764,12
209801,12
27700,14
62698,8
45031,10
92516,2
195928,2
7515,10
202043,13
145568,6
162267,15
120468,0
92490,2
91060,0
65577,17
171091,13
86637,0
33876,12
205259,12
167226,6
191138,15
79786,6
131663,3
216656,15
108889,2
138943,0
72260,0
97465,0
176708,17
166430,12
111710,15
77062,19
51326,17
135087,8
160982,12
26786,1
80659,6
183966,3
45886,17
128694,6
179877,17
171033,4
107963,17
207183,12
26376,10
139597,15
51972,14
120062,2
102799,9
105410,2
140780,0
79444,14
2595,14
16647,17
32814,14
55164,0
36065,20
208552,0
159561,6
25888,14
216587,6
70416,2
137448,9
190900,3
77022,15
15505,2
119366,19
197441,8
143671,17
103360,14
196859,1
146559,18
11973,16
133124,13
90896,12
145299,6
153050,1
161593,6
178681,11
214435,16
96013,4
133739,2
49084,14
32022,10
3252,14
39150,17
47894,0
216683,12
111106,0
49025,14
106910,12
98980,0
79547,14
54437,17
175267,6
159653,4
144232,7
62153,15
148574,18
84751,3
101481,12
150102,0
101616,0
127507,15
154815,9
147581,0
53688,0
177414,0
150142,2
46950,15
116894,7
193725,8
109329,12
145161,0
151018,15
203119,15
102337,0
212681,0
151645,3
57281,16
135924,15
57687,17
96349,14
184213,0
121279,12
85249,10
188648,12
174881,10
79290,17
79853,16
131143,0
183095,14
158583,1
65082,0
146486,0
85630,0
168306,9
185739,15
33078,2
77285,13
76302,0
194389,16
171636,0
191272,12
14029,3
67056,8
75835,3
114995,0
208964,7
10873,16
68080,0
184589,0
41394,14
24550,17
134839,3
59863,10
141901,12
195070,6
138841,6
17628,17
190249,17
136226,12
14838,12
102082,12
111650,12
184911,6
167335,9
177843,8
132277,9
146563,12
181328,4
170838,12
117909,12
185816,9
66178,19
208956,6
108096,19
125697,0
128975,19
105439,15
12028,17
183181,6
110268,9
50251,6
197938,15
1215,0
96888,20
199368,13
207480,12
186097,0
166915,0
22434,0
200718,9
119495,2
4849,14
206276,0
62375,0
104862,3
215954,8
10941,0
187049,20
206269,12
125422,2
109798,15
213488,3
206107,15
17896,12
172712,9
164675,15
89769,0
35803,0
11847,17
98339,0
203779,6
55536,9
215400,15
16281,14
210254,15
97158,2
93439,10
33318,2
35680,8
116872,12
118817,3
8581,2
132337,0
47396,1
176292,15
142512,9
167171,2
77778,4
100320,0
27403,2
180624,6
159436,15
128530,16
77656,19
29203,12
18888,14
12789,17
72869,16
82454,6
149476,0
185982,12
188499,17
15677,17
112201,3
215665,15
43508,7
161547,13
36424,19
122122,12
130303,0
6262,12
184485,15
81843,14
85090,7
168214,0
97119,12
108015,8
194482,15
122582,9
9906,12
41805,14
13465,12
2484,10
191907,15
105045,0
94413,12
91270,9
143743,6
176629,12
184827,15
143195,12
134572,19
21643,14
157799,12
12320,19
210613,12
77331,19
140956,0
7300,17
85430,14
148190,12
134805,0
187253,9
202152,6
142697,0
14329,18
16219,14
153424,0
81391,0
13946,19
151218,17
87027,17
203665,6
136547,0
99940,12
138367,19
177677,12
133888,13
83229,9
140198,12
172400,3
181498,0
49933,12
199715,12
74983,9
53649,19
198942,2
160920,15
54707,0
216570,2
105120,12
32461,14
25120,18
171437,15
73978,15
73426,17
31527,3
63192,0
108732,0
121927,12
34208,17
24683,12
90834,19
151893,3
207333,12
74115,8
161751,3
137703,16
196928,17
74747,10
7668,12
207418,0
141382,0
40371,10
44640,17
192307,8
40841,12
165966,15
161928,9
169132,6
16193,14
101145,2
165851,9
175903,17
195215,2
144998,6
128953,12
130197,17
40498,3
76410,13
159625,0
170734,0
161440,15
151888,2
112920,0
125364,18
86400,19
71607,13
175909,15
207380,15
23572,3
185315,0
19162,14
193003,6
215091,12
168844,15
71940,19
8351,14
122401,0
64300,14
94571,9
17279,12
35801,0
125134,9
52038,19
33118,2
112593,6
194977,9
41273,14
154784,0
178234,0
191793,15
57250,12
81334,12
106494,0
18424,9
123200,2
163751,0
216345,12
124142,0
57120,12
81392,0
32868,0
108507,12
50939,2
141702,0
63614,14
31937,14
185698,9
20387,17
194861,2
79425,10
67330,14
65908,10
114602,12
100353,17
76963,10
81105,12
118041,0
99576,2
110377,4
213466,15
178587,15
167393,0
184385,17
39279,8
209879,17
31397,0
170104,2
194903,3
129266,18
98489,16
202516,15
200183,9
161409,12
29029,17
208991,8
14811,10
91700,12
84497,11
53947,3
129424,12
96753,12
179493,15
112774,15
27622,0
51033,3
109265,10
92961,4
155453,15
167716,0
126981,0
16932,0
76549,15
140072,0
47616,17
176068,20
84655,18
54801,14
174100,6
185235,0
181374,10
188433,9
25520,0
170493,3
126154,6
167391,0
25612,18
94358,3
193217,5
185255,7
112434,0
82238,0
143670,17
168700,3
24125,14
51810,0
41393,14
56484,3
37678,3
150060,12
155908,1
54474,0
95508,0
150007,17
169246,0
81826,10
126997,0
20517,12
149071,2
88438,19
126754,14
169449,0
173560,2
133608,0
160502,0
35620,0
75283,8
90880,9
184349,6
57082,2
87393,14
40306,12
155077,12
83197,14
31888,3
20060,10
10576,2
150959,3
214211,3
116660,12
210430,8
111463,12
88966,2
119611,0
56353,0
883,3
179200,3
144603,18
114003,12
41249,14
154593,0
137316,2
168565,0
62981,15
14849,3
49476,19
183530,12
171662,6
52841,19
139284,13
140882,17
108925,19
116932,2
95961,12
42805,12
98248,0
46120,0
143540,19
148064,9
154646,0
199996,13
124200,2
28596,4
55504,20
211153,13
189684,12
179152,6
110521,6
8364,17
2353,19
186502,9
193058,2
203562,19
64205,0
29779,19
23341,14
104615,10
48431,0
55087,16
52397,12
50423,18
49855,12
78032,12
16652,17
29170,12
110504,16
73332,10
24970,10
88216,18
118753,0
196138,12
92996,0
57127,0
199669,0
100190,12
28428,18
213152,18
41779,4
280,17
83624,0
36843,18
31522,2
179302,2
134947,2
106275,0
174223,20
99529,2
29416,17
109706,3
137273,0
26749,17
127659,12
56447,8
26364,10
45895,2
31764,18
150673,0
18763,2
149168,2
200642,15
174983,18
175592,9
181406,0
15251,19
182443,16
169903,13
189882,0
192355,12
204147,0
21518,12
7938,10
71632,14
76373,12
830,8
139577,17
212558,2
216705,3
177949,12
11199,0
165769,15
148535,5
173776,12
58338,19
176903,0
215845,6
4215,15
81219,12
99554,6
176166,17
29181,10
111423,12
104327,15
83723,14
56026,16
122454,12
72067,12
38889,0
99973,20
82990,18
158265,9
47211,12
201271,13
78332,18
53898,3
7942,10
170552,12
176143,13
67227,14
80085,14
101799,3
116167,10
24650,10
176213,9
146908,8
128552,0
21093,19
170163,8
14172,12
188958,9
163935,0
38566,0
3348,17
63083,0
163160,14
135436,15
103610,0
90519,0
87379,6
10078,3
101400,20
19210,10
16335,3
41371,0
97350,6
46740,14
27057,18
78753,19
4829,12
79357,0
108682,14
182227,12
100833,12
168263,0
99162,17
105804,9
53425,12
170424,9
33951,19
126196,0
115957,12
124061,12
102411,0
129136,15
48866,10
148147,6
177541,12
16299,16
133547,0
34599,14
193110,19
149372,6
216522,13
54657,1
130170,0
207487,9
182318,12
127875,14
129091,0
133235,8
29474,0
159344,6
29382,14
159802,0
147435,0
83302,12
19803,10
136030,17
140010,12
116718,3
93987,12
162869,0
109143,3
139696,8
148419,15
122068,15
100203,20
166571,6
154948,1
18195,14
18479,12
93275,0
48739,18
178128,3
164505,6
203801,15
116378,5
150527,0
181239,2
144688,0
83767,19
100918,0
181244,2
12903,12
155891,0
98355,16
144615,6
208180,2
188560,9
25201,20
210846,15
106151,6
62135,19
107230,15
51117,12
123356,2
173036,16
198127,12
7648,0
97366,10
35884,19
55221,8
154406,0
24485,14
110766,15
32552,18
87972,18
68201,10
64432,8
154461,6
179321,8
105165,20
199641,17
151428,17
207647,15
85377,12
117616,6
50687,0
130815,7
186562,0
176196,0
87802,12
51613,3
79399,10
201647,13
143735,6
75621,13
129826,3
72468,14
167246,5
31775,18
198366,2
10527,16
46938,17
35770,3
125135,17
24340,8
126244,12
42322,19
20778,0
119957,19
82296,17
125355,12
64275,8
102696,8
81023,15
5388,6
121963,9
138426,3
47311,0
41305,20
193185,16
182037,0
128658,0
118992,2
166680,13
58037,14
119841,17
124016,6
191549,1
135991,12
48644,4
55070,8
47664,12
80325,13
16129,14
160784,12
78201,19
30867,12
52825,14
178502,15
181371,12
197632,12
65341,0
2465,0
170940,17
22937,0
92899,14
84083,12
164614,6
48937,19
215194,8
16206,14
84395,12
49516,14
4839,12
24896,17
34280,0
126325,8
198581,17
98013,8
60422,2
113296,0
6177,14
135961,0
195381,12
150232,13
29590,8
9557,14
127931,0
27198,14
127660,12
172067,7
4927,17
62926,14
134337,8
150775,0
60726,9
216126,12
21265,3
215417,15
137852,0
57495,14
173731,15
126083,6
184759,2
157295,12
111319,17
179891,15
66977,17
98259,4
187963,12
84931,15
54762,6
59790,17
92904,15
119249,0
88563,13
152992,13
90623,9
9564,19
86816,18
126132,0
99526,2
193540,0
154880,12
40851,14
83087,3
213290,6
209021,15
92078,8
16846,9
58787,16
35808,13
51360,0
2815,14
69961,10
167978,12
197374,6
65460,0
91682,6
191051,9
69392,12
4143,13
124394,2
67150,14
182278,0
24047,10
6627,17
67570,0
197063,12
97648,10
44111,3
170196,3
179099,18
63013,19
79202,0
35491,14
122353,16
127691,12
104904,12
151895,2
11496,10
86319,14
129252,12
180008,0
96735,0
35237,3
41582,13
39567,10
153512,12
44211,14
101026,12
25563,10
139851,12
22644,0
369,14
48265,14
103351,3
93070,3
141647,0
48375,17
49275,12
182612,0
216764,6
3194,0
213372,3
152165,18
37675,3
26244,14
67089,14
68128,12
112817,17
7776,14
2575,14
106682,3
65546,16
83438,17
110865,3
185614,9
214606,12
209442,7
185643,12
39566,10
45087,0
65655,14
187144,9
22722,3
133091,3
151251,0
162637,15
10536,17
141760,0
213986,12
57148,14
89771,0
11903,2
13998,2
60344,0
1724,3
171104,15
39798,13
32397,0
57983,14
20579,13
182477,3
118683,2
12444,10
95758,17
57871,6
3189,0
100724,15
64583,3
51105,0
198844,13
18005,3
177032,6
171456,0
124149,12
151125,15
77270,0
12212,0
24162,12
175888,12
213460,18
13285,3
56094,10
157100,15
78393,0
129948,17
171845,12
132356,4
128904,0
82076,0
33384,2
60338,17
142946,9
169396,12
60034,17
11983,13
67110,14
77621,15
93292,12
202799,13
14801,3
132539,8
165583,0
37333,12
16229,18
59144,10
194083,12
121729,0
95000,9
38045,0
67179,7
120279,0
163249,15
110761,15
197782,12
202457,15
173266,6
182287,6
173659,12
70134,12
78191,14
184140,6
75111,0
164309,3
28507,12
72130,13
182313,12
134785,0
167124,6
201120,13
159360,12
83691,14
174153,12
26438,9
123705,17
33741,2
138257,15
67815,16
28877,0
183903,15
30022,0
188465,8
135957,0
54824,0
30110,19
10424,14
58688,10
139511,3
121824,3
65278,6
182061,6
72601,18
1887,14
153071,6
30748,12
34350,10
10052,0
180576,15
151666,0
112104,9
145371,10
162937,12
139565,15
8204,0
40164,18
128331,15
98465,12
211997,6
144875,12
159957,0
90509,8
151050,0
140946,3
181584,11
139343,3
138899,0
75088,2
181715,12
74774,9
168232,15
164819,3
145056,2
81270,0
134740,12
83506,14
53437,6
214656,12
69057,0
46570,12
44060,0
119811,0
148460,0
212116,2
123165,2
109818,15
205041,12
124921,0
95862,19
206357,0
117743,17
19758,14
132630,4
126144,6
152880,0
2674,1
171142,3
132803,0
82886,0
27152,10
164114,9
15096,8
183222,12
173017,8
186095,0
82913,9
157354,3
72929,18
485,4
146256,17
200999,8
26466,2
202748,3
14866,9
131828,15
64738,14
32525,17
195059,12
192685,12
165807,6
123601,12
76390,12
84989,14
12529,14
37547,0
146933,12
139594,15
207292,6
72345,10
211200,2
37161,19
182899,17
10260,15
178040,8
132398,12
63605,15
165139,6
74855,2
95650,19
103428,0
3137,17
10798,12
27565,14
191589,9
150795,0
31721,19
180743,4
22143,3
76403,12
76837,10
69207,1
191513,13
12870,0
86609,12
172212,17
49101,19
211468,8
133240,6
152106,0
89714,14
39268,14
202063,16
82609,20
209325,3
80517,0
80129,14
197686,12
81806,0
209373,3
77668,19
61759,14
158278,6
47158,3
24913,3
122879,12
77882,19
30423,18
43301,10
36947,8
190508,9
181202,12
181942,6
11374,10
177226,13
161336,18
208646,3
17061,2
103190,3
133100,3
99790,12
115405,8
42331,17
43729,9
36222,14
104052,0
214896,15
191636,6
25379,0
189595,9
124294,6
53717,8
120427,17
90979,19
37110,15
78230,15
16071,14
96053,15
152266,9
47871,0
36502,0
32991,18
37794,3
29946,17
167262,12
137353,18
156596,16
117141,12
10682,10
110245,0
180270,15
39813,17
203219,15
196443,5
209047,12
53759,14
111496,0
200491,4
183855,0
177865,12
179290,15
201192,12
114434,9
88972,6
797,10
37360,4
129698,6
56361,0
197255,8
145763,0
71181,17
190276,0
198983,8
354,10
126205,0
28606,17
69388,12
57072,0
106006,15
163832,0
162122,3
172061,8
47155,3
133392,0
68417,13
151436,4
47066,14
112667,0
146457,6
161382,2
175474,8
106676,2
186683,0
166943,12
143561,9
100915,3
95381,12
41450,14
39388,19
62143,19
198079,3
65612,9
73196,17
63843,17
68479,0
166835,15
110808,0
32284,15
71348,14
104310,19
86126,14
129206,1
161709,12
81303,5
110365,2
164238,15
59891,17
132789,13
212934,12
82791,14
75513,1
18423,10
58573,0
168718,12
92193,11
130381,12
193278,6
97254,3
18650,0
14262,9
154979,2
61423,15
101128,0
142312,9
166947,12
107903,10
26593,2
143792,19
208883,9
55351,17
65457,0
115125,8
104395,15
22850,14
92342,0
38384,17
183567,15
79352,12
35119,0
215982,12
74220,0
71043,0
60438,3
135052,0
88897,9
192354,12
51538,17
169798,15
139558,12
16669,0
55299,12
20515,12
163157,15
150371,0
108448,0
184165,12
138137,17
181062,3
144004,1
121527,12
180174,17
31165,9
195378,3
52256,17
134907,0
120807,2
29237,15
89889,0
143635,12
154950,1
14777,0
179623,0
179365,9
94436,0
213210,12
17885,14
201204,8
82352,14
71911,16
95146,2
75455,20
39051,18
17917,19
176523,15
143533,8
180756,17
174318,6
148661,2
133876,2
104672,19
71058,0
135196,0
187607,12
159838,6
214282,12
3829,14
27592,2
130019,15
8720,0
206534,15
108261,11
27045,14
77139,2
56086,4
83829,17
125155,0
206720,12
216234,6
45275,3
25857,14
206845,15
187968,12
77501,17
21319,12
39214,14
66462,14
101619,1
84740,0
11596,0
24517,17
170597,0
120005,0
201336,16
164805,14
115518,12
62171,17
60437,3
171004,12
76013,20
165850,8
147023,2
57394,15
48278,10
180312,15
133693,17
97232,2
129376,8
56873,12
87105,0
144497,2
179617,0
34576,0
187145,9
166554,0
2131,13
40029,0
107424,15
165011,3
97273,8
184370,12
190036,20
144275,12
117626,1
73288,2
12631,2
5509,14
68213,10
110889,17
18907,14
165026,12
208236,12
20806,8
92071,8
205681,12
132639,12
157270,9
111806,15
115919,3
31261,9
170479,0
88143,0
21354,17
164832,0
65373,14
78400,0
164690,13
211452,2
134106,2
166997,12
157537,2
28246,2
110371,11
198891,6
69827,17
107065,19
162313,3
87376,9
7623,0
173963,0
7573,14
177584,17
123144,12
31967,14
179856,12
65032,17
57791,14
182384,0
85917,19
197977,15
195974,2
176140,13
16706,9
101254,4
151855,0
116881,16
104878,6
132491,6
33880,12
162433,12
124503,0
144656,12
34754,9
273,20
172930,13
206039,0
26815,0
164961,0
193582,12
106146,6
27158,12
69700,10
10251,19
176842,18
193596,19
203863,6
178703,16
204703,15
68769,0
80879,0
119707,0
40436,14
9605,14
101422,9
133913,19
99084,0
178069,12
145992,8
141328,8
49733,15
76525,3
27481,12
158519,12
212633,15
178559,6
90840,17
153561,0
200837,13
112425,0
20310,14
164109,12
39152,17
176418,15
120046,8
177576,19
67098,14
70733,14
14079,12
102741,15
25121,17
10110,14
106310,7
2523,15
193049,8
203362,12
22035,14
150895,0
164959,0
127174,15
9502,0
110621,13
99108,2
21941,18
37953,19
170672,6
50415,18
44603,17
172503,3
113317,5
201657,9
140904,0
53435,8
102637,17
175695,6
151108,9
20308,14
181757,8
117948,18
146658,13
46885,10
90622,9
81446,3
22213,0
211568,0
194453,12
70602,3
125591,0
21245,10
196548,12
100894,14
127349,17
1458,0
68993,17
2661,0
52574,0
172239,0
75887,17
8305,14
192238,19
52719,1
109671,0
12311,16
202847,9
155498,3
13976,0
34787,10
200267,12
6263,12
110128,12
142304,12
200664,19
23611,14
131355,13
191366,12
95223,0
23769,15
117733,12
40145,14
58504,1
78523,20
200376,8
90220,9
130974,9
34067,14
116319,17
7907,12
21471,17
19540,15
177792,13
123617,14
146021,8
147393,0
38325,0
137554,9
22721,10
73640,0
83628,0
80099,15
84419,20
141330,12
117592,0
34386,12
43035,14
11437,17
181343,0
102899,12
105491,12
32066,0
213597,9
43982,17
78240,0
104838,0
28964,14
139418,19
129854,12
94480,18
133945,0
64747,17
175485,0
136983,9
129709,2
17407,0
23452,1
87949,15
98057,12
44442,10
57740,17
206328,16
79119,16
186765,0
51943,12
174077,15
49695,14
901,14
137354,17
63256,7
91158,19
205732,0
205516,8
211634,18
79253,10
121890,0
113470,19
121192,3
81476,15
178713,15
133157,16
180396,15
97066,9
91435,0
167581,15
56522,4
142328,15
58461,17
200055,3
54194,10
57192,12
202427,5
90937,9
67912,18
133762,3
50592,14
70927,12
26273,14
130724,5
145034,0
188111,15
13595,14
205958,6
59090,17
30182,10
40073,6
157132,8
49089,14
133227,6
196403,0
117840,8
91931,8
33671,0
24426,14
113778,3
76079,6
20645,0
116949,12
74806,17
195100,17
158524,17
42593,19
65397,14
190611,9
143699,0
6665,0
69881,0
13043,8
35969,12
149528,12
108350,0
62388,3
166411,6
199904,15
91397,20
108156,0
49533,0
144733,3
107021,12
116497,12
95340,2
64506,14
211288,2
70929,16
118066,2
133383,4
63437,17
191132,9
63298,14
126107,0
201465,13
11099,17
203353,0
16727,14
208351,15
194672,0
147828,0
56533,12
139614,0
32039,2
40544,18
161311,12
153585,6
189033,13
41861,4
41267,14
153126,0
80026,7
58102,15
22354,0
130798,0
183940,0
99401,12
151941,20
35025,15
207467,12
181992,19
210510,12
193999,12
71717,12
49744,17
154003,15
58072,12
124045,6
144803,16
26529,16
155359,15
82317,14
144051,15
111918,12
166396,19
53550,0
79859,2
169185,18
66456,14
209129,6
122950,3
142848,8
215666,15
75804,0
15411,18
148401,19
105476,4
73951,3
33135,2
31757,17
118119,6
94607,15
122652,0
21173,0
35992,10
81656,0
3490,10
124506,3
83957,12
107770,6
40661,10
40708,19
81483,14
14941,3
159649,6
22735,14
120393,12
156593,16
88593,14
61020,8
85340,3
126665,13
216844,15
38748,3
30141,1
204637,17
48865,12
117039,0
138166,0
204589,9
94380,20
130959,2
18826,1
146656,15
172789,12
17551,12
211445,8
57915,6
118311,2
101845,10
109916,9
132569,15
214106,15
183369,12
210,12
102760,3
193693,15
202633,15
192679,12
89101,9
32898,12
183824,15
89291,9
148787,0
80154,19
191850,6
145419,0
105103,0
21757,15
142156,6
130031,0
182202,9
15382,14
160537,12
110964,0
28032,2
198487,13
45527,20
156197,15
102188,17
196371,12
46824,0
27330,18
117876,0
63266,9
119020,2
84103,14
215276,0
187706,12
159043,17
132451,0
131233,6
35504,14
82555,9
187233,9
137216,12
38801,10
179843,6
72224,0
28523,8
122691,0
19833,12
33267,12
159724,3
151574,17
13814,0
104234,15
43193,0
152257,12
194854,9
175015,3
133365,17
132924,0
75846,15
5757,9
51738,15
35297,14
32762,2
106067,15
211166,12
67604,3
116477,13
164055,0
179829,8
174673,2
104173,13
139056,0
147693,0
5494,10
159031,0
129285,0
34015,15
177497,15
137323,12
172818,15
33513,15
77165,0
103617,17
90586,12
117288,7
55585,0
50172,16
144408,19
57305,0
59723,14
106003,14
123567,20
145147,0
53396,12
188365,18
103585,0
133805,15
23212,2
54434,17
193275,15
116342,17
36708,14
148952,12
75937,0
83480,12
130087,12
1189,10
69050,0
73029,3
95112,6
11707,14
90169,15
47152,3
138306,9
118848,17
184118,0
36576,10
64587,2
64235,12
1050,14
23262,17
211325,3
210396,0
50140,2
34670,6
133564,12
152844,19
115341,3
4380,14
98655,15
85823,14
1036,19
83410,19
121166,0
35200,18
210798,12
83614,0
35207,17
158199,14
1737,0
10771,14
195403,8
193568,8
107604,0
109303,2
26170,4
114899,12
33543,12
30836,2
1044,14
85825,14
178693,3
145322,2
201687,15
89728,17
54915,0
28650,0
185682,0
186231,17
184723,12
52682,15
184456,12
90852,2
164705,0
31125,10
55118,17
51627,0
214910,12
26949,17
124129,3
212862,12
102730,12
1367,19
80884,17
138684,12
154635,15
82430,18
109828,0
110073,0
71412,17
198716,3
27213,17
844,12
216329,17
209300,6
180471,3
146500,0
77592,6
76722,16
28461,2
137814,17
95800,2
28609,16
100524,3
163779,12
31240,8
105327,12
43724,18
23687,9
20929,19
199279,6
181214,15
216146,12
33372,2
115702,1
178546,12
85173,18
200731,12
2177,17
71991,1
1881,14
87854,8
166572,6
43829,6
114916,9
134667,0
58889,13
206922,12
91146,15
166607,0
91875,14
202418,0
213050,15
191376,15
193670,12
196122,12
3761,14
187608,12
42186,0
143719,0
125528,8
29160,12
38263,0
167190,7
22932,0
32308,10
4240,9
199179,6
34130,14
127075,13
7869,3
147748,20
202267,6
67471,12
101114,14
133889,12
124720,0
55956,14
73586,18
210861,2
118098,19
77855,14
72542,10
10785,19
184104,9
66162,17
26575,17
55574,14
168068,3
216934,2
131893,1
174023,0
98490,17
150368,0
49067,19
106524,2
201682,12
172974,6
190256,15
49892,18
64731,14
49708,12
112711,2
47867,6
59304,0
44342,14
119367,19
57182,12
121721,0
51353,10
85336,3
89168,10
136191,4
135150,13
30585,12
50612,18
158726,16
164882,3
50688,0
120770,15
36254,17
98996,3
147164,3
136970,2
46870,9
128959,9
118908,0
176771,8
75299,0
60580,3
100635,3
84513,6
154849,0
5505,14
136322,3
68976,17
178110,0
205067,15
61082,8
200035,0
197872,3
196656,0
28485,0
111719,8
106395,0
182921,3
101489,12
184391,15
47340,14
17360,19
182221,20
93251,3
114639,3
25525,0
179847,12
57450,3
192637,0
176653,0
186049,9
110399,14
177882,12
74974,0
176283,15
172580,0
191070,12
192914,13
43677,9
35292,10
5142,14
208211,9
62037,2
45825,17
173515,20
42888,19
2234,17
137880,3
207931,0
156477,15
212047,12
118226,14
69784,14
37210,16
34234,2
192792,12
30050,10
75717,8
88177,8
106319,4
19459,14
122546,12
40825,15
113658,0
108999,13
91733,0
145268,15
17146,15
169791,20
179610,0
123595,9
64593,2
154367,0
139391,12
137211,12
51180,17
7246,14
113528,12
191468,8
8318,17
43144,17
101647,12
51741,14
147491,0
141671,15
11339,0
120897,15
27247,0
58231,0
139157,15
102351,0
160532,2
81722,12
142846,8
70951,0
54745,12
134903,0
24,14
13789,15
183209,12
22058,17
34785,14
83656,10
197818,0
65818,17
17572,14
109854,6
193532,0
195150,3
151099,12
200877,13
116253,12
49527,10
42789,0
169368,6
165488,3
45266,2
25915,17
22895,17
3930,14
148673,2
23503,10
192554,3
59939,14
199267,7
203584,15
63111,6
144234,15
168323,17
109958,3
91994,12
145516,12
48622,2
9679,3
160767,12
57554,12
14880,14
38314,14
210954,8
193898,1
31458,12
121665,17
34914,16
60768,15
117064,0
199411,1
67474,12
65711,12
27050,14
145945,0
195560,13
32856,2
172077,6
77093,16
176875,20
214548,16
36262,17
17573,14
31969,14
138346,12
142634,0
97249,0
112805,12
177277,3
58436,10
34449,0
149438,15
39417,17
4730,19
196045,12
104156,9
163475,0
140861,3
34569,0
75445,19
175348,6
124591,12
73980,15
187403,9
102249,17
185977,9
29509,10
78468,15
80016,0
152413,17
10312,14
104299,12
30555,3
32909,8
199137,8
131302,0
155315,14
197890,2
61377,5
130448,0
173466,12
169504,8
116650,8
164795,16
190048,1
41194,17
187535,12
130030,0
82774,6
182293,9
173587,0
67507,19
3415,2
75144,10
50573,14
153228,3
161389,6
161075,0
31462,13
3323,17
127535,4
96089,0
56676,8
149285,12
164350,15
6307,12
2293,13
73996,19
27029,14
113671,0
5413,0
87787,0
40896,4
41131,4
195794,2
121642,12
210541,17
51219,0
107647,6
13597,14
78676,16
177760,6
184397,15
19922,3
30726,0
50960,0
181517,8
98685,0
214208,3
129828,6
60724,9
35078,17
206375,8
115811,14
112249,8
164768,12
18011,14
206181,15
27532,14
158445,15
90023,0
66510,17
146887,0
180061,11
165414,12
17502,14
28020,17
180548,8
34747,12
46385,16
99808,16
56540,9
191055,20
111090,6
94855,16
180014,0
33986,3
87755,3
72496,19
186512,9
148,14
50363,3
41298,19
153437,0
57718,18
13061,14
179001,19
3987,14
102926,15
176291,15
151639,0
138973,9
150667,0
127340,12
89859,15
188859,0
124189,0
72259,0
11013,10
210470,15
211033,15
155846,12
125928,18
188472,12
210968,0
21687,0
35046,14
158471,2
162861,3
201599,15
58334,19
151007,17
202153,6
78602,0
78403,0
90230,9
98456,12
170174,0
140785,9
20578,13
9299,14
120030,0
20987,9
160929,15
161028,16
164521,12
183997,17
33205,17
128408,12
174474,15
2906,12
43241,12
56311,17
169593,12
152952,8
181138,13
212539,2
67142,19
88042,12
173377,12
145186,2
8797,18
25969,17
67188,9
181900,12
44530,14
123364,12
88716,12
57316,12
63658,12
110182,15
72055,10
57882,0
97871,12
116185,18
131136,0
116405,8
86282,12
83920,0
118667,2
200042,17
29027,17
214831,12
30729,0
125028,12
27493,14
24719,10
9674,3
21740,3
143961,0
43712,14
175244,0
201272,13
81815,0
129299,0
82841,15
143878,1
90488,12
201114,15
14680,20
162679,6
54151,6
108968,3
168525,19
37712,13
55945,8
15834,15
136918,0
198238,3
164981,0
80550,11
116380,12
104685,16
123146,12
125662,16
127678,19
213652,12
139312,0
152044,8
93719,12
117231,10
186637,0
144961,11
143212,6
25688,0
44114,3
66505,14
115951,15
108020,9
36449,17
212062,12
45123,2
24192,17
168026,1
160380,8
37262,3
188148,12
12385,18
169008,16
124270,2
86693,19
67743,17
26821,0
192443,3
34863,12
129820,3
146937,12
103539,17
5559,17
177803,15
214567,15
55395,0
19590,14
83325,20
198301,7
135426,15
172103,12
28123,14
183806,17
112735,0
64140,0
107200,0
162811,12
31070,17
120847,9
203965,8
15778,0
197873,15
111839,0
211777,0
185708,9
22958,10
136309,0
169745,3
81829,8
146176,17
114314,15
122113,12
7707,14
167595,15
195732,2
83903,0
30809,19
92039,10
215561,8
69714,10
8067,12
180529,6
185287,17
30120,17
44906,2
35359,8
199199,13
179446,2
27316,14
98429,9
167211,13
180948,4
99159,15
7512,0
207275,3
127783,6
59323,0
195893,12
175521,3
128264,6
864,0
70887,0
67238,14
5542,19
127505,15
133169,15
32078,3
146718,12
33269,10
27292,17
35984,8
117269,0
77550,0
212881,2
173031,17
149969,0
162266,15
175946,2
43907,14
112565,10
180055,12
14125,4
14025,3
90601,17
5966,19
202683,8
195046,0
176325,0
141896,15
146060,0
41230,3
122550,12
144652,16
17255,0
87417,19
33594,2
203693,12
145063,2
110432,0
162783,2
1076,12
64001,14
152076,7
177078,17
183120,20
37684,14
126517,0
167589,15
157379,13
57814,14
144830,0
213384,0
28948,14
212245,12
95371,18
32510,12
52673,20
178977,12
159623,2
93211,0
183857,12
54723,10
13833,12
176152,12
39535,10
210875,0
57007,4
67136,19
63744,17
179127,0
83294,12
76483,18
170501,2
172125,16
159554,6
63055,2
173508,17
184326,0
88369,9
197561,16
204270,8
27942,10
77064,19
66588,17
130084,3
6574,12
114685,15
34538,10
133849,8
22340,0
214418,12
209595,15
203809,12
739,12
82349,14
24245,18
136735,6
20914,13
150217,15
173126,8
137438,12
213367,16
92238,12
137736,0
147363,17
151152,0
207010,8
83308,12
211819,13
101304,17
36885,3
88222,8
16145,9
127694,16
66091,0
22853,12
164745,3
18789,14
188243,12
101601,0
132341,0
111985,2
214509,13
140760,0
51906,17
106728,0
9283,6
40068,3
180306,15
145011,17
68263,18
99886,6
13565,3
201467,13
63849,15
33046,2
214612,12
182418,12
112647,15
121378,0
113947,2
16322,3
97424,12
157277,12
86049,12
31178,17
7362,3
192457,12
73403,18
213464,16
83658,6
68200,10
163030,19
43392,19
95448,9
96052,15
194721,10
174390,20
197074,12
161658,0
185047,15
125193,12
51234,10
182604,0
129776,6
67412,10
132070,15
156623,0
180727,2
84288,0
160811,12
141554,4
197190,8
155346,16
142337,15
59774,19
44529,14
129606,0
42595,18
160107,12
212971,15
17661,2
186488,9
152247,1
160200,4
75859,14
162051,9
41374,10
94251,17
147093,12
28328,12
25346,17
150357,4
196336,12
156696,17
118893,15
142128,15
204339,15
119847,13
92477,6
106771,6
63792,14
63284,14
175664,19
99629,12
90276,0
79659,12
141976,17
23806,18
141684,9
157979,6
165078,12
132717,6
178070,11
92924,0
129409,6
46081,17
212156,12
127993,17
75215,0
53627,14
186737,12
128392,3
116283,2
143939,9
204587,9
77939,18
118064,2
183621,6
63338,17
149688,6
80302,0
185165,9
192400,2
8971,16
130595,0
196688,0
86327,15
154168,3
186982,0
113493,0
166093,6
26810,0
154647,6
212164,17
146402,0
120376,2
163224,12
29309,3
109166,15
162180,13
57911,6
207181,12
111585,0
70284,2
213819,15
144272,12
24856,14
102456,3
212621,12
184497,1
78247,0
215135,15
123940,0
81764,15
41958,16
63958,14
57824,14
79541,17
10379,0
165296,12
82112,8
38688,19
174956,13
9642,2
164988,0
126166,18
3449,12
106180,3
98485,16
136123,9
198823,5
95976,3
27617,0
133193,0
46042,13
104318,18
190079,10
14795,0
14759,3
162741,19
185909,17
23068,17
216232,6
130002,19
49474,4
137207,0
23983,10
42025,17
150560,17
204769,2
66109,2
72357,12
178998,12
185788,8
53583,10
158998,3
39842,0
174883,9
74399,6
181636,17
10474,14
60170,0
30238,2
137811,18
130050,0
79711,10
207497,20
130605,0
164919,17
92290,0
133230,9
43874,14
60134,6
192561,2
16351,0
118690,2
214386,6
122361,17
128744,19
160401,0
58488,0
209180,0
169390,2
20988,9
42300,16
98626,6
123917,3
27350,19
152291,16
46796,17
189189,15
194508,0
180691,0
177923,1
100421,0
149659,0
147508,6
186125,9
82098,12
70963,2
177900,15
1864,2
29608,14
138089,6
13174,19
183174,8
211833,12
163869,3
86639,0
67654,16
75194,14
176846,4
200065,6
11731,10
18559,3
123440,15
167676,19
187759,12
105144,12
116940,6
31733,19
102023,0
24771,18
187869,15
156421,6
98018,9
20575,14
167026,3
1129,19
183914,16
116479,12
150447,19
28934,15
29156,12
145701,18
185301,16
61450,18
152371,13
186914,9
67750,17
39520,0
10760,17
39499,0
160543,12
201691,15
212057,15
106317,3
136379,12
192787,12
13989,14
205828,2
5406,0
102615,19
46654,15
163813,17
11580,17
80711,17
129666,15
74452,10
131737,0
48145,14
3716,0
40857,14
5351,17
123147,12
191472,2
23937,7
208628,15
113395,0
65944,7
178816,15
141215,9
137975,6
197329,12
56689,2
36962,5
163135,12
47360,19
186621,9
136511,17
126859,8
187476,8
48100,10
135468,0
172574,3
96771,19
14090,10
142189,3
57734,17
182534,6
133863,6
148808,0
40718,0
104623,0
132620,7
51964,10
134570,0
108115,18
183380,8
15054,19
80468,17
77008,14
188794,12
75281,9
179390,15
199851,7
34649,3
84590,14
119274,2
35454,8
56806,9
211164,12
71266,18
87629,12
166590,15
209742,15
47982,15
167389,0
138405,0
78963,4
43003,14
99689,0
26719,18
27868,20
158585,9
121561,0
75244,17
103299,9
46515,12
54012,9
1081,12
103165,3
94503,0
146739,11
121092,3
63685,12
183732,0
119470,19
159755,12
75753,15
61934,10
107722,0
129385,0
160805,13
122897,15
124324,9
615,10
207011,8
182829,3
133289,0
161322,12
56708,14
199383,9
74704,0
51399,4
53322,14
213179,2
40561,18
163939,0
49923,19
91451,9
10480,19
175046,12
126412,0
166875,12
39593,10
183874,7
107895,0
56850,17
10737,19
123,10
121599,12
209417,16
78117,17
41924,6
43837,14
70955,0
24187,17
199735,15
98855,8
28883,14
199246,2
216503,17
197975,15
69844,19
111401,12
93455,19
188981,8
213910,12
11362,14
168126,15
119183,12
10961,19
148588,13
110697,9
181046,0
12466,14
32225,12
158345,2
145190,16
30260,12
188200,9
175799,12
68015,2
22173,19
126228,0
126663,13
201676,12
42892,17
89678,8
80906,0
89501,9
48231,0
95517,0
21030,12
139605,0
198215,6
210892,6
128789,0
119290,2
41566,15
95756,17
110785,0
216422,5
135962,0
71370,19
155046,15
107212,6
100960,9
107349,9
200743,17
125200,9
170745,1
20084,12
76329,0
36248,16
115511,2
78748,20
117217,3
17121,10
66786,17
100565,16
209654,12
14517,14
118927,0
73125,10
158628,12
113604,17
4543,10
91884,15
210689,5
71707,0
161698,12
89164,14
130939,6
35482,17
202862,13
99931,13
70024,12
134741,12
68387,9
39396,19
181205,12
7979,14
90121,19
554,0
119630,2
161778,9
51936,0
48630,3
55218,6
171823,0
40567,17
108991,12
91402,19
215775,15
199002,15
39342,14
39414,17
70404,15
209841,2
49248,12
132352,6
84738,0
111741,0
118333,0
9509,0
191826,2
150350,12
185568,17
139470,0
39045,19
159560,6
1262,0
138721,0
209468,15
74207,14
214345,15
183318,12
108691,10
112877,9
207080,15
6797,12
10684,10
142383,2
32679,0
47668,3
63026,17
123928,2
151803,6
135902,8
1520,12
155806,6
202873,12
74912,15
175584,2
3836,19
136637,12
216259,3
187636,15
188540,0
193567,9
37756,13
23127,0
145626,12
162696,12
46069,14
162282,0
140626,0
102705,9
64320,13
87551,0
168625,9
180615,0
62183,0
63879,2
94039,12
85253,14
132676,15
107878,3
143697,0
211873,0
156608,12
127360,12
198119,12
119054,0
59397,8
193117,4
98425,9
203077,2
143795,17
97592,12
121449,3
13467,12
97072,12
92489,17
92870,9
120125,3
186524,15
152430,0
80478,17
156592,17
113087,17
165635,8
106600,16
122791,12
158631,19
118180,15
172758,0
128923,7
82204,0
112616,17
157608,6
187902,0
93939,8
79032,20
86847,0
194852,16
157910,13
166898,15
167845,8
42552,10
79830,19
69720,2
128560,0
124612,19
211228,8
149329,15
205506,15
214252,6
9346,17
216695,15
117447,0
110215,2
167622,1
21138,17
69900,2
178565,13
169719,0
104960,0
208810,0
35434,6
179215,0
124442,15
95770,13
194608,9
483,15
216565,2
133019,19
213915,15
116825,0
17492,0
159671,9
41705,0
108131,16
62551,17
64740,15
100767,10
4391,19
61827,0
170280,0
183226,12
5408,0
163630,12
207883,16
132687,6
183938,0
149741,0
206570,2
1186,8
38623,15
34302,0
152361,0
195615,4
4249,17
107455,0
27191,10
49800,2
170773,12
20795,10
25159,10
209036,3
127132,2
174294,12
164410,4
173097,6
65660,10
159563,6
100066,12
35925,2
128839,14
6526,12
120500,5
44120,7
168024,2
24722,14
83942,12
178237,11
198268,15
178366,14
115375,3
40855,14
15720,19
189038,15
150526,0
76905,14
66216,0
61730,17
179946,6
11666,9
98344,17
131380,15
75691,10
126106,0
53012,14
46016,0
166030,18
31818,0
109647,0
42578,13
8557,3
89782,9
108850,20
113576,9
30997,14
79175,17
16202,14
140279,0
101515,0
14356,6
5071,12
108904,12
143294,9
12896,14
99140,9
184033,0
17662,2
172559,12
108637,0
132287,6
202699,12
15258,19
116199,15
164752,6
145707,16
216551,8
49023,12
11184,0
66627,3
23814,19
58767,9
70655,12
74238,0
23289,9
15583,1
108867,0
397,14
41474,17
153852,12
207688,12
48928,17
100950,8
97299,18
124165,17
99471,2
73564,19
199651,15
113882,12
115685,15
164229,19
21711,0
32728,6
121847,12
180721,3
153726,19
32547,19
27866,19
205032,15
70952,0
184865,8
150258,0
205859,7
42027,17
131775,12
106833,19
68832,3
45076,17
120448,15
108817,8
186659,9
146655,12
203673,15
13158,12
156753,12
100423,0
133218,5
73184,14
113033,6
187978,19
87059,2
214888,16
107570,15
209014,12
82971,12
49812,0
168930,15
122986,2
34911,16
30485,17
93926,3
169942,2
90640,9
65521,17
160022,17
144250,12
127802,15
144361,3
91263,10
131024,0
127216,1
88124,2
44386,17
40613,12
161765,0
69923,0
98205,12
77223,6
2830,20
171698,18
97522,15
8078,14
44298,6
215870,12
65913,12
30289,17
43103,19
116604,0
146869,0
109051,13
31753,19
23119,6
34356,10
18887,14
193965,9
134796,0
106501,0
210653,2
82630,14
138811,2
8749,8
32837,14
189228,15
156827,6
116824,0
78064,6
52439,10
91408,17
116836,0
15079,17
106236,12
61015,8
211136,8
1338,14
132654,6
100482,16
63384,3
167708,0
153404,13
33660,2
3993,17
141916,0
6538,10
11096,14
198266,16
59023,12
193994,12
36042,14
164019,17
152347,3
89381,15
181127,15
201984,12
73464,0
24988,14
35858,14
129347,13
205090,6
68961,15
48067,17
172535,12
103430,3
101535,6
145541,0
91599,0
14240,12
21921,12
87247,19
24600,3
203765,12
182560,12
161151,13
73424,14
96141,6
215677,3
167035,6
140005,12
126295,0
193151,9
201006,12
136086,3
153381,12
208411,12
192608,15
3148,15
104696,0
32032,2
184320,0
143954,0
110851,0
98160,0
210210,8
159288,15
176823,6
195717,13
31567,12
83123,8
174356,0
180213,0
191928,2
35693,10
19915,9
104423,19
97726,0
54677,2
200866,12
26520,8
22989,14
32061,0
3657,14
36827,19
21854,20
68593,17
682,14
129971,12
132635,12
28723,19
107673,1
201709,9
50022,10
189417,6
32743,2
104871,6
21267,3
149120,2
71543,10
112372,12
14453,17
8336,19
165532,16
72807,9
179870,13
62223,0
4536,2
182241,15
2548,10
41508,0
5234,9
128778,0
116961,12
46862,12
87318,6
184947,12
65578,17
216338,13
101682,9
9735,14
194902,6
23111,17
24638,0
18089,19
15254,19
215879,9
154158,0
41323,17
20619,3
57015,6
93811,12
161670,0
172935,3
190837,7
171480,6
14532,18
148874,4
197941,15
189688,9
38962,6
63025,17
152265,9
16957,14
166221,15
63033,17
83495,10
24306,0
104353,9
204658,18
184333,0
6768,6
5998,17
146818,12
28546,14
38546,18
149752,15
82806,12
164616,16
73542,17
156166,8
104270,0
37476,14
104634,9
25911,17
125950,15
1840,17
149348,0
42138,14
70356,2
73939,4
148957,2
10100,14
87542,15
17160,14
88134,0
164785,12
38722,14
166695,6
170425,9
147298,6
208826,12
201720,12
125840,0
174862,4
113188,8
18132,14
105949,3
211658,7
36308,13
88305,8
57228,3
197183,9
31863,12
5262,17
31750,19
202058,15
150699,9
166170,3
159242,15
45591,14
159026,12
151780,9
93500,1
101289,12
50092,7
123688,12
145588,12
100244,0
71189,0
80841,18
113765,2
86455,10
82880,0
37031,3
40133,14
28229,2
20678,14
146129,6
145354,1
175507,6
39026,14
186671,2
162432,12
22742,16
78066,6
189634,0
186482,9
204966,2
13413,6
169062,3
57036,12
23744,12
142016,0
158096,12
16613,14
84658,19
44138,6
181061,0
130691,2
174069,16
163409,3
87389,15
44709,0
140031,14
37509,12
149525,12
58712,14
127550,2
202950,12
172396,2
121187,6
173497,12
52934,10
154793,15
200519,8
208086,9
163974,6
187626,19
148778,0
88357,0
66717,10
66201,3
132101,0
190482,8
149604,3
153691,10
196186,0
151959,15
127710,0
33105,12
80127,14
23142,14
143733,6
55417,2
35506,14
26144,16
7223,14
198323,12
70671,12
110951,0
60216,14
155928,6
187690,9
20985,10
34098,14
2719,3
42301,17
4289,0
113626,12
104026,2
20694,14
166131,12
13146,12
66077,17
204307,13
175278,12
146102,12
80297,0
47610,18
175403,0
93585,9
143684,15
119126,12
156207,6
66923,14
38710,17
156510,15
27610,2
185097,12
40754,0
203172,2
127769,8
152390,12
24749,19
7137,10
156500,17
143712,0
194601,0
155631,3
88531,9
51414,17
188452,7
208840,12
87927,0
67063,2
93706,0
66777,19
99665,2
201540,12
71704,0
161477,8
23251,14
51191,15
144546,12
174542,20
72695,15
108534,10
105627,0
180034,6
130145,14
71112,17
72948,19
146663,12
67725,17
73924,12
13057,14
202402,15
4208,16
26789,1
136689,6
43486,0
103795,3
207306,6
76652,14
197738,0
97910,12
112946,3
148410,13
145062,2
86102,10
30664,18
174345,15
188420,0
158354,0
188019,0
128309,12
86683,12
16786,14
104744,10
126891,2
94211,12
50346,6
48841,0
188473,12
139954,0
139160,15
197606,9
44330,19
131237,9
172681,0
176431,0
56058,3
91680,6
148068,9
184935,8
158518,12
210218,8
76178,14
90810,12
17519,10
70294,0
103681,17
113313,5
40290,0
141058,9
122954,4
163000,5
25828,10
189241,12
154154,0
113430,12
37611,14
91479,12
156101,0
130827,17
155518,3
175599,3
157654,0
104358,8
196222,2
104517,8
30388,12
58987,19
210291,0
74628,17
16356,0
26654,14
160826,0
22186,2
179592,15
126716,8
120227,19
26627,10
71778,17
119102,2
129556,9
163801,12
20864,12
30540,0
206325,17
89865,12
134627,17
127009,3
2095,9
39220,2
60940,0
123376,12
18048,3
111008,11
110914,12
56770,0
141710,3
41602,14
149588,0
36689,17
75335,12
66259,9
19835,14
165040,12
125835,0
104533,2
163895,12
148821,2
172437,17
16840,19
196373,12
67084,14
165157,12
4698,17
176991,15
53138,2
182032,0
58262,14
208909,12
46691,19
196153,2
59274,17
8611,9
163566,2
98189,3
184016,3
85891,18
19415,6
153865,15
86519,0
88187,6
39173,15
162576,0
153040,2
48191,17
13515,14
20479,10
70807,0
40889,20
47416,17
134319,0
133258,19
8279,14
153617,15
102921,16
200258,6
143463,0
165436,15
105011,12
91077,9
52837,16
108382,12
100275,6
9698,14
117187,0
150118,4
203175,2
118786,10
173882,2
95754,17
92085,0
119810,0
137556,8
102947,8
149378,2
207636,15
138354,8
70941,2
170652,17
198275,8
133585,17
157473,2
21995,19
28950,14
49847,10
46044,15
75708,0
66250,12
162735,15
153043,1
208471,12
31323,14
38855,10
3804,12
53794,14
72051,14
32654,0
209103,20
69267,12
127190,0
174405,17
190150,12
70021,12
180116,1
86996,19
137567,12
111275,1
53974,12
145795,9
31107,0
18163,14
26850,10
177499,9
24369,14
148804,0
44716,0
52502,3
138504,0
191949,0
132637,12
131891,3
86224,3
191675,6
25275,8
96232,2
182283,0
27575,14
12854,6
66157,14
26891,7
207837,5
82694,12
146029,0
29000,19
48201,14
132953,0
144354,8
180244,6
155016,15
148331,2
154147,0
53328,0
148061,12
56700,14
34003,0
158346,2
48893,14
91377,12
80775,14
197734,0
132186,15
60595,12
41083,8
26747,17
193079,7
96935,8
38560,2
56666,10
207552,0
30741,12
156495,19
100702,8
168063,4
88307,12
210063,15
21943,4
92984,20
94821,17
12142,14
57087,9
180133,6
161474,0
133340,12
11645,3
180233,3
51467,17
176116,8
11145,17
200808,6
155200,0
178938,0
28005,16
198095,2
205306,12
86932,15
183317,12
178246,6
155243,17
196247,2
109838,0
86127,14
134055,15
124925,0
121733,0
203812,17
74664,2
135989,12
159545,9
191004,0
200893,8
55110,14
3220,14
128300,8
196682,0
169937,12
17452,14
158022,17
57325,10
30406,14
107546,17
193713,6
49304,19
158154,0
83425,15
112927,0
82321,14
68714,14
89466,1
35735,14
127318,3
49320,12
19797,10
175801,12
78366,17
214237,9
172763,3
61731,17
180434,20
147412,9
114108,17
195266,12
104387,13
129362,15
202916,3
165408,9
196572,0
98444,2
164454,15
44254,16
104,14
29222,13
3537,19
174727,15
152333,0
58000,14
73003,17
32037,2
132621,6
164173,0
79487,14
112447,0
111843,0
147160,0
90205,0
143884,15
56973,0
57249,12
186437,12
110405,20
56988,10
186586,9
89007,9
45424,14
124282,6
16551,0
69408,14
127105,0
74863,0
130770,15
105728,12
12145,14
46205,19
183501,6
55550,14
179702,2
215286,0
93,0
161054,0
55733,0
129859,12
196676,3
215652,17
64690,0
17226,2
140632,0
142883,12
71367,18
26058,10
63120,10
207388,1
153589,6
59513,12
75176,14
100665,0
46559,9
24834,10
165109,9
77117,15
130162,0
130981,6
136296,0
143232,17
17207,17
214118,3
15352,14
187416,19
40313,12
14791,0
205121,12
154186,0
189650,8
14734,0
204074,6
31875,12
173769,12
105854,0
21836,14
17031,12
152439,2
120575,12
33800,15
65598,2
148742,19
50901,17
154483,0
130986,6
213615,15
167022,2
12473,14
196842,2
141414,6
111898,8
3429,12
192574,12
199674,1
41463,16
200797,15
115555,0
116293,15
134339,6
143000,0
111688,19
167822,0
189176,0
179998,2
66131,8
200756,9
122437,0
163817,15
99932,12
28581,4
197047,12
115871,0
112862,17
148179,9
44823,15
81762,15
139784,0
118889,13
176450,0
14537,17
96273,11
34157,17
159523,0
198408,12
8515,17
17718,10
127887,12
123913,3
178674,12
65813,17
111151,9
89723,17
148268,19
119629,9
85621,2
202365,0
24407,9
62113,12
64581,3
192074,6
10093,14
52291,0
165306,17
56990,9
215934,0
165085,0
33211,0
48142,14
573,12
149133,2
116580,15
66564,17
94548,12
74582,20
80604,18
34802,1
69747,2
176672,6
144975,4
140169,6
146441,9
141275,0
63540,10
193933,15
74862,0
132301,17
154046,0
113914,0
3205,10
161679,0
20536,8
81642,19
190573,9
110096,13
152783,0
99900,0
34486,14
46927,18
206209,0
40980,0
151094,12
98760,19
194171,8
71687,19
49161,0
140297,8
100766,12
150940,0
117853,0
148514,12
21944,17
210904,3
2137,10
60680,10
62428,16
25065,10
136800,0
7849,15
201967,6
102409,0
89374,9
134268,12
102318,8
27000,10
109449,18
12568,17
22029,16
14385,12
203354,12
51992,0
155818,3
61535,0
63748,2
216458,12
168561,7
98064,11
84049,17
87955,14
5117,0
206455,2
17011,14
215591,2
22670,12
15103,0
200150,9
65955,9
22759,12
116761,0
104438,17
22811,14
11940,12
119457,2
192822,12
158409,9
193342,12
55049,10
91389,20
196900,16
128870,19
27307,17
15264,17
74128,3
54550,15
59418,14
99737,2
136636,12
21977,10
70319,2
204477,9
174742,3
52874,17
85121,12
2162,10
18956,19
89750,9
111958,0
10544,17
81440,6
212328,2
171390,4
53796,14
72749,17
204597,9
197158,16
202314,3
69641,0
10523,17
106865,0
145973,0
184147,6
144395,15
109193,0
180252,5
203699,12
101000,0
91152,9
208775,2
213599,8
207668,19
169779,6
148384,12
153674,0
96806,12
142612,6
45918,0
126454,6
34931,12
190372,6
210475,15
86014,0
198032,6
14804,10
11867,4
98717,12
3849,4
94856,12
189074,13
207825,6
143496,0
130348,3
214187,15
178337,3
80135,13
141661,9
205779,12
94791,17
186068,12
63452,14
162053,17
152373,13
177152,12
9569,14
196954,9
204222,15
63483,17
193486,13
162764,0
81349,17
62085,14
176100,0
205149,13
87954,14
150098,4
32481,10
76144,15
105793,12
107817,12
197828,8
140240,0
50395,14
115165,0
21123,15
62035,10
210249,13
78491,14
135266,8
25853,15
105241,6
105372,15
110317,6
29562,14
169098,17
57704,17
216046,2
100719,3
123580,12
191887,6
179106,16
59799,0
43131,17
11950,10
83105,10
207874,12
203310,2
153996,15
104245,13
55289,12
64240,10
136604,9
138056,0
159527,0
100903,0
106851,15
154962,0
61311,0
20552,9
25452,14
159393,15
177680,8
153769,0
72410,10
111465,12
128402,15
143615,0
4076,3
91046,0
187848,9
178663,12
13605,12
9945,4
104190,0
108476,3
61497,3
37724,10
153450,2
170236,13
1605,0
54421,18
110281,10
144222,8
102048,6
126473,3
62298,14
1413,2
46746,14
68668,6
202023,4
32590,15
159665,12
68057,3
69236,12
193138,6
122807,2
14264,10
78456,14
188130,6
59211,14
176228,3
138828,12
135101,12
53571,3
97397,17
178800,15
67729,19
143596,0
113350,19
129655,20
163455,15
23076,14
212084,0
90744,13
169117,2
126349,12
127239,2
189047,0
173144,16
146322,0
9393,12
167159,0
53832,19
31594,10
88731,19
96618,15
134363,12
86877,19
149887,17
101341,0
120865,17
188493,12
14351,4
209718,12
147906,0
64270,10
149580,0
26604,0
114417,6
12595,17
206530,13
124073,8
33050,2
54223,15
188467,8
5108,12
200382,1
107492,12
119461,2
69427,12
75467,19
175965,14
150168,0
48161,19
187377,6
126015,3
49616,14
180007,2
50020,15
125917,20
23825,17
50074,0
128511,8
33092,10
186209,9
138860,19
194437,6
54183,12
123656,0
48088,0
23650,2
27960,2
181664,2
39294,14
197963,18
64201,0
185741,15
70775,17
123099,17
132567,15
37102,15
144474,0
95109,6
21540,6
26101,9
158507,13
44099,12
14874,14
145142,0
140390,12
27733,17
65069,0
22086,8
38339,14
118537,2
20966,10
116586,9
34945,1
111199,15
186911,9
164850,7
14137,10
143271,3
21663,16
23441,0
2322,14
8603,10
28378,14
26799,2
155864,17
75855,14
137293,0
69055,0
153037,3
86857,0
138510,0
150216,15
44361,19
179372,9
85112,16
42180,2
163339,17
184181,19
30917,17
38672,17
3817,15
53800,15
35979,8
91588,0
64666,12
26725,19
127418,18
126193,0
114346,0
139092,3
56246,17
96829,9
46584,12
134078,0
47967,10
203260,16
176607,13
138424,5
54122,19
152138,12
11284,17
130538,13
99331,0
197082,13
102113,12
60218,14
110774,0
143676,15
9601,14
95916,2
90284,0
71314,14
181709,12
1787,17
183955,6
179078,12
46215,2
83665,3
39210,18
107295,15
104262,0
40520,14
46779,15
106172,2
65881,0
1502,8
131450,12
31275,12
111715,15
92609,1
196352,6
41557,14
166065,12
107366,6
196766,3
70897,0
24513,14
120413,9
10867,14
65041,17
16527,17
81885,11
178346,6
174917,0
198865,1
1363,19
203514,12
88126,2
196252,2
16659,2
94301,0
23892,0
213997,15
66306,18
179336,0
44689,0
60556,2
82926,5
211737,12
133820,15
205403,15
206187,15
84275,17
8824,17
125191,12
206438,15
46304,12
86475,3
21923,14
120449,15
168324,18
84472,0
173990,8
153156,8
50227,17
194335,9
124554,0
7606,18
42747,17
195363,6
187027,12
84031,14
128163,3
153337,4
109788,12
48745,18
78102,10
80514,0
157548,0
177568,9
46047,15
17200,17
120798,4
112128,18
170998,12
169642,2
112047,0
75745,13
156855,12
42275,14
136275,15
205423,3
171203,0
93022,12
52491,0
117125,10
180278,13
185118,9
25932,19
164216,9
140771,3
75867,14
147458,16
119281,2
134692,3
147767,12
11944,10
33533,19
112209,8
192220,12
7986,15
142394,8
76777,0
47510,0
89117,19
127374,0
179726,3
32410,12
93127,12
86185,17
196061,6
17577,15
30982,14
109696,8
84245,17
184951,12
58403,0
40115,14
191666,15
61353,3
134643,15
11863,15
98147,15
108541,15
113243,0
211803,7
156497,19
137535,0
45900,2
171343,12
62160,17
137661,0
205390,11
126118,3
71967,17
123956,9
13962,17
25293,14
84359,17
52062,2
167702,0
62622,0
169729,0
15703,14
73998,15
177434,0
96363,12
185413,9
132604,2
206401,12
116204,15
131063,2
85516,17
18625,14
113414,6
204349,2
134616,8
172868,3
44587,14
178368,12
26625,10
3491,10
149591,0
135631,15
188323,12
124057,17
58357,17
151269,8
27017,14
186197,9
26596,1
212171,15
213257,18
95269,17
14930,17
54118,17
155151,15
138274,0
213388,0
97367,12
96768,8
3998,19
113253,6
160582,15
43570,19
167783,17
41732,3
126405,0
179612,0
89252,18
209079,5
97833,0
143721,0
125476,0
26989,14
85937,16
190981,17
97180,13
90677,0
107023,12
7997,19
101172,12
143191,0
51786,19
44399,19
4173,6
29591,9
86227,6
184825,15
18109,2
90728,17
151093,12
619,12
133733,0
178146,3
170991,12
47056,14
48657,0
68356,12
125777,19
194850,13
127583,19
12253,10
140528,0
39299,14
109221,12
37594,15
196451,12
150066,15
55770,13
73050,3
62059,3
196119,12
22266,14
20161,14
157935,16
122420,4
40784,6
60205,10
82480,0
40688,14
214835,9
109032,16
169168,8
122790,12
32682,0
142038,10
155941,12
38156,14
191939,0
169788,12
98120,12
45456,10
137137,13
129587,17
84860,12
190352,2
140207,13
94734,20
158956,0
69170,12
71994,3
180635,5
118434,0
166021,16
159231,3
149514,8
49224,14
152046,12
206918,12
23774,14
210886,17
125148,0
3076,12
170092,6
79750,19
6298,17
149,14
137772,3
202803,15
153377,6
183031,0
65383,14
48615,0
162982,0
101490,13
144362,6
95226,0
209346,15
152280,12
141161,3
12182,15
199453,12
57521,17
50233,17
105614,0
161129,8
113128,0
171998,0
84553,14
45645,17
113630,12
144112,6
9831,1
160024,17
8065,10
23047,3
172170,6
104670,12
208113,6
198780,15
127697,15
206940,9
129846,12
110093,12
2692,0
135883,0
152993,16
17135,14
55098,17
138893,0
22771,0
78128,15
194951,15
151041,0
12371,17
194489,12
140934,9
188008,3
136308,0
213066,15
48248,12
22879,19
128819,2
66310,0
15716,18
158298,12
187316,13
192607,15
214665,12
71133,0
69121,8
26613,0
139487,6
96760,16
182145,2
92343,0
164724,3
55771,13
178079,9
119911,12
132076,12
214293,15
175675,9
189730,16
126182,4
187684,9
109064,15
205373,12
33116,2
129825,3
144375,0
178212,3
29266,17
55382,17
117280,0
98999,2
208721,6
205489,12
178500,17
3295,19
158421,15
101764,0
104949,15
191660,12
70685,10
64911,14
104114,15
134173,15
182572,16
47361,3
51223,12
21495,0
198457,2
179434,6
40309,12
161796,6
15206,0
116931,2
132915,12
121714,9
94510,0
71336,14
67777,13
43026,14
63932,2
39345,15
183451,12
81019,14
123476,0
80008,0
47897,0
2252,4
146736,15
126857,9
41057,6
64210,2
178818,15
54326,0
147551,16
134782,0
81892,0
141245,12
100187,12
79245,14
152615,19
10144,17
148341,2
81781,14
210862,3
93083,12
171590,12
12765,10
107018,12
177187,1
115187,12
149573,0
54693,0
186119,6
45383,10
78769,17
88229,0
5182,17
108854,13
70512,14
46847,12
166432,15
4779,3
209913,3
171513,19
168067,3
76935,19
152921,0
60792,14
98537,13
76909,17
21196,0
123996,0
205366,12
117257,15
137512,0
119147,0
64211,12
20063,9
20519,8
203148,15
41146,10
69468,14
85309,17
49652,0
39811,18
82196,17
116360,0
164652,9
11536,14
99142,9
117050,0
92548,9
141177,12
148042,6
52043,17
170517,12
131314,4
14897,12
61313,0
199047,14
25396,3
7285,19
204134,0
199053,12
64805,17
170215,2
100354,0
76907,17
63419,14
193367,13
7463,18
35581,0
34932,0
149933,0
163818,15
12089,12
17295,10
50603,18
14232,0
167902,17
98712,12
152018,0
50004,17
10449,14
61917,12
129133,3
96198,17
127680,6
210820,13
145536,0
73508,12
54148,14
154469,8
40905,17
35009,3
207196,12
213048,12
26073,12
37194,18
92523,0
100202,12
151694,8
30121,17
207228,15
109774,6
112365,4
187089,0
34950,2
6760,9
169961,0
191109,3
184580,15
54205,10
99007,2
185373,16
23312,17
205252,12
32981,17
184268,12
98223,19
53519,17
194912,5
66972,18
189144,0
64862,9
89125,9
142770,17
44054,0
70852,4
13534,18
202525,15
120000,0
141818,12
145109,4
80543,12
179298,2
27327,17
14907,20
53979,12
172445,15
113738,6
185352,12
15973,8
62324,14
189338,15
197324,12
180037,3
174568,3
96203,8
96228,3
205433,0
120198,12
66961,19
171970,12
29412,16
51579,2
183889,6
20440,0
49285,19
204266,9
36064,20
69768,14
212813,6
209793,12
185692,9
44509,14
113802,18
47380,0
204626,12
71723,10
25123,14
205717,6
22591,14
23271,3
65083,2
61182,0
104569,0
180666,12
136944,0
11357,14
146986,0
101122,0
106383,3
43351,17
211722,13
55950,4
167959,3
92951,6
2822,19
203475,2
5155,17
71403,17
57668,14
192741,0
85127,12
111521,12
163094,2
123806,8
191427,15
166275,12
84728,0
125451,17
54022,17
166402,10
164670,16
181597,6
81601,17
20655,12
146287,0
129331,12
56171,14
80456,19
46905,14
127078,3
119998,0
87741,8
147496,0
44787,9
169580,12
125884,12
20226,9
17194,19
42016,17
32608,2
51023,10
53982,12
68730,19
49630,0
181772,12
37993,17
23815,19
199314,15
22554,17
74107,1
27780,12
169535,3
79933,14
113731,6
182758,6
137696,15
56101,12
155228,8
45839,14
148459,0
161672,0
133674,12
93258,6
158988,6
121594,12
152354,2
150568,15
69181,0
90314,14
186409,9
58781,14
29308,3
118754,0
208908,12
64787,19
178183,19
7634,0
16473,15
20432,15
212576,2
138425,3
60659,18
187650,6
55940,3
45144,15
186650,13
179011,15
153476,8
211798,8
134197,0
151835,15
88318,10
191622,1
75625,10
76020,19
120578,12
158464,0
35163,14
102789,9
41965,16
28204,17
54233,12
152301,13
174112,6
209406,12
17695,0
49883,3
139768,0
191680,0
88017,8
106819,9
49788,0
51058,15
82727,14
113729,5
105077,15
145215,9
192444,7
114142,0
154716,12
121972,0
94792,17
77582,3
150618,0
5261,17
67829,15
66570,17
180522,6
190538,9
64847,0
17984,9
132295,20
115207,17
179585,17
87313,8
213240,9
53549,0
42090,12
131785,12
155307,12
158331,15
10005,19
11107,18
177285,13
192853,0
174442,4
137021,0
136804,0
183669,12
112677,0
96250,12
77058,14
66241,12
6234,14
170325,9
186037,9
109504,3
5801,6
16208,14
126137,9
130771,15
78799,0
123119,12
104567,0
177520,0
101155,4
157163,15
211042,2
80034,12
187266,10
191040,9
205247,7
44124,3
9866,0
174559,12
29729,14
102597,17
42664,6
139301,0
203401,15
201481,0
130991,6
142062,15
33898,10
179763,12
18850,2
192136,12
39141,16
56430,0
40686,19
125685,0
33872,6
189420,6
171383,0
92042,11
156257,0
183653,15
137547,12
173585,0
166597,6
125758,12
143498,0
64939,14
113743,6
59244,19
91637,0
91963,0
111031,16
162674,6
12675,0
23296,3
148612,15
156087,15
188394,3
131653,3
80237,14
32235,10
194819,12
25278,9
136339,2
155321,12
213101,6
138253,16
16980,10
183001,16
214030,4
91239,9
8191,2
71270,10
42635,0
133421,2
152139,12
92652,12
79679,12
172138,0
68164,12
23149,13
166901,15
75068,17
172771,2
75905,12
98494,2
213783,8
107391,9
22168,16
216680,12
9754,16
68988,16
194607,12
106451,12
11855,3
131809,19
102898,12
86859,0
29936,10
74576,19
95771,13
106644,0
1810,4
63656,12
96983,19
123304,2
43174,4
210371,15
196470,4
109927,0
144686,0
54185,12
104876,6
34782,19
180921,3
24930,0
152514,2
161730,17
105512,10
43632,0
41229,19
75945,13
138180,0
187414,9
161863,3
165825,12
83162,17
163415,3
64770,17
116715,6
175999,15
214604,0
70644,12
127483,8
170250,15
204494,4
107749,7
63451,14
120867,17
194557,12
133882,12
7591,19
50525,10
95752,18
147408,9
140570,9
25130,0
172750,0
32651,0
22323,2
3864,3
148367,6
202968,12
199090,3
105395,0
157562,2
142657,15
6842,10
132340,0
179153,6
42746,17
86254,0
57671,12
211017,20
215656,16
172366,0
124534,15
124982,0
58986,18
210103,0
171351,12
70017,12
96611,15
75942,6
77763,12
43860,15
133644,4
8716,0
54808,19
53722,8
110328,12
97208,17
63302,14
167251,12
95480,14
194771,4
128313,15
83233,10
127543,3
193966,9
13156,12
48553,19
45773,14
150943,0
124118,0
79031,15
18960,19
70940,10
99872,0
199531,6
10,15
92897,14
12144,14
64976,16
144675,0
180699,15
73750,14
213018,9
77073,20
82026,15
50386,15
147636,17
87311,6
148218,4
76817,14
207470,12
134169,15
38349,19
40004,0
161564,0
121262,9
69770,13
39555,12
40491,10
131416,0
31933,14
167457,8
165336,0
172337,15
191700,2
159477,12
19584,14
153335,6
95867,17
174505,6
172663,0
83024,17
199848,8
56916,16
192921,15
175676,0
148521,12
163164,8
186555,9
73249,14
183619,6
174466,16
13893,13
71075,0
118292,20
81422,6
85329,2
36722,3
100837,12
171987,12
106699,12
124800,2
10749,17
97499,0
61239,15
36367,14
40398,0
135397,12
72563,14
26212,0
112178,0
172936,7
170676,5
50154,3
4032,17
209214,16
136451,0
150290,1
26103,10
43946,19
47975,17
98816,0
17754,8
179852,12
36792,17
1628,12
200814,9
55148,17
49963,17
72201,19
52273,17
121366,12
167865,3
78213,18
188142,0
127502,15
136174,0
36828,19
196896,15
186764,0
182664,12
92364,0
46532,6
144780,12
141425,0
200556,13
203533,15
72815,12
70254,2
214484,6
139863,12
156743,15
126907,0
189972,13
75372,14
176105,0
208624,15
95766,13
82795,14
23649,2
167505,0
89219,19
25861,14
107819,12
212955,19
126587,15
138570,12
90621,9
93780,15
129290,0
86356,12
261,17
13052,14
171011,19
146917,3
59881,0
208010,12
103243,10
9854,3
12916,12
157900,15
156540,8
84797,0
126026,3
195592,0
23492,8
197382,12
60895,17
24132,3
76464,14
212843,9
211716,3
23135,0
117157,15
39581,4
31916,8
138569,12
97055,6
172244,0
129646,8
101698,18
56170,14
77326,12
187294,15
88922,18
62654,3
76212,18
129327,6
54245,14
167799,15
72622,17
96765,10
24298,0
181532,12
32805,12
162812,12
105168,17
8862,0
32255,12
191121,9
78227,17
17276,10
185042,15
140307,8
146208,8
85250,10
198048,12
55057,10
120346,6
37038,0
71701,0
207376,15
135607,12
198832,9
33674,0
102135,15
132024,2
196376,12
173750,12
52492,0
130423,15
9061,3
176341,6
11143,18
110675,12
21722,8
36122,14
149205,18
140250,0
149660,0
137918,15
173820,0
159358,12
208323,12
157448,0
56488,2
83791,19
109964,2
42807,12
34880,14
27324,14
90049,0
29999,17
121717,0
180321,16
36534,10
40831,14
18108,2
187051,19
124140,0
22417,17
124099,12
46541,3
9301,15
21796,2
131411,0
105758,0
160900,12
208133,12
118932,0
158018,19
189262,9
192429,9
27799,9
83401,14
9243,17
179414,0
81141,12
152159,12
125274,12
97080,9
79668,10
69447,12
159817,0
182385,0
157248,9
28472,2
25299,14
163758,0
112473,3
65153,12
194149,6
173276,2
148930,2
53868,18
24782,8
74909,15
12830,18
216372,2
50911,15
133690,3
215976,2
24285,4
73596,18
197301,2
199198,13
192058,1
163794,9
58659,3
141338,15
116533,14
88088,17
118377,6
27829,14
197529,6
21378,0
206735,12
41124,0
88608,9
46012,5
159591,19
88679,9
100433,2
26395,15
56606,12
74919,14
173887,2
23025,8
103146,0
190343,12
143256,0
26994,12
103855,17
181857,11
107976,15
141206,18
47761,14
67484,19
55666,12
195020,20
38744,2
13519,14
179105,17
117487,12
138350,9
202894,15
125683,0
119189,12
171841,6
163170,0
75901,17
105461,0
190798,3
35005,3
47779,18
200061,6
213539,12
124010,7
50914,12
26585,19
12436,10
116528,3
49334,15
54288,17
197859,0
12053,3
57905,10
187369,9
17600,19
195986,3
177548,13
64610,14
82715,17
33709,2
94146,12
162299,4
103095,19
129395,0
42618,1
125093,7
106158,7
210605,13
55726,0
49150,3
208743,6
105683,9
211893,2
54397,17
92274,9
183830,12
36384,13
152463,8
214848,3
45854,19
96718,15
158866,6
147887,13
73187,10
78828,0
197209,15
45013,0
91989,10
46591,0
110518,15
67296,12
12429,12
135359,0
6516,0
114730,0
121723,0
103057,13
67011,0
160949,0
47637,2
44471,9
122101,0
4702,19
31934,14
207795,0
196594,12
176557,0
62824,14
92122,9
213156,16
38862,14
161819,12
180353,12
26691,14
78601,0
81613,2
121825,3
84184,10
128353,0
152618,9
78797,0
210223,6
15821,9
84642,18
110320,3
135345,0
170569,0
40685,14
147068,12
192419,2
160370,15
162251,18
70248,2
112117,15
175995,15
112489,8
2288,12
94720,10
41995,19
142599,12
111198,16
153815,0
191882,4
48599,17
154128,15
143470,0
192854,9
82551,10
190188,0
12714,10
54991,18
48871,14
133310,0
192593,13
170463,12
168293,12
124089,3
30215,17
197139,12
21708,0
34316,12
54187,12
11644,12
84753,2
17163,14
60634,13
27264,2
40951,0
52828,14
23582,3
213535,12
23163,10
45646,18
29700,14
18612,18
8755,10
129592,0
210459,15
95062,0
45987,17
129540,12
174411,8
97898,12
59964,14
64908,14
32464,12
175860,7
25188,14
172800,13
208635,19
43388,12
130813,7
57609,14
113032,6
64853,0
150196,6
80373,8
116138,0
71389,20
90068,9
13916,16
56840,14
58766,14
160585,15
85796,4
43785,0
144977,4
46535,4
76009,20
4742,17
67944,19
94528,3
101068,8
135960,0
188020,0
25849,14
27600,2
151361,0
62733,14
6043,8
142390,10
71077,10
135478,6
19622,19
65617,0
32906,7
78310,14
163140,13
67147,18
143545,15
192841,2
129189,0
42887,2
104815,13
143641,9
184064,15
145296,0
128168,1
48333,15
171362,15
73413,17
44173,10
9,15
211513,17
37251,2
147543,12
157653,0
6528,10
172730,15
164664,19
147352,11
72059,14
167719,0
86038,12
18357,12
135689,0
37530,18
167000,15
199868,12
22231,10
183649,6
33346,3
93519,2
48840,0
166678,12
9645,0
104237,20
17575,14
120488,0
6157,15
174231,0
1871,10
202589,15
210894,6
175118,0
105357,10
155850,9
8376,3
50373,14
34864,12
49540,0
81828,9
63089,10
165259,3
117238,12
205672,12
77556,0
39655,14
17070,4
150844,15
58830,2
168757,15
87182,9
14150,15
183029,1
2896,0
185153,0
182558,12
16263,19
138372,17
106230,12
165379,2
101224,0
90217,2
63731,2
88709,9
178673,12
40584,0
88477,0
22962,12
26584,14
82435,14
102764,0
49668,12
10557,2
5917,14
62635,0
107980,9
24313,7
180208,2
174141,18
175945,6
81103,0
17586,18
166049,0
44625,17
19751,12
109491,9
151444,15
62719,10
86330,15
209499,8
85061,0
125411,6
130136,15
39420,15
96817,13
5712,1
216693,13
84134,17
39510,0
173763,12
207728,12
183869,9
178992,12
135330,0
57295,0
33650,0
147301,6
174147,15
81455,3
29005,19
25080,4
84035,18
77937,18
212494,19
77004,14
35742,19
99875,0
137416,6
195718,13
7445,14
125841,0
92404,8
195756,0
102829,0
79660,12
32571,14
90990,13
171488,12
203274,19
148870,3
190640,0
139329,0
63299,14
76449,10
159147,15
4335,14
196033,12
60554,2
26561,19
143748,3
96269,12
136993,9
61155,17
101368,8
185745,13
85753,14
78195,14
99959,19
124758,12
78132,10
106697,12
50810,13
39817,19
164,19
177517,7
210022,6
121086,12
12584,15
169214,6
95801,2
45267,2
153429,0
24770,18
19424,10
193101,12
155146,15
8687,14
102447,14
25873,14
100999,6
88500,0
213147,18
118808,9
127303,2
198419,20
130184,3
49954,18
60841,19
93039,12
7138,10
128164,0
55010,16
34377,12
54466,0
132476,0
178339,4
37247,0
172733,14
184382,13
323,0
127019,2
34312,12
198863,2
7096,4
151492,0
75947,12
3632,14
73567,19
108325,15
205897,17
160644,5
192896,12
89096,15
60044,17
71029,14
47792,19
130709,0
48888,14
117532,17
70837,10
92556,9
115731,19
110522,6
36293,0
4689,14
2695,0
82755,0
167153,7
152581,5
127760,2
33095,10
135438,15
142393,12
173865,2
89564,9
166321,2
9598,16
127219,6
58266,10
187867,15
28982,9
97414,12
5257,17
165615,12
86632,12
57293,2
129781,0
122666,2
46329,14
28383,14
93003,0
57615,0
207738,8
50999,10
62023,17
51129,8
98088,0
3973,14
111877,15
28628,2
148750,12
54619,17
113813,13
89227,10
210123,6
133120,12
43375,0
126150,6
185511,0
211175,3
116164,9
184989,1
85180,2
35834,12
23083,14
35930,4
47633,15
142009,0
196994,15
84125,19
6059,4
521,5
125718,6
13985,17
137343,8
77986,0
82121,10
31897,6
141793,19
26448,17
107105,2
117063,0
205020,15
45319,6
76264,17
133928,15
20868,0
162889,0
66605,0
199767,6
132871,8
5308,18
785,14
65078,3
10766,17
30542,0
119298,2
179006,16
96259,16
161644,15
183077,15
116318,0
18320,0
69891,2
38464,14
17272,9
206618,15
92264,17
147159,0
134455,8
160414,7
33281,2
149911,12
93511,0
51869,6
136000,12
185521,9
213218,6
131008,16
104204,8
7858,2
92234,15
10603,0
155476,2
113938,0
139000,15
18593,14
74401,3
174078,13
149862,6
50035,0
132431,15
138349,9
97305,17
208181,2
35424,0
102859,0
215039,0
1285,12
208694,15
130033,0
32405,12
58117,14
191514,13
107324,6
68449,14
4661,17
192926,15
59387,3
197627,12
196363,15
67528,14
96653,0
126373,15
8499,14
212626,19
50920,0
46622,12
79648,0
103703,6
157201,15
64416,10
48406,10
114005,15
6539,10
204959,13
143080,0
178525,3
123396,9
19626,19
120477,0
50088,0
6884,10
84803,0
209379,0
13649,14
181427,12
58150,18
193334,1
15662,8
184255,3
169330,13
70026,12
68202,10
95778,1
169845,2
190624,15
141462,15
151237,0
65984,14
200994,0
5281,14
32599,10
72786,0
79862,0
192646,12
134222,6
83727,14
10263,17
215612,6
149361,0
121250,0
188110,15
50976,0
177429,0
145778,12
161067,0
57060,17
128538,15
22941,0
34889,18
115674,1
130469,0
208458,6
82982,15
15062,17
146536,12
190687,12
99202,14
23986,19
74718,10
21062,12
4977,17
32976,20
115433,3
130452,0
188511,12
133412,19
79484,14
45640,19
11880,2
15306,10
7899,4
5551,14
151678,12
215037,0
162526,9
23858,0
152971,16
103973,8
91217,0
51456,14
90213,6
54319,0
192028,13
14995,10
125375,14
19510,12
157462,6
13843,14
180240,6
123061,2
120405,7
31699,14
106943,16
136387,15
96592,19
216319,15
155526,12
6742,10
87799,12
142334,15
206544,15
23307,16
191528,15
9953,10
100322,0
173058,2
163495,6
192428,9
79552,16
117024,9
23560,0
32086,6
113808,15
139894,17
98068,12
3402,0
32816,19
156174,10
12237,0
116828,0
134090,0
178596,17
46263,14
420,14
98968,12
173210,2
127830,0
65548,16
110600,12
40908,17
45201,19
135396,9
162388,0
67950,19
30282,14
129190,0
154578,0
31154,8
121570,9
210750,0
188613,0
192885,12
168303,12
162021,12
161320,12
209364,9
19548,15
2569,15
192291,2
189745,0
99774,12
2720,0
50636,17
36976,15
115404,6
33361,9
189063,14
67855,14
209619,0
21604,6
7632,9
208359,3
95940,12
18127,10
137026,15
45576,10
34954,0
106614,0
160535,5
1166,19
100282,2
21991,6
6169,14
150518,3
15880,20
54222,15
144698,0
204790,12
142943,9
24115,17
157474,2
173411,0
113809,15
202462,15
186277,9
67517,16
104886,0
22592,14
69010,0
186082,12
143148,17
176448,0
159986,4
63801,9
181506,11
88392,9
213814,12
156024,9
106893,3
177010,4
141898,13
206620,15
187345,9
157695,14
41505,0
184056,6
130808,8
15154,12
7521,14
70459,14
74237,0
151521,0
59693,12
125507,2
93055,12
23254,14
106556,9
181909,0
175384,15
10983,14
141039,0
169983,6
4728,16
108794,18
71398,3
174429,3
82714,17
124696,18
67724,18
124731,0
128611,9
148859,6
11763,14
4634,12
39713,8
18123,10
49234,14
210220,6
38488,15
88841,0
194153,12
178707,15
86094,10
42483,9
92863,11
155609,2
142787,6
88649,9
18270,17
54499,6
189801,15
194262,12
36858,18
41100,17
24266,14
215271,2
2810,14
64371,0
134784,0
127888,9
205386,12
110887,19
4035,17
145406,9
85934,16
38537,0
66585,17
123174,2
210879,0
145955,0
29780,20
105803,20
39441,17
146546,9
171534,19
137346,20
204836,17
201551,13
114489,6
111748,0
130522,3
91199,15
208872,15
63563,2
120462,0
80385,11
63175,12
79050,16
214234,0
126995,0
198777,12
171182,17
10339,13
154935,15
50793,14
37057,12
135639,15
184802,12
193509,15
181125,15
70824,3
36051,19
25292,14
103728,12
4819,0
189086,12
208461,12
83165,14
94660,0
57235,10
97242,0
164816,8
199525,8
185497,3
168427,13
43183,3
213032,7
126331,15
28834,19
173898,2
62261,2
146156,12
140418,17
148873,5
59581,0
57319,9
124953,6
181851,12
186654,12
27064,19
135460,0
134762,12
186620,12
91657,9
71459,0
185205,18
44255,11
2744,4
68826,3
139878,12
109534,12
179595,15
193242,20
110769,8
73466,0
141276,2
64824,0
18080,9
152759,6
206744,15
147295,0
213934,13
33154,14
36979,14
207727,9
54449,2
215638,12
198938,2
15147,12
41403,10
31206,19
32300,0
39159,14
138788,0
53647,19
167790,15
104892,2
69091,12
143021,2
144525,1
146814,12
203286,15
116072,8
193872,0
68069,0
60904,3
20466,0
863,0
133330,0
175468,15
193979,6
88581,12
106933,12
44329,13
205791,18
207718,12
105002,15
142890,0
212299,15
139068,3
212556,0
86612,9
89908,9
1588,17
154313,0
19564,14
34063,14
126476,16
164903,12
36395,14
115654,6
29839,9
91024,0
47313,0
63828,17
54468,0
114735,0
52208,18
97020,0
102383,14
49064,12
190379,15
73114,12
125335,0
60232,14
43065,14
12616,2
184667,15
191902,16
14580,10
121600,12
121540,15
34070,14
121430,9
68463,19
183790,12
69111,12
152251,9
132509,2
161461,0
162292,4
116737,15
16296,17
14440,12
196273,12
116024,15
191313,3
37840,10
3196,10
75878,19
154839,0
46134,14
107535,15
181780,12
56412,0
109106,0
44484,14
118912,0
60906,3
176978,17
31034,19
91164,2
69186,19
84190,6
156347,0
142134,19
145018,15
95029,0
157991,12
189035,12
109888,12
151722,15
49837,0
52843,19
52033,13
51266,14
164434,12
100871,10
152059,15
17567,14
97482,0
183752,8
154410,0
99821,20
57757,10
59353,10
100789,2
100284,12
74079,9
187333,2
101431,9
191475,1
3082,14
44953,12
12085,12
81347,17
171250,9
3694,3
102417,0
26046,6
110724,14
114022,0
136864,12
91259,12
112567,9
97442,0
39928,14
43976,17
136579,12
110841,8
165980,0
585,13
76164,14
175475,0
166335,12
34627,17
170244,17
160913,16
5461,14
70847,3
22800,14
198326,12
163610,6
84341,12
210417,9
45590,14
140118,6
50023,10
9539,6
146636,9
186890,8
203405,15
101507,15
104340,0
132469,0
153563,0
213047,15
212564,6
56386,0
124205,0
105989,12
103413,0
4349,14
186190,9
160612,0
186060,9
212260,12
8332,18
134239,1
8891,6
46286,15
52020,14
154150,0
71442,2
58733,18
209049,12
175245,0
215724,12
115056,3
167095,15
189900,9
154579,0
16056,14
108979,9
147563,12
126908,0
150547,6
118943,0
130408,17
206059,8
37310,3
84080,12
206353,2
1817,9
171212,17
6111,14
137804,12
163425,12
79578,17
31032,19
135628,15
163916,17
55114,14
179684,15
86744,10
189592,12
121580,6
210116,9
198560,6
203528,6
33665,2
25802,4
113589,12
43401,10
130918,0
148151,2
37901,14
196113,12
92799,19
190877,16
107089,6
213697,14
86486,2
167908,15
202240,9
61000,19
63312,19
64146,2
136304,0
15524,3
55787,12
705,16
102277,9
28782,9
204037,6
99125,12
200554,12
103858,17
6389,10
78717,14
24344,9
88273,9
212315,2
88355,0
181096,12
1696,19
150460,15
173879,2
994,12
131079,9
82949,15
7927,10
159796,9
1296,14
35317,14
137543,9
173512,19
16944,12
119764,12
44870,19
77898,19
190717,0
166435,12
173229,12
155085,9
144061,0
94737,16
105711,0
121307,12
111269,3
77220,4
92918,0
171222,9
153185,12
213751,2
29196,10
18561,3
56822,8
202513,12
128730,8
139972,9
80591,12
50855,18
119748,2
59111,0
196832,15
19012,0
13203,17
83138,9
189675,13
187675,8
73191,17
142015,0
57946,12
76770,0
207968,3
93238,8
90645,15
161238,19
85969,0
135386,12
161840,0
23034,0
188929,15
13792,16
42581,12
6638,17
91418,17
24170,9
76419,10
23397,17
183506,6
38953,14
57505,12
8757,9
124098,12
162317,2
160645,0
175465,15
161294,6
91157,0
199158,3
129181,9
216574,6
121048,12
168151,0
45753,8
160769,9
208056,9
200040,0
76046,3
167192,12
71051,0
64860,8
70488,19
190204,8
86086,4
44556,14
15472,17
24736,14
43580,15
160456,15
211496,12
69930,0
73541,14
60775,12
97149,0
107071,13
64295,14
162399,6
190359,6
24361,14
145872,1
136890,15
141448,15
29927,10
122251,8
68902,14
180953,9
141246,14
191935,2
131789,9
80722,17
199564,16
38145,10
54044,17
57413,14
116982,4
60291,12
185801,9
189846,0
27548,18
161127,9
114609,0
166078,15
209847,7
32696,3
85605,3
69594,2
66834,17
28456,2
76139,15
37642,17
153023,0
61035,12
185100,12
152825,12
171726,0
182866,13
192199,12
64554,0
135243,9
160726,12
138946,12
41016,10
44385,17
208313,12
190210,9
7821,19
93886,0
145579,6
74864,0
49264,12
37671,3
116141,12
152733,19
16143,14
61584,14
35306,14
82091,12
54212,14
201978,8
154698,12
20115,19
176148,12
145230,9
71683,12
192521,2
74267,3
76641,14
161261,3
121160,0
165667,8
186195,9
165739,12
110683,12
110173,13
147429,12
115083,0
137078,6
33768,2
147208,12
7674,10
188045,9
91463,9
105751,18
69550,17
181687,11
139521,4
115092,9
169172,6
47968,10
45666,19
34292,0
54700,0
188765,0
107609,0
95287,15
40065,10
159680,8
122052,8
101633,6
14721,17
29268,16
87263,17
49844,10
128346,0
36493,4
136538,0
6023,2
68342,0
71620,10
57921,6
216098,3
135157,15
70388,17
57187,10
80594,19
210835,15
153748,13
19913,8
100305,16
87963,15
120918,0
210372,15
110287,10
172228,13
65557,18
127301,0
149682,0
181091,3
165151,12
58658,3
205438,0
186400,9
62260,2
68859,14
123490,0
34658,0
160832,2
72556,3
200982,9
34426,19
162719,9
155600,0
137861,0
92008,12
111537,9
66918,14
24386,14
162393,0
116471,12
18395,9
115595,2
150453,17
12991,19
41605,15
120888,13
52998,15
197005,8
32949,12
162467,8
156551,9
4889,14
109344,17
151349,0
210883,8
101233,8
209362,12
80727,2
64004,14
62945,14
203285,15
178120,0
171147,6
103664,14
89303,9
140392,12
79619,0
47101,20
10723,14
53000,14
77806,15
60548,0
124634,0
203689,12
185718,9
27630,0
30462,17
7649,0
20082,17
148736,16
148154,19
13080,17
57027,14
64841,0
78474,15
29343,14
196027,12
58105,15
114946,3
103121,13
140458,5
36989,15
93340,2
162151,12
204758,5
131618,0
196053,3
7603,17
213377,2
196472,6
24955,14
22398,14
48541,19
191355,6
20215,9
155449,17
54576,17
82025,17
170032,17
174000,12
66247,10
189572,9
116069,9
45265,0
200695,19
166254,12
9174,0
180223,0
40959,3
31310,14
206538,17
183075,15
173564,2
178709,15
3703,12
215389,6
25352,17
141137,15
163186,6
175670,2
188506,15
187464,9
69416,14
55357,17
97013,0
195508,12
46352,4
25921,20
8268,14
45959,10
148077,17
23136,0
175254,0
20297,14
147170,4
176111,2
188464,8
54938,10
117898,12
200038,0
167139,12
144470,0
158055,0
37028,3
153086,19
52528,14
58810,17
149419,12
74328,15
100130,12
64523,17
22118,14
209578,6
4795,17
29453,3
33664,2
28783,6
141579,9
160547,12
179474,19
40768,12
172506,3
159224,3
14405,10
97353,12
103505,18
114287,20
1921,14
123275,2
22079,0
65600,3
40483,2
74734,10
87231,12
62889,8
43593,17
2780,14
108310,8
159013,15
37395,14
41327,0
106576,18
183197,6
107459,0
135131,17
144299,0
66061,18
146629,12
208786,6
69147,10
169063,2
184546,8
56206,12
111683,17
163605,6
191718,12
184883,12
96087,0
126127,2
193916,12
11826,14
132964,3
104445,15
78088,13
159223,2
115423,12
75264,2
44694,0
208927,16
119223,15
11988,14
159428,6
74122,4
3945,14
136503,12
101746,7
7350,0
28375,4
130842,15
191321,1
94611,15
147116,0
138117,12
91993,10
36140,0
179521,0
20848,19
3355,2
88928,19
64615,14
76873,14
16953,12
9723,14
87023,17
29592,6
144078,0
55003,17
153456,0
133731,0
141072,12
78782,18
92401,8
164095,6
50147,3
103186,6
47013,6
154184,0
40705,19
103583,0
66035,7
157670,3
207357,0
97851,10
132712,0
7874,0
175745,12
3595,6
30672,19
143303,9
212266,12
23174,15
154221,2
173316,2
199171,0
49910,14
162329,12
61552,14
134429,0
27872,19
113524,0
47750,14
20368,14
199796,12
189185,6
144622,20
60309,14
117882,3
3238,15
4649,15
112342,0
32910,3
74562,19
45888,14
19440,17
189565,3
210127,6
90074,9
92056,17
104229,8
127490,15
65764,18
181958,6
171778,12
9655,0
174205,12
56365,0
208525,15
103542,6
14640,12
161855,15
195690,16
22660,6
201273,13
187865,16
191974,2
115940,0
142395,9
33842,3
180297,17
111980,4
37906,14
109544,9
82226,0
97170,6
90087,15
143341,0
103643,17
184753,3
13221,0
202528,15
48483,14
187361,8
190560,0
200256,6
151282,12
181947,6
105647,0
185695,19
156382,12
140953,0
63118,6
157094,15
122639,13
127175,15
59395,8
105472,6
64050,17
102107,15
18903,15
182562,12
73681,10
182226,15
24953,14
178238,18
45239,0
188044,9
86929,15
186269,9
126379,15
199367,12
82954,14
128821,1
44367,18
60656,19
8602,12
52586,3
92377,18
12256,10
101276,12
90821,10
55177,0
145659,6
57040,14
93814,12
214566,15
80482,17
64852,19
133712,9
191812,12
89395,19
50442,17
123195,2
174918,0
146576,8
43175,4
167362,15
67393,0
68445,17
16636,19
26904,17
94761,0
31086,2
72181,18
131414,0
5293,14
175734,15
62355,0
141406,15
51877,16
207888,17
205532,0
93908,0
51065,13
167449,12
18330,0
46734,14
118750,0
109741,15
194718,12
23630,19
162227,3
132878,7
29035,17
157273,12
137922,19
216195,2
76830,10
66153,14
170643,3
13172,19
68960,15
126388,1
99328,12
198724,9
99118,12
190862,9
3561,12
195569,2
28289,0
53635,14
60476,14
91909,0
156567,13
93430,15
47049,12
129806,0
35398,18
103170,8
47864,6
101701,8
6735,12
30804,19
104785,19
179600,8
48154,15
8359,15
74447,14
5649,14
20101,18
45706,0
79199,0
198533,0
102589,12
123399,8
18906,14
131559,6
71199,3
211916,3
138373,17
121480,15
9074,13
171291,2
36190,10
29996,17
94228,12
176540,2
193834,12
193295,6
34878,14
206043,3
158145,0
157909,15
164774,12
44020,3
69088,12
184628,4
87545,15
83677,3
173021,3
2878,4
101650,12
19453,14
216907,0
107790,2
199123,12
91976,8
24903,17
87224,14
156279,12
14920,19
191440,9
60485,14
70456,14
80725,3
182834,0
201046,9
56420,0
170961,0
20052,12
120922,0
128226,16
104083,3
133910,20
64991,17
16580,4
69007,0
49145,3
31158,8
67092,14
123757,20
150242,0
150628,10
31047,14
53587,12
140499,17
59941,14
44102,10
105440,15
31409,13
94040,9
167008,17
15089,3
169979,8
160782,12
195675,9
38249,9
204654,12
157272,12
27311,14
99292,2
201853,12
23898,0
880,10
54805,12
5573,14
81461,14
48458,14
7357,0
191255,4
14808,10
182450,16
88568,15
116177,17
67706,14
63233,2
205354,6
83371,9
138451,12
215699,2
51886,14
104950,17
153111,0
142653,15
130584,16
60872,17
79216,0
48781,12
107074,19
98761,9
201468,15
201800,12
83375,6
177288,10
152716,12
87539,17
159143,15
108826,12
207996,12
6006,17
188669,16
122852,2
124032,6
96744,3
91595,0
76228,19
35486,14
179115,7
158534,15
64791,18
144583,8
70701,10
131319,3
59301,14
79345,18
7940,10
19940,14
94346,9
42420,0
114456,2
95288,14
198420,19
129001,0
175766,0
138758,0
58346,16
83941,12
158637,15
14691,3
201361,12
105105,3
76316,6
198162,15
185355,9
206795,2
76855,15
42437,10
99051,16
61463,18
51445,17
47892,0
10704,17
196957,8
81495,14
74275,3
187191,9
1686,20
194266,12
182643,6
191641,6
134145,9
45139,15
110611,13
128614,6
57126,0
158474,2
210232,3
70384,12
43231,15
154487,0
173164,0
40494,7
130122,18
4626,14
103720,3
129013,0
43680,10
67470,12
84630,18
130544,13
159517,2
122444,12
58405,3
187739,17
12703,12
158772,6
20956,0
146054,17
45801,11
4090,0
140470,2
120618,8
94814,2
92862,12
111006,12
174533,6
64365,17
36565,8
122868,9
117599,0
60971,10
156239,0
211161,12
32586,15
126812,0
59212,14
160679,17
163049,16
159666,12
117970,13
59597,0
183243,15
134804,0
102092,14
88309,14
80088,14
171340,12
158256,9
21552,12
829,8
429,14
6623,12
121894,0
93742,8
178387,20
196161,2
91108,8
214684,15
51688,14
26941,19
66273,14
188878,6
71497,12
125816,0
21002,12
172286,6
146167,18
43252,11
168218,17
26776,0
14295,14
209063,15
76210,18
4553,17
152181,15
38579,8
191369,10
203504,12
39854,1
173583,0
198890,6
156302,18
113987,12
134347,5
140579,17
61688,17
118321,4
177070,16
170726,8
16578,12
15769,0
46348,17
21033,12
43525,14
175789,12
119560,15
193246,17
9955,10
216676,15
101832,0
160474,15
189082,6
15055,20
132530,12
42408,0
27357,17
95143,2
178142,0
10845,10
199705,12
62983,12
132858,10
168241,2
89915,8
77365,3
187305,12
143160,15
76211,18
138015,10
169863,2
84230,14
178930,0
132799,0
111419,15
55044,10
152261,8
139454,0
131187,15
41140,12
207117,0
124986,0
142101,2
105762,0
188834,9
161224,9
164732,8
16430,8
127913,15
63587,14
81703,6
8366,17
173853,2
96195,14
40269,0
116054,0
47097,20
122214,3
186755,12
142651,15
9634,17
85894,18
162923,4
113924,0
29264,17
65837,0
59016,3
136403,16
182274,17
192091,2
207056,12
14976,12
42592,19
96252,12
184389,15
6583,14
167412,8
29659,0
44731,8
174946,6
139771,0
99432,12
140624,0
34832,1
174483,0
39998,18
24872,19
85914,19
25562,10
125109,12
169737,0
50070,0
109149,3
24724,15
47763,14
124639,0
198537,0
73891,0
198124,12
70579,0
116165,9
198143,12
144771,2
130824,6
61952,17
29714,15
75610,14
143084,0
33195,12
121184,6
32016,17
177999,15
197764,13
114932,16
11614,0
165353,0
65590,17
106263,17
72741,19
184930,18
68525,6
189290,1
119317,12
94942,0
40372,10
89484,0
83533,12
77052,14
94962,3
211180,15
197118,6
125406,2
116150,12
178118,0
113897,15
52050,17
11811,19
110184,15
198029,6
30305,17
194737,17
136764,15
183320,12
95031,19
41735,10
97095,0
135678,0
79138,14
97968,0
115406,10
119791,0
142624,12
124518,12
90875,3
75391,15
88631,9
63132,14
55390,0
69810,12
70130,13
15534,3
168101,12
158652,0
72257,2
30012,0
98952,12
137820,12
128646,15
203580,16
53195,0
94005,0
150271,0
141066,8
152082,0
165715,0
20804,12
41020,10
55380,17
142049,6
96231,2
174819,15
98086,6
103131,0
109980,12
56490,2
188215,12
38877,18
53436,8
143762,12
28177,19
104365,6
595,14
159136,16
84550,17
100184,12
162795,12
56408,0
135090,12
151021,15
197851,12
18292,2
179341,4
131890,3
106011,15
168509,3
70202,2
180115,0
169278,12
206267,0
15981,9
211125,0
182730,0
161037,15
135699,12
74184,20
181098,12
141787,12
51330,14
144582,8
74149,14
211859,15
94071,12
183740,0
161860,12
150992,6
19149,15
76095,7
157552,0
26124,15
137386,0
71510,14
146792,6
68100,0
110698,8
70345,2
21712,0
95780,0
8176,17
58292,14
213590,0
50975,0
13217,0
171931,4
46037,12
198694,15
63405,2
45334,12
179979,18
50218,17
147478,0
123458,15
153326,0
8944,14
8793,14
99489,0
49863,10
98039,2
49496,8
18720,9
118724,19
92930,0
28242,2
191142,14
31973,18
202339,15
65650,14
173978,9
151504,3
44313,14
117806,8
105048,0
173091,6
105012,15
56964,0
136036,15
97993,0
18438,14
142968,15
116590,0
5749,4
168939,8
11198,0
195309,15
140929,0
178448,6
126398,0
132965,3
152549,0
88991,0
19841,14
121482,17
125587,0
65438,16
76890,19
215488,13
81333,12
181281,3
127412,12
28930,15
108215,7
152287,17
15631,3
214254,6
89944,9
124985,0
12248,0
7029,0
167075,6
62256,2
167418,6
32162,18
119745,2
132533,10
131753,6
95195,12
206256,15
47428,14
141903,12
159746,12
5444,12
189678,15
129533,2
215545,3
165103,0
13993,17
194966,2
94466,8
53401,1
93907,0
64544,0
5546,19
142152,15
57461,17
169923,16
153446,2
163478,0
69184,19
174409,12
8805,18
57948,19
213001,0
17521,14
171435,15
151391,12
30509,3
151777,2
43705,12
107078,14
106105,0
73500,12
202700,12
208166,15
62077,10
192920,15
92886,0
83151,16
142137,9
100128,6
140245,0
163622,12
186372,9
138587,18
34236,2
30450,19
176076,16
71265,17
88650,8
135983,0
170309,12
145173,6
151076,3
40698,13
71307,14
7278,19
199178,6
93717,12
161195,6
3462,10
113274,12
64374,0
173741,17
89887,0
39758,14
177771,6
70171,14
204058,20
27712,16
63853,16
74994,8
128683,0
67070,6
116178,17
57913,6
53347,9
28749,12
122065,12
134693,3
118874,12
107412,17
39469,3
28858,2
36997,20
39199,18
68273,19
168643,18
139152,15
178357,6
127431,2
144170,0
156731,0
100676,0
153046,1
139671,2
197288,19
135638,15
22113,10
39053,18
31211,19
81840,14
51543,17
35315,19
126618,6
176994,15
162176,15
63207,2
130252,15
98543,15
161657,8
25341,17
135798,12
30709,3
135650,0
195187,20
97997,0
41023,10
88413,9
107901,10
160254,17
18638,17
168406,12
117961,14
42107,10
80616,17
144176,0
146672,0
669,3
97837,0
46994,10
190397,12
179459,13
74185,12
167825,0
170911,12
209937,13
3594,0
136941,0
3900,10
82150,14
6311,15
24829,10
58331,19
120223,12
142948,9
200540,6
88374,9
4903,14
202501,12
96373,0
163397,6
82587,16
36628,0
53825,19
181797,15
155458,15
196592,17
198263,17
163673,12
204909,12
163382,0
180117,18
84821,12
199785,12
65563,14
208452,7
212243,4
111101,6
64902,14
178780,13
151375,2
200468,3
101695,17
25216,17
170551,12
131940,17
25353,17
55804,12
158765,8
202161,8
42619,0
64555,0
168971,0
182919,3
28186,19
135642,15
40379,12
170428,9
202216,6
140900,15
208946,2
144136,15
12807,15
141516,16
87341,15
97861,5
181928,9
32106,2
7437,17
120917,0
37649,17
62789,2
92017,0
79008,14
19351,3
177558,12
50417,18
163035,20
111986,0
205686,3
44476,14
203438,17
49144,2
155539,12
120804,0
81910,4
204795,12
139951,0
139012,12
201211,8
17778,14
114699,15
81754,10
22703,10
60677,14
73230,3
23969,12
77522,0
6872,10
112978,19
10566,2
3374,8
75789,0
42974,10
53053,17
94675,6
16799,15
17263,15
42871,17
1608,4
215710,8
37083,14
171926,2
40368,10
36987,14
22612,17
208587,15
58745,14
101715,12
200472,0
113608,17
215576,15
190371,7
192703,18
52180,14
198646,6
49927,10
99805,12
74805,17
121355,15
43941,19
6622,20
134939,5
4725,20
161731,17
31879,12
106992,6
84306,12
116379,3
127956,2
123925,6
90298,9
138755,8
72222,17
51752,15
169751,2
14872,9
59267,17
200162,6
166206,9
84514,6
5138,17
185462,15
175767,15
77018,15
30088,14
43701,14
98258,0
55064,8
192380,15
195788,4
18575,14
112197,0
22757,0
208971,6
110433,0
88981,0
187765,6
38194,10
176180,15
24499,19
180211,0
40590,0
71042,10
48847,14
183273,17
6316,19
123218,0
68612,0
73488,14
186530,12
127297,0
62721,10
82823,17
156126,6
183055,0
89883,2
174700,12
210665,0
11160,2
154225,0
52571,0
74461,7
119946,15
166115,6
204110,17
144547,12
91857,12
26125,15
77525,2
74103,0
39695,17
191740,2
111290,19
140003,12
129748,19
30005,2
118096,15
73224,2
40682,14
165132,18
16926,0
22596,14
127257,9
57020,9
51656,6
151894,0
130311,0
88006,10
21155,0
34065,14
119541,16
181421,3
20917,12
15444,19
208110,6
156960,12
176855,12
61770,3
3080,12
87681,0
15196,14
149084,0
7600,17
42308,18
191463,15
97792,12
134639,15
215345,17
204473,4
3709,0
150531,0
23302,14
23688,8
61974,2
125881,12
137141,18
69358,10
180077,15
4868,10
23264,19
1232,13
173578,6
113378,1
157281,8
215066,6
162591,6
123733,6
28818,15
194307,3
136252,8
79890,12
50536,4
174582,0
40139,14
2403,8
106987,2
151032,0
86228,6
117422,15
49877,8
47122,17
66809,6
141056,1
30944,2
195337,0
17231,3
50021,10
101851,8
17524,14
104582,6
121817,3
109447,15
192033,12
107577,15
87993,0
196075,8
19227,10
3145,17
183408,12
181277,4
159924,6
32107,2
185439,12
9173,16
104976,0
81190,11
192795,19
48176,18
4604,3
55583,19
42963,13
206234,8
198870,0
145402,12
188449,9
138264,15
39508,0
23545,14
133523,0
159461,12
204707,19
83936,12
106607,15
185061,0
27244,0
56228,15
146756,13
82861,2
191926,2
80283,0
131702,16
56122,8
111071,0
48620,2
61971,6
57130,0
98263,12
12960,19
23760,15
34672,12
185613,9
176671,6
147742,18
61848,0
4502,14
70636,0
57901,0
185629,9
29466,0
88038,14
51614,0
60530,17
14000,2
122781,17
114824,12
40095,14
75267,3
51836,0
88176,8
186204,8
138216,15
7708,18
187280,9
92095,19
173487,12
102736,12
63117,9
19755,14
102343,3
128075,12
164950,0
78293,14
55272,12
61995,16
197588,2
24031,0
38302,14
79904,10
60332,19
78922,10
2967,15
4833,12
44377,17
191170,9
171527,16
46968,0
108200,0
50897,17
54376,8
73876,0
170355,13
47772,17
15159,12
75847,16
114818,19
130922,0
114870,2
129998,15
96258,10
168908,9
19504,9
182485,1
213731,16
80203,17
105873,17
82930,3
76874,14
182429,12
198637,3
73192,17
189402,9
193127,0
2578,14
107113,0
143279,0
12424,9
150829,18
7856,1
111138,14
25768,18
164097,2
161834,17
161141,17
84260,15
159962,6
128339,12
122448,12
133414,3
7700,14
213571,10
188909,0
125221,6
58779,19
118734,12
187055,18
88967,0
38208,14
52834,14
36469,1
47476,15
194933,12
143438,15
149995,9
206869,0
96617,15
118741,2
152827,9
54188,12
129054,12
131249,13
213271,8
85755,14
169561,2
117044,0
51435,17
10927,0
138804,9
164642,12
97914,12
182697,15
120241,15
20951,3
182538,12
140172,12
82540,14
87436,17
83370,10
193318,17
2557,14
22197,9
139489,6
26307,17
22810,12
168349,0
152216,17
76016,19
74532,17
189220,16
132177,19
150170,0
139556,12
87076,2
210520,12
13966,17
33351,3
105028,19
132350,6
193686,16
101860,12
7844,0
211933,6
62412,6
132233,0
57186,13
47199,10
152725,6
95314,0
37381,10
167286,0
2871,8
200463,3
85047,19
96575,12
97192,12
8313,14
100174,12
62239,10
166909,0
190972,9
212110,3
14947,3
190761,12
147988,15
12891,13
205271,12
214247,6
192095,2
33335,2
209371,2
80507,3
197240,1
131424,5
97151,0
213134,12
64468,10
180597,1
90845,14
53813,17
26459,17
90515,9
50391,20
108787,17
15698,14
41891,17
109941,0
130268,15
92935,0
193657,6
156285,9
74751,10
24709,10
101416,0
87562,0
210522,12
198737,8
193368,12
129564,17
82825,18
42265,14
185187,9
91519,11
148799,0
68736,20
21444,12
207992,12
102370,12
160264,19
152998,0
150202,12
192638,0
168572,0
146404,0
30933,12
26905,16
185310,2
88512,0
135997,12
213141,17
107818,12
195631,2
34266,0
5820,14
70915,12
80739,0
105565,15
130072,3
45328,12
36256,17
35905,17
171639,0
189452,12
114457,2
215634,12
148283,12
68966,15
19811,14
45002,16
111549,19
75549,0
88246,13
135494,0
72776,3
141578,10
76960,0
76965,10
155986,2
139510,3
53575,10
139420,17
160355,15
115897,12
90193,0
108214,7
134906,0
58324,17
143209,8
117761,0
170572,0
145734,0
155311,15
42018,17
135514,12
61945,16
98337,19
87116,0
196065,6
26254,14
157047,5
211862,15
45912,0
192660,7
14426,4
1969,19
111212,0
7637,0
32660,0
4564,14
41373,0
57570,10
80095,0
135718,6
11274,14
72853,14
145789,6
14119,9
178531,0
209138,12
125494,3
208102,8
151279,3
9961,10
27052,14
162756,0
196175,2
156316,15
108773,15
5133,15
159054,2
61300,17
67194,9
129534,0
90882,9
116003,10
58151,18
4184,10
74026,12
216369,2
83318,15
142159,0
95769,13
185723,12
49978,19
117917,8
45594,14
192113,9
131960,12
159630,0
114507,12
129250,12
141927,0
157405,9
33146,12
99794,9
126512,0
31024,17
122216,2
17464,19
40653,9
203536,15
65338,0
141662,12
134706,2
86432,16
66056,12
72101,15
208663,17
171175,17
75852,14
134036,17
198868,0
187757,12
201413,3
79918,15
166092,6
90047,0
107317,15
189974,16
84169,11
126879,0
81519,14
104936,17
213807,12
70352,2
32053,0
30262,12
49158,0
208407,12
181620,12
138290,0
210670,3
159152,15
25011,19
163977,0
162477,0
207098,12
105900,12
70582,0
141882,12
15069,17
26721,18
9611,12
131948,15
68863,14
70379,14
175387,15
72292,0
131219,0
16406,12
191158,0
139700,6
195680,12
125222,0
50135,2
191008,0
154533,0
56705,15
139214,6
12268,12
30377,14
43872,14
63715,14
145535,0
21940,17
91999,15
1975,20
97761,2
916,20
198518,15
200963,12
174212,15
117272,0
198811,6
18229,19
46437,3
108075,10
44132,6
186217,9
185395,3
94304,0
61931,10
178202,15
36526,0
74578,20
148974,12
151333,6
81327,10
100558,12
56602,12
214645,12
154885,15
80401,10
99523,2
161306,12
45795,10
207308,6
56436,9
95679,2
155827,3
215040,0
71260,17
147461,16
174217,15
115826,15
49322,17
71802,17
3172,0
23045,2
92567,12
59014,3
149959,4
169805,12
109373,0
151340,0
183483,6
166679,15
124791,15
171229,7
151675,0
172340,15
129342,19
97265,8
43369,3
25142,0
144131,18
65365,0
34255,8
12280,4
98656,15
5345,17
52906,1
149259,0
38687,17
13844,14
198718,3
6413,14
109132,8
57385,0
192460,12
23539,15
46266,14
31399,0
18425,8
28577,17
212530,2
60653,14
168768,0
59300,0
92434,12
141316,2
60089,3
94776,8
31296,10
6502,3
98861,3
187392,12
200366,17
195586,2
156668,12
56912,16
72500,12
69061,0
113644,8
33532,19
189726,9
115799,15
19799,10
167680,17
192479,6
30869,12
138449,0
193262,3
4331,10
1021,14
176577,18
22031,17
32110,2
159701,7
68391,6
15270,17
4901,17
127434,0
169554,0
96230,2
113552,12
51567,17
72521,0
211682,0
122166,12
68474,0
73400,17
104620,0
19325,0
59777,17
85553,17
173396,2
101900,0
111100,3
88892,9
37165,17
21772,19
65690,14
134710,12
29232,12
173993,12
21102,19
195487,2
143347,0
66464,14
70412,3
93581,15
168320,19
132672,15
150104,2
157651,0
113361,16
53699,0
79086,16
165675,0
109864,3
151426,17
97546,1
144007,0
178524,4
137964,0
212159,19
37299,0
40479,14
169122,0
60025,19
100718,2
145991,12
98480,18
214073,15
130411,17
100350,6
206577,0
114386,0
16456,10
25228,3
191101,5
121848,12
151245,0
59658,17
199582,0
112418,12
11467,0
176936,3
62656,0
80053,8
130683,16
44289,10
124036,12
7343,3
167315,12
75174,14
14215,2
153016,6
166040,0
69736,2
69915,0
96711,12
189879,0
49384,2
11658,6
31339,14
214897,15
19222,12
9570,12
158019,18
21295,4
33456,2
52400,12
121251,0
196398,12
182656,12
10162,8
186147,15
98637,12
58010,17
19571,14
18586,17
28050,0
5362,17
80022,0
20744,17
77627,15
114793,12
142573,3
121310,12
111437,0
42639,0
147773,0
150306,9
132841,0
107562,15
64215,12
77791,9
31830,0
170874,9
62758,19
134128,12
121422,6
99349,2
101014,12
48308,17
36478,2
140211,0
88417,9
82273,8
171685,12
52872,17
60135,6
90719,12
24642,0
31149,6
92894,14
143715,0
67322,19
42075,12
21571,20
146162,17
163678,0
134143,9
200328,8
85695,12
25819,14
60852,17
55691,10
208439,3
102806,18
129513,6
98679,0
139883,12
166440,0
23131,0
19194,0
123759,13
20762,0
149614,12
52885,12
2579,14
192407,1
21701,0
70802,0
195236,0
179519,0
192153,2
153713,6
192512,2
12687,0
8930,14
147425,12
87347,18
194513,0
25869,14
97811,16
31148,4
197038,6
7613,17
144145,15
187696,8
114452,3
80123,14
112230,3
209254,7
4102,1
190450,2
31738,19
119988,0
39843,12
22508,12
214916,2
90596,17
3368,3
197720,16
203560,12
129107,0
101547,12
173926,12
139437,15
173311,2
180385,6
87715,0
55890,0
187291,15
87728,9
92049,9
63294,14
139475,0
75830,0
202905,15
81191,11
16952,12
72498,19
196263,2
158802,9
158115,12
141416,0
81249,16
95783,0
108315,11
27763,1
81528,14
63881,2
135364,5
113795,12
192839,3
78696,14
28511,12
34251,8
20608,17
27349,20
82901,6
162161,17
58388,0
88226,0
57583,12
61388,9
46719,14
11316,17
20869,0
200010,15
154676,5
66238,12
83872,0
59264,16
170069,0
216147,16
183081,13
28980,17
138502,0
31741,19
73120,13
143258,0
72221,17
2478,0
190192,0
127591,15
208580,12
118144,6
62518,18
208127,12
39999,14
83245,0
127246,12
22637,0
32512,15
129061,12
48884,14
142055,18
110237,0
191190,2
19608,19
176838,6
2311,10
41851,10
109912,15
57829,12
127140,10
200790,12
60744,14
167849,7
11095,14
183292,6
179927,6
158917,18
135724,3
126103,0
187083,2
131500,0
198534,0
167640,3
63957,14
140813,0
73155,7
79226,0
87574,0
74527,12
179098,0
62776,2
60870,17
87034,17
196936,0
135745,0
4611,1
14424,17
98176,0
64789,9
131952,15
9332,19
25774,18
189626,0
144991,6
26920,14
8838,2
44012,3
107972,15
58003,14
75443,19
168872,0
94498,3
64007,13
164944,15
25532,0
4338,10
104041,0
60399,20
20679,14
85710,4
214496,6
26889,8
112525,0
163899,9
32972,12
141528,0
21637,10
71694,0
111195,16
128205,18
89326,9
140043,20
94633,0
8169,20
102381,12
55672,12
187248,8
152233,2
23982,20
132631,4
150204,12
43323,14
37502,19
209361,10
196924,12
199662,2
120633,12
111582,0
91211,19
6041,8
144216,2
137079,0
129612,4
211510,15
6260,12
181592,9
148254,8
215221,12
54652,0
14553,2
100377,0
101942,10
147812,3
73815,17
84926,14
181983,12
101585,16
215729,12
36938,20
149110,2
85489,14
199417,17
7298,17
20300,14
115905,8
173734,15
183323,15
197874,15
165649,16
84850,12
204053,6
166615,12
154726,16
148565,18
82999,19
80982,10
126915,15
87587,2
39050,19
8132,14
142458,0
24392,0
72902,20
181946,6
125158,0
119206,19
100699,9
111394,6
89207,9
31201,18
44044,0
42267,14
171995,19
176108,0
170334,12
132032,12
52328,0
205949,9
63370,0
210091,2
202746,3
135103,6
160540,12
183878,6
50634,17
110853,4
6471,14
97524,12
51816,0
180390,15
132034,12
108305,11
54301,0
88721,9
162962,12
145757,3
201344,13
166453,8
195720,17
105967,10
89066,9
8619,9
2013,17
207525,15
202965,12
66838,20
129406,6
201364,17
105571,15
162212,8
86922,14
14692,19
36977,14
145189,2
162862,2
173857,2
152252,8
195761,0
131474,17
92884,17
38800,7
10212,9
95267,10
158387,0
123773,0
97176,12
214271,12
29455,3
178037,8
32000,14
199797,12
134216,0
60631,14
194634,12
131360,19
7597,19
123804,8
76600,0
104680,17
159204,6
112965,12
32693,3
51375,9
137284,0
63356,2
54651,0
16558,0
94575,9
42920,2
21928,16
80758,10
94227,12
174615,6
9338,18
95711,2
151276,4
135951,0
139912,6
126850,12
26032,0
80792,14
136165,0
32738,2
30947,0
50130,3
144724,2
60698,0
129893,15
175041,15
194744,15
48296,16
157322,6
13022,3
129809,0
114194,0
85307,17
6267,14
81350,18
124668,3
214123,1
194619,6
5364,17
12740,9
7868,3
136324,3
69924,0
117417,17
2397,12
73906,12
185359,9
79047,0
147599,2
151519,0
29462,14
94216,10
20033,0
212256,12
142181,0
21145,14
27495,14
82977,13
74372,17
59430,14
212365,12
84661,14
183176,6
117673,15
120213,9
179653,12
76356,0
77454,14
160984,12
200090,12
116983,17
90361,0
34820,17
162189,0
27798,10
97210,17
164043,0
44560,16
54150,13
96000,17
8315,17
1386,16
76404,14
3313,17
58303,14
68397,14
90903,12
37727,10
135137,19
23223,9
133770,12
35705,14
181971,13
156946,12
156612,0
181265,6
592,14
79382,0
178723,6
6805,18
208701,15
104714,12
84007,15
180477,2
192962,2
120441,13
192189,3
64525,0
82625,17
63191,17
80335,12
23843,17
50806,14
109525,12
182149,2
79591,0
57075,0
117731,8
202606,15
138691,12
32145,14
12678,0
110052,2
59468,14
212697,9
62884,4
142909,13
55743,0
214114,3
77599,6
126744,3
117698,0
180656,15
2800,14
187195,6
11515,15
173603,2
16318,1
35675,8
198049,12
16494,18
97440,0
215941,2
128266,6
5783,19
110251,0
142479,0
211107,15
77899,19
18624,19
79075,0
145839,0
161920,12
129762,15
17156,14
439,18
70838,10
178432,0
108184,0
203896,12
71373,19
209299,17
56905,10
67794,12
157000,9
131208,6
132917,6
91329,0
109578,17
163380,0
213504,0
31170,3
5136,17
174801,8
183941,0
63970,14
79040,12
190753,12
128214,16
68052,3
3273,14
26644,10
102959,4
158439,15
176938,3
206110,8
117007,15
173188,0
105448,12
73977,15
134743,12
120560,0
108119,15
158024,17
65510,12
169083,13
114747,0
211127,2
138796,17
79604,3
6084,14
138951,12
12225,0
102139,18
25784,14
50057,0
111359,0
90982,16
49900,14
121274,12
192311,9
149316,19
88740,9
119204,12
174798,10
65945,7
67163,17
52095,8
71496,12
90485,9
175572,12
62860,17
111363,0
119600,0
156314,15
33434,12
83035,12
58679,4
88992,0
62373,0
16821,14
166830,15
180767,8
50894,17
74092,17
140554,12
187039,9
141500,9
71420,18
104275,3
72461,4
129357,17
80358,19
166338,12
177355,6
94171,0
95230,10
145858,0
153273,15
8572,0
170628,16
90073,9
48221,2
213188,2
86046,12
84255,19
102641,9
35385,17
39753,14
215051,9
146520,0
65659,10
134414,12
50111,10
182566,20
202088,10
84880,5
165339,0
2646,17
79975,17
162516,10
55421,1
141384,0
121697,15
12496,14
116512,12
132153,12
78582,0
61697,19
140039,19
110467,14
116541,15
29242,20
2,17
117972,16
54797,14
176716,8
45541,17
63969,14
157126,2
211290,2
121546,15
197320,12
90727,17
69371,2
157009,2
106371,18
55364,15
104211,4
13118,2
112287,12
95551,6
33415,10
39096,0
100736,12
58322,14
179194,15
144200,2
103545,0
136702,0
72803,0
31749,14
210445,13
169298,8
9859,0
132627,3
13796,17
185463,15
47465,19
216395,0
201919,8
73165,10
102138,17
132001,18
46251,4
147784,0
50339,18
188372,13
118999,2
194857,3
184711,8
178078,12
70464,14
93184,15
8698,2
6906,3
42997,14
52963,3
154662,0
70918,12
53976,12
137779,12
48652,0
88676,20
68975,16
171977,12
203737,3
86937,15
9966,15
42290,14
185270,9
125127,20
49436,10
98124,12
139250,12
185514,8
54103,14
2020,17
1234,13
118967,2
11893,0
25087,15
150982,9
24982,14
115953,12
122931,0
155109,0
154705,9
145045,0
22057,17
47538,6
91087,12
120686,8
108356,0
98131,19
188625,19
207580,8
127207,0
188674,9
157229,0
202737,15
17879,14
92789,9
181844,12
110364,0
59172,14
7132,12
153590,6
25604,14
200000,20
38037,0
20480,10
210168,16
153418,0
71473,0
57014,8
102299,0
187483,12
135127,3
10886,14
96532,2
138013,12
128549,0
102721,3
35545,19
182083,4
106346,12
437,17
169666,17
180542,12
95542,1
87201,10
201436,15
209867,12
30107,19
184212,0
36386,14
52749,0
50681,6
58137,14
49557,0
194466,12
30529,0
211951,16
164053,0
134362,12
10990,19
68236,14
85939,17
210318,12
209737,0
163208,12
163254,8
91348,9
198539,0
34180,17
130480,0
98736,10
176958,8
148076,9
148887,8
34849,4
211957,13
39900,10
116082,12
6809,17
23801,17
47232,8
215274,1
166916,0
47102,12
16696,12
200704,12
110054,2
83531,12
194856,3
105557,16
89087,14
131630,0
68023,2
49902,14
214991,12
67972,9
99990,9
160258,16
90255,12
108970,9
145591,12
106678,2
53874,12
161942,12
14739,2
1013,15
114706,12
167905,12
35378,14
67218,2
25798,2
8118,14
63639,0
11595,0
199896,17
23743,12
158662,9
167634,6
115303,3
11411,14
61547,14
69541,14
54500,10
12166,18
173458,12
176193,0
197619,6
163496,6
137136,17
207756,15
103027,8
49827,0
133467,18
102891,2
30546,3
36978,14
89012,9
99571,2
99446,15
130545,12
156767,19
159413,0
190272,6
116634,2
51687,14
121543,12
126264,3
7399,12
193627,1
195961,0
192874,6
153532,0
127549,2
188286,9
70588,0
191065,15
74218,0
194261,12
72883,14
14096,12
182771,15
26282,0
127686,17
191595,20
142290,0
157575,5
199733,15
131064,2
146275,12
114236,20
23836,17
28881,0
99367,12
81539,19
128705,0
207665,2
10134,18
38022,6
180088,13
186807,8
85166,17
69956,9
56136,14
30392,12
127278,15
179769,15
33932,14
37786,17
7218,14
81660,0
182804,17
25224,18
174578,0
155678,0
110933,17
99298,2
57256,12
156186,17
105855,0
189573,9
105951,0
95644,12
105759,0
74876,12
202939,12
135348,0
117577,0
114929,12
62657,12
7348,20
73331,9
53290,8
206212,0
126638,6
192160,0
94497,7
193684,17
177115,0
50287,12
209866,12
80752,12
88523,8
193449,20
90078,9
203500,12
101609,0
93970,6
15308,10
92946,6
171724,0
207162,6
5914,15
88863,3
62534,19
47070,14
85401,15
117205,3
143952,0
80955,3
193490,12
110752,15
114246,10
125241,6
115232,0
180956,8
119435,0
75603,14
32120,2
113229,15
169703,15
52767,12
137310,3
21342,19
194322,1
117221,12
168598,2
68788,0
18445,14
204771,2
142286,0
196211,2
114989,0
213282,2
143806,14
195147,3
16214,14
102942,0
130349,0
63626,2
202173,12
60261,10
51280,14
78176,14
151723,15
154164,0
158538,15
64062,20
57145,17
30369,15
116188,19
8710,0
71177,14
31412,12
158920,17
140559,12
124912,8
5584,3
60708,0
120623,2
157129,3
145463,12
117484,10
194006,15
97593,12
126902,0
83052,2
58054,0
130703,0
114458,6
48263,14
188963,0
3609,10
122338,12
211913,2
135541,15
134621,12
205933,1
203054,12
148608,0
127811,12
15797,12
67659,12
28668,10
67170,18
74859,0
116569,0
173045,12
171960,6
190850,11
17914,19
90681,9
23362,9
82829,19
167434,6
111376,9
164039,9
100526,3
196333,6
183294,8
138288,0
50234,17
52519,6
216804,12
117976,16
106191,12
126086,0
55491,3
195646,12
24632,0
105097,0
115913,6
10833,8
155657,9
30692,17
29890,12
159020,12
26108,10
183156,0
165956,12
157676,12
115156,0
152255,12
111644,12
211595,3
107626,0
117441,0
75124,1
198658,15
96241,12
50657,14
11717,4
144858,2
146788,9
114072,3
189325,15
187229,9
32259,14
126563,9
193240,12
107165,4
9492,3
29923,10
13200,17
86380,15
216531,8
21953,2
146804,12
28065,2
198414,0
47185,0
9599,15
98990,2
90154,9
62344,17
174019,12
103012,0
19659,20
109581,19
158924,16
192056,1
146326,0
154983,6
132300,19
172211,17
75819,17
113965,12
22391,10
178513,17
127085,0
106325,15
211117,0
40240,2
147583,0
165451,0
29081,9
67348,18
80282,0
61929,10
138108,12
113834,8
68473,0
113885,18
191876,9
100420,0
35407,17
16523,17
92876,15
133196,0
180591,6
142766,17
209319,6
107933,12
26823,0
73199,19
100594,3
191146,13
213131,12
165372,9
171049,10
8339,19
183990,15
137957,0
30864,12
72096,14
176884,16
183248,15
75509,14
144534,2
43118,16
206037,0
105587,2
138090,6
26975,0
167628,8
8537,15
8306,14
11818,14
184757,3
94284,16
73150,8
156124,6
131851,0
93359,12
98654,13
145078,12
163059,12
137883,15
124070,9
127057,18
69317,2
27385,2
188335,9
148848,2
35267,12
168371,0
166861,12
210067,15
142856,6
80972,10
148392,17
65569,18
57937,15
204012,16
182702,12
157452,0
157884,2
83399,14
88175,12
136142,17
102036,2
5440,12
126927,12
110118,12
90860,2
49680,9
71309,14
148003,0
172760,0
191315,3
130518,2
127898,19
116067,12
9116,14
199441,4
126157,14
186483,9
71327,19
35644,12
184638,12
95519,9
94858,10
85789,0
111906,6
178571,13
46751,17
65288,14
115349,0
44001,9
111536,10
61011,9
10653,12
79122,17
11594,0
114061,5
207905,15
123330,2
10176,2
11837,17
6631,16
156780,15
58122,14
188973,6
77958,2
4046,17
29280,2
12799,14
49362,0
129638,10
94386,2
70554,15
198957,6
138287,0
59092,17
129167,17
39874,0
139982,3
171247,12
88243,15
216079,9
8097,10
73009,14
15832,15
661,0
109872,12
177015,0
46126,0
150619,0
63400,4
203615,15
3887,12
176488,5
130794,0
125601,0
169517,19
38248,10
176238,12
124940,9
42579,12
212163,17
49231,14
75075,17
15357,14
128500,12
54335,0
133593,15
88820,12
32676,0
137972,0
180377,8
143843,0
70367,13
98317,12
138160,0
63381,0
132557,16
85766,19
91971,0
35070,17
187138,9
12640,2
137465,15
71495,12
12351,10
137248,15
212134,12
130431,15
216235,6
205422,3
167176,0
100355,6
58847,0
34644,3
3302,20
140256,2
167461,12
119037,12
107430,13
45855,3
28141,14
14608,20
89895,0
1854,0
161239,8
62008,17
150406,0
74803,17
7508,0
15511,0
211966,12
201604,12
31491,20
110950,0
166930,6
79013,14
43783,0
180265,15
68247,14
29367,14
61417,17
22627,19
166860,6
62504,19
22887,15
134110,0
96703,9
125050,17
34086,14
78620,14
144042,15
196711,6
215429,15
70061,12
162828,19
152551,0
4852,14
170272,0
26009,0
7352,0
79362,0
102941,0
204087,15
206851,17
7266,19
211281,15
197225,15
179850,12
147981,12
43021,14
73711,15
164587,0
209324,3
139044,0
54990,18
28405,0
5018,19
97382,19
47909,10
137028,15
30916,18
26571,17
210962,0
117858,0
142072,0
9885,0
50158,3
37464,10
22062,12
123554,0
130690,9
106572,15
117184,0
133001,6
2923,10
194993,6
60340,0
85885,17
149923,0
137257,12
67152,15
98793,0
55360,15
35392,19
202658,12
120883,12
37820,3
183198,15
16942,12
94569,9
195526,9
106090,0
48024,3
28282,1
9718,14
39922,14
72094,14
9459,19
133838,0
215506,13
34027,12
43285,9
15042,18
136486,12
67162,17
43694,14
61856,14
81048,15
110897,0
202149,15
188382,15
197141,15
36964,10
110756,15
92972,9
20739,17
215639,12
114660,12
27999,4
118164,9
145464,12
176828,3
216394,6
80309,0
169952,0
204218,15
166776,15
212912,2
162528,8
95481,16
5558,17
74407,0
9727,14
167758,12
30139,1
71681,12
43416,14
20622,2
122696,2
161664,0
99308,2
175250,0
27477,6
86187,17
42299,17
191238,0
151795,8
170277,0
124238,19
170510,0
162203,9
128431,19
157309,16
120271,0
19096,12
183644,6
6239,0
45483,17
107196,0
180882,12
176110,1
192288,0
87682,0
84131,18
89197,0
165477,3
6150,14
38629,15
49459,12
139060,0
87042,14
127079,2
68563,14
104648,15
197246,5
137937,15
85050,2
1403,17
178296,19
27235,17
63645,4
21539,6
111610,6
164896,12
23796,17
167276,12
74570,18
132027,12
23204,12
6971,20
21169,3
48053,15
146639,9
31850,0
168750,13
7823,20
85508,19
186939,12
116131,3
83163,14
31866,12
97812,17
212404,13
3798,3
146436,12
25182,14
17475,16
76552,18
77037,12
197292,6
77159,0
58228,0
196946,12
53815,17
149674,0
26794,2
85685,12
44106,10
117130,12
201440,12
138347,12
92097,0
200335,6
109009,12
172773,2
82488,0
123006,6
117615,6
37673,3
118313,0
135381,0
66236,3
18715,3
143128,0
154212,6
205045,12
168656,15
40173,19
128962,9
150719,12
37142,14
6344,12
161334,9
216749,2
33565,15
96041,14
89239,12
119442,0
117440,0
94568,9
89582,15
136222,12
118546,12
212261,12
46878,10
84739,0
103685,19
154523,0
142099,0
9721,14
137479,12
72720,14
213806,12
102317,12
130492,3
199545,12
185058,3
98684,9
75980,16
187694,8
169544,0
146193,0
130323,0
39668,14
105611,0
27527,14
14886,19
184199,15
37320,3
129637,12
176917,0
41242,19
56848,14
155137,12
158877,3
56479,9
82165,19
198142,12
133804,16
153293,16
124790,15
171994,20
147973,18
31113,0
130010,17
97227,10
102077,13
214716,0
128913,8
92725,12
143801,15
34496,19
215635,12
81066,17
55445,0
1716,8
216254,3
621,12
161300,4
189021,9
93727,17
27754,2
44826,15
49215,14
49247,12
63425,16
72701,17
196826,17
45506,15
78015,3
144212,1
28285,0
32785,14
210242,15
7403,12
90627,9
13944,19
96527,2
173859,2
62876,14
102622,15
135134,17
93306,16
84253,19
76913,17
167685,15
172003,17
27389,2
147371,15
27488,10
115881,0
91260,10
90735,13
23834,14
162426,12
33082,2
65299,12
36425,19
54688,0
213689,6
168658,15
32717,2
52596,10
119734,2
129787,0
47429,14
116799,19
80096,16
192066,0
157776,13
35436,6
142349,0
156414,15
169324,15
38276,14
151107,9
88052,12
63509,4
147475,0
153221,0
69614,2
166365,3
63796,12
193017,9
73828,12
85926,17
40175,14
156225,0
172347,9
146380,12
681,15
100602,2
75910,4
117265,0
9620,20
153284,17
151610,0
78824,3
14118,9
16543,2
119566,15
157381,12
70115,19
132074,14
43096,19
102362,3
11304,17
57719,18
48090,0
137667,12
107560,14
208836,15
133660,12
178682,11
205625,1
195061,9
215390,9
181194,14
153603,6
44176,0
38406,6
207135,6
196767,2
164714,0
79597,2
27015,14
3671,17
79979,18
102205,2
104420,19
115625,15
103556,0
191855,6
206885,0
172440,17
210265,16
99760,2
82535,14
204506,12
167960,3
75228,19
61401,17
150848,6
56961,0
185912,16
170443,5
8620,15
197863,18
82495,0
145914,19
97223,14
63119,10
84578,14
22437,1
41718,0
212728,12
110727,17
198393,7
47194,0
320,0
205774,12
136914,0
23565,0
48926,17
47592,12
44183,0
178008,2
182557,12
101586,15
99086,12
8928,14
101434,13
143433,15
97886,12
125997,3
85296,19
199482,16
70220,2
74701,0
152111,6
51826,12
106781,0
108961,0
185305,3
104996,3
96783,2
157567,8
87624,12
208671,0
210987,6
158150,0
115004,0
216093,2
137428,0
182823,3
48259,14
146822,12
41119,12
110705,9
20409,0
122528,3
127391,19
164423,12
183964,19
125181,1
82306,16
127031,12
117867,0
63173,19
99866,0
41815,19
63202,2
94989,9
197546,12
60154,0
146701,6
191993,12
101756,0
35102,2
92872,9
184246,6
194575,17
115781,0
172796,8
83496,10
185806,9
169488,2
179359,11
104468,0
168013,15
96821,15
132883,12
80834,17
4326,10
116235,0
154791,0
122863,12
180248,4
139769,0
203477,2
141693,0
156717,0
181431,12
126885,2
117886,1
5819,14
136100,0
87216,15
59718,14
2125,14
168215,0
195133,0
56259,19
89872,1
20731,18
136675,6
19354,10
43683,9
207023,6
79795,14
92822,0
16868,17
58389,0
168863,2
63447,14
135771,17
191152,2
176566,6
36637,10
81338,12
124105,12
210726,12
36214,15
88924,18
187555,2
95484,14
197900,0
79413,12
187938,6
16485,14
205679,12
112282,0
108530,10
70142,12
64254,8
141379,1
189282,8
141590,19
148461,0
140265,0
72827,12
25747,17
189394,13
131995,0
123251,0
185884,12
151726,6
27054,19
142411,16
12410,6
65642,14
123643,0
80818,12
189387,12
80196,17
26293,19
16084,9
121221,17
201014,13
107170,12
93112,0
54568,14
202771,12
135463,0
182799,17
28562,12
110751,15
111820,12
44267,0
5808,10
192695,12
207356,16
39284,4
75767,17
177018,0
25269,10
24139,2
182044,5
142063,15
111411,12
143394,12
206734,12
137198,0
118200,15
161002,12
9806,18
7128,14
11803,19
8435,14
32351,20
148721,3
18648,12
9668,9
127974,6
22338,14
130506,3
195512,9
211367,9
157708,18
27028,14
79565,17
134800,0
165964,15
20485,10
198493,9
63746,0
78406,0
188591,9
116700,0
90879,9
169945,2
8484,14
29138,19
146090,17
176389,12
74773,3
189297,0
44764,14
189662,3
115979,0
56030,17
172123,12
148910,2
208770,17
52788,9
204533,17
70744,17
135093,12
158217,12
5237,16
66487,12
93663,0
175942,6
40783,5
136738,6
8431,14
180178,15
99724,2
54567,14
92265,9
178184,17
89591,9
64952,14
146909,6
67884,14
209375,2
105904,12
159116,9
136014,12
216577,6
70190,2
62222,0
213882,12
185878,9
125572,0
126589,15
170683,6
88889,9
170771,12
119473,3
153920,2
190347,9
12661,0
206319,13
38436,0
195937,2
128566,0
172229,15
89272,9
142930,4
152182,15
105047,0
122713,3
193025,9
103656,3
150884,3
14788,0
197178,6
68359,12
98011,8
54261,19
6949,19
56168,15
213830,17
149124,2
208028,15
179693,13
95164,19
28770,0
198075,9
208327,12
150289,2
171087,12
115418,15
23461,12
135557,0
162842,15
106594,15
115464,0
158281,12
130987,8
55903,17
57751,12
195669,8
187158,17
173661,12
128774,0
35780,0
119729,2
162306,4
56667,0
126019,2
73394,19
134702,3
2675,1
207420,0
138529,0
137793,9
120497,3
112823,17
79546,17
24259,17
103399,15
25759,16
25400,10
22826,12
100094,12
37703,12
169241,0
174842,0
83795,19
57794,14
72666,12
70639,0
102929,13
81018,6
108278,13
210102,0
31626,17
11839,17
129759,17
212499,0
108489,2
188933,12
124496,0
213283,0
176463,6
53655,17
61383,3
38843,9
82034,2
127878,13
52320,0
123973,17
154155,0
44755,14
205846,12
169072,8
198888,6
191524,13
53176,0
194001,19
143253,0
40213,17
175752,1
122023,9
169916,17
99946,12
202183,15
180952,9
51488,14
148886,9
160306,6
198507,18
105581,2
130292,0
44494,15
174488,0
37163,19
73938,0
183681,18
45567,12
72026,0
197306,9
133906,15
173353,9
63548,8
162814,12
197811,0
209668,15
196689,0
207169,12
209471,17
19224,12
41125,0
198568,4
162139,12
177893,15
110331,12
209384,8
28411,17
77316,14
87687,0
144090,2
64277,10
41784,8
158779,5
41853,10
20252,14
97956,15
71853,0
98507,0
129294,0
201582,6
49823,0
119057,0
32825,12
4030,17
39870,0
105444,19
113035,6
29677,10
198354,6
40848,14
162261,16
212596,12
52272,17
87124,0
164232,17
41426,15
147434,12
132197,15
2994,0
170362,9
14407,10
113464,15
120035,6
64283,10
126017,19
192335,12
169385,2
159484,9
193163,8
81432,9
85547,16
73592,18
49544,0
120189,6
70098,17
87616,15
166669,12
95253,10
161468,0
46293,14
30600,6
186238,12
26119,14
167318,12
37695,0
59006,0
68188,12
162707,12
155554,6
165802,8
156033,6
214523,12
107090,8
67991,17
64360,17
109925,0
44133,6
60063,17
150499,0
35461,16
80410,15
174556,12
90246,17
26680,12
52627,17
172636,18
100232,0
209655,12
146831,12
22653,0
90512,19
66573,17
193887,8
214939,3
13443,9
73198,18
66953,18
51744,14
20268,14
166347,15
87443,10
95532,0
2307,10
174468,19
129585,0
148805,0
165474,6
13359,19
44136,6
214555,15
58980,19
127196,0
10187,0
94411,12
24555,18
27265,2
95775,6
39844,12
24957,17
128701,2
59761,19
1801,0
205787,15
7320,17
72501,17
83036,12
16525,17
163078,0
212005,18
118406,12
199278,6
20753,0
45273,3
120001,0
179735,5
195437,9
181507,8
66633,0
120412,9
168469,0
57868,17
134227,18
20716,15
55170,2
144059,0
154316,0
132479,0
152519,17
57705,14
83457,8
126293,0
23036,0
26503,10
167281,4
113749,3
41587,13
175438,12
78772,17
19736,6
187594,9
77901,19
186002,13
29994,17
75712,9
28573,14
85274,14
127419,17
202970,12
204838,17
187474,8
71799,17
119970,12
99337,0
212868,12
202753,3
27584,17
157945,3
91589,0
25479,20
113494,0
125655,8
132247,6
7610,18
53365,14
147195,13
216467,12
212446,6
57758,9
179369,12
165643,0
156624,0
133793,15
181812,0
166193,0
6139,10
74840,17
23784,14
85730,8
164401,8
82704,19
96511,8
1525,12
122096,3
210747,0
85492,14
112146,2
51062,15
97466,0
206849,18
113983,9
127150,6
164365,2
109729,19
84922,14
157014,0
127240,1
153659,0
41544,10
65055,13
138910,0
197192,8
198806,6
73638,0
11122,18
82242,4
130510,1
154220,6
74635,12
21785,17
9046,10
161669,0
166563,6
3689,12
189547,12
154486,0
194987,8
112094,12
170027,9
165287,12
130121,19
50256,0
67881,14
133521,0
84381,14
99594,2
155057,0
68185,8
23946,9
77617,15
20610,17
155683,0
197468,9
62464,14
35433,1
205670,12
213232,13
201735,12
86132,14
131469,6
208835,15
210173,15
1051,12
123226,0
1669,14
118034,3
169709,12
159888,15
107512,9
134503,6
191119,9
37,19
182848,9
35067,18
58094,10
51949,12
37557,12
43490,0
154535,0
143120,0
208370,0
52618,14
101107,16
45802,10
63544,12
135540,15
15533,2
133030,16
187578,9
29240,12
216559,0
838,17
40249,8
11492,8
134112,0
77547,0
97143,0
188103,15
3677,17
10214,9
89202,9
89626,4
101565,9
70329,2
18325,0
94343,9
116832,6
128966,6
162541,18
18969,20
146816,12
96646,0
9999,20
7902,10
98896,15
72880,15
36737,0
96072,2
201594,15
75187,14
147732,12
77329,19
100861,19
15623,10
133137,9
193729,8
208583,12
29951,14
115034,3
169025,2
40121,14
78209,19
120944,0
1949,14
175646,8
84968,8
46649,17
139864,12
66118,10
177326,0
201672,15
206411,12
192553,3
46267,14
39120,12
7687,14
123767,0
68941,17
210122,8
133567,9
39840,17
32392,0
9078,10
172620,12
46581,17
76678,14
118990,2
56127,9
165439,13
81838,14
52756,10
102873,6
179887,15
172479,0
101876,16
50834,17
213344,17
142060,15
77434,14
65658,10
162936,12
33774,16
188664,15
214815,0
93522,8
86422,17
206137,8
191053,15
130679,17
195343,0
210903,6
201664,12
190991,12
54881,20
95861,19
184362,12
109264,12
92316,6
41790,10
48874,14
77600,6
70118,19
76156,14
182781,12
124160,15
50632,17
154042,0
84281,16
27642,12
51900,19
203919,0
79833,19
22883,19
20563,15
158107,12
50374,19
33280,2
193643,8
566,0
95207,0
143421,6
11783,14
58451,16
71359,14
34979,10
169431,15
43181,3
27769,0
25537,0
84541,14
180752,9
16893,2
207360,12
64014,14
63460,18
101101,18
15485,17
184281,12
151565,15
129538,12
11789,14
112410,13
8803,18
115402,6
185039,0
142231,17
203213,12
53784,14
7917,12
62230,8
185292,16
17972,2
89150,9
199939,0
182873,15
8289,14
95412,2
46249,10
101954,12
26974,0
103410,0
29928,10
215950,2
143339,0
125505,2
113583,10
31611,14
41907,0
107761,12
16414,12
146595,0
134217,0
47129,17
115698,0
105404,0
140731,8
112893,0
172223,13
181155,2
160229,12
182054,12
180158,12
15026,15
32072,2
56896,19
4950,0
146921,6
43903,14
146033,0
106650,0
15495,12
176759,5
143272,3
213439,12
213879,12
14037,0
204131,2
15794,9
79,2
165016,3
214707,6
41271,14
130982,6
82805,12
128949,9
53701,0
105331,15
158334,15
196803,12
206416,19
216057,2
161478,8
31505,17
58038,17
60949,0
144332,2
108329,15
20932,19
11794,17
8361,16
20241,14
209625,6
22684,19
204643,15
111082,0
191017,2
138163,0
127700,15
20706,13
102671,0
22065,3
207078,15
95460,12
143360,1
40156,15
97449,0
100900,0
50857,18
84875,6
20094,17
212537,2
95211,14
157768,2
88561,12
80268,3
50463,0
42069,8
203031,15
23495,10
101409,17
23546,17
191886,6
7814,19
196384,1
45171,19
133199,2
206903,12
190002,6
168894,16
167458,8
87400,12
137087,6
47004,3
211992,2
121719,0
200834,3
85660,0
132111,3
15415,19
17872,14
166340,12
146485,0
215111,15
114419,6
32794,12
132474,0
195300,16
177539,6
17780,14
179651,12
26023,0
181163,11
44309,14
187307,13
87285,3
213382,0
101784,6
42573,14
154613,12
215318,3
36510,0
102474,19
61130,19
118691,2
154345,0
117826,15
155974,16
120236,15
194693,6
198979,6
35295,14
110057,8
17039,19
40776,10
24503,19
104381,12
139401,15
12313,14
30697,12
16873,17
62907,17
35108,0
114837,3
9462,19
139611,0
79837,17
210138,15
190585,6
156858,12
11682,14
92836,9
68787,19
214344,6
5063,0
5582,8
39367,14
33392,2
148613,1
131593,12
189215,12
173846,2
151563,19
12718,14
158155,0
99177,8
113843,6
86263,12
177201,8
94162,15
188392,3
159326,3
183885,6
102513,0
212553,0
102826,15
175672,1
885,14
126617,6
196318,3
25524,0
198574,13
143502,2
163477,0
126094,0
203803,13
5521,14
122365,17
128950,12
76384,12
182567,18
118731,15
139817,0
119671,2
198594,19
189590,12
37800,2
94240,12
136874,12
210026,4
102564,13
160234,9
207852,12
135965,0
78350,16
178263,6
178080,11
162506,3
7236,14
1169,12
214060,8
113031,3
87532,17
176536,8
145122,15
126209,0
158038,15
14911,20
202396,15
105238,6
210632,15
62332,15
46486,0
93752,3
157433,0
138745,15
22177,12
176147,12
152387,12
15222,12
84503,12
112303,15
48379,17
158625,15
193099,12
62932,17
114141,17
208278,2
187786,0
34795,0
196329,0
119445,0
167504,0
212070,12
73653,14
195806,2
14583,9
22683,14
124539,15
161497,12
127846,0
2356,19
128270,6
83518,15
168839,15
45341,14
173757,12
84838,10
156862,8
119193,5
153573,12
191082,0
56997,10
11117,19
16554,0
207507,15
188357,18
48776,14
6193,19
79461,15
145491,19
207077,15
143099,0
163522,12
104405,9
151235,0
88412,9
69709,10
18953,14
204425,3
41279,14
145803,19
27921,0
190365,9
80060,10
79167,19
11743,14
143373,6
73794,17
86540,10
89224,10
180899,16
188823,6
100867,19
141430,2
105347,0
152763,0
42345,17
94739,15
66108,0
72275,3
213243,12
42,18
192202,12
40850,14
148184,19
15827,15
179374,17
157156,14
174711,12
157543,0
161307,15
155855,15
156032,6
22464,15
128013,12
192781,12
152014,0
160848,2
207130,0
197636,13
204417,15
96062,2
33648,0
199768,6
152313,0
67834,14
51480,14
108595,1
10728,15
181616,12
37529,12
152478,6
18199,14
47026,14
57433,0
181984,15
120064,2
150145,0
79417,6
162346,12
194934,12
161851,15
88100,3
192622,2
59171,14
55258,3
162581,2
174324,9
105364,6
96472,14
47388,0
136748,20
149049,2
129144,14
35208,17
61338,0
6175,17
46908,12
486,16
105778,6
150127,12
146122,8
66601,0
106603,15
174320,6
187418,17
188960,0
148981,12
164663,0
109229,12
179281,15
103607,9
31222,17
189340,15
117696,9
82058,0
214117,3
73944,3
178605,15
46272,14
20637,0
4054,2
85903,19
125914,12
106312,3
57179,0
146795,6
59396,8
3445,13
4067,3
151236,0
170927,15
100589,0
26303,17
170822,5
137527,0
126255,19
20243,14
46491,11
115515,9
143690,16
27134,0
185559,15
141667,12
134733,9
35666,14
11518,15
133736,0
49747,19
4383,17
139650,4
30488,12
56939,0
256,14
92651,12
56133,14
172150,3
111450,2
41073,10
130078,2
33259,17
172151,3
76759,9
81241,17
175024,6
54339,0
126971,0
51862,2
128035,0
146611,6
5916,14
193450,20
216612,12
122042,4
60371,8
23622,9
96534,2
24184,17
131613,0
184049,6
121914,6
10997,18
164314,12
101522,0
211643,17
61900,10
210733,15
77420,14
62806,17
115715,12
32366,17
112937,0
61886,14
37343,12
132520,12
176316,17
97527,14
74594,18
56057,2
31538,0
162386,0
209896,3
71472,0
25676,0
193493,12
85790,0
32390,0
202947,12
123641,0
136963,3
31480,19
61489,14
161405,0
207652,15
214308,17
137550,12
16537,3
171284,15
106746,10
3724,3
195540,18
18175,14
104285,2
134206,0
138909,0
162196,0
7631,8
155010,15
48864,12
86388,18
10279,2
195227,0
1305,14
214966,8
169687,12
120031,0
213969,8
131164,0
102185,16
79720,10
204046,3
129029,0
39884,10
109663,0
159718,0
11762,14
41475,17
110661,2
160593,12
93864,17
109152,15
42561,17
75949,12
14957,0
47797,19
174629,9
16521,17
151516,0
147381,0
30721,0
11459,0
203926,15
33129,4
135094,12
28296,12
191898,3
36921,10
44677,0
188769,9
80669,15
151838,14
200284,17
70947,0
149131,2
95417,2
16039,14
34093,14
139359,2
162848,0
203491,0
15180,14
111616,6
18217,0
143192,0
132608,7
106013,9
97454,0
208556,2
134881,17
11969,15
163889,12
56917,16
137409,8
198915,19
147972,20
26546,14
141308,0
89103,9
56694,14
119742,2
81343,17
68234,14
18622,19
12336,2
176777,14
84378,15
159414,0
67596,10
69278,15
189462,0
153142,2
71089,3
216289,12
71508,14
118526,0
10189,12
41794,14
101309,17
35169,15
166215,12
189319,9
91990,12
18788,14
108357,2
175101,0
8931,10
187129,9
22300,15
77377,0
100697,0
6014,18
45340,12
207596,13
85255,14
108697,19
57135,1
35623,0
53392,14
135307,15
59428,14
195025,16
68810,12
173863,2
180005,0
180821,2
48886,14
16916,0
47500,0
77591,4
162238,12
136042,15
107633,0
2029,2
197995,3
85776,0
139327,0
137647,2
144118,6
210481,3
30284,19
82788,14
191893,12
180983,12
21519,12
143923,13
109944,0
194714,10
187085,0
205367,12
43886,16
25124,14
2355,19
17139,14
208891,6
52725,0
181701,11
82541,14
165561,0
190,8
157615,17
25370,3
50635,17
12785,17
50844,19
207712,0
167340,15
212755,15
183662,15
162701,12
25118,18
98844,8
39766,10
76787,0
146075,12
126451,9
148009,0
192643,0
151401,12
189526,3
27624,0
26294,19
91056,0
66706,12
122051,9
28579,18
205806,15
209167,8
87516,12
184842,0
84660,19
190996,12
207449,4
83875,3
135539,15
47353,12
154497,17
68879,14
78991,0
213586,0
177542,12
208035,15
177486,12
84373,14
5337,17
131733,0
124936,9
63247,10
208285,12
14710,15
199065,15
22606,19
139713,6
180085,13
160708,0
127293,0
115309,9
129663,15
63326,17
103245,12
131592,12
128084,12
208969,6
135236,2
138789,0
183255,4
63962,14
144773,2
133268,15
139612,0
81944,14
123232,0
201590,13
44860,19
46043,12
150589,0
121971,0
92575,17
27215,12
194142,0
60965,10
88626,0
67356,10
62579,0
143027,3
116551,12
4559,14
78643,10
54614,17
182179,12
1238,15
8009,15
53919,0
85743,17
208414,15
138189,6
21675,14
34809,10
179793,15
31569,10
117574,0
85356,0
146465,17
65836,0
18963,19
28187,14
185175,4
144870,12
121360,15
59436,19
61885,14
188058,12
174856,2
23714,19
166322,3
176003,0
87607,14
125689,0
163479,0
112046,0
53194,0
124653,6
37389,14
828,10
122266,0
48695,4
186455,0
17003,15
161214,12
53006,14
146083,17
171400,6
74316,14
181789,19
161204,2
90349,16
7974,14
186626,9
132401,12
143158,13
146392,0
133573,12
232,17
139355,2
95710,2
35939,0
176763,8
199148,15
104160,8
145079,12
105495,12
129987,9
46359,19
103137,1
183404,12
66676,4
51122,12
165128,6
85169,17
121082,0
145490,19
110686,13
24476,14
81439,6
123758,9
139721,19
122433,0
2926,10
203619,0
33997,7
59536,17
47893,0
179762,12
131766,1
4088,0
95617,9
28616,12
59654,17
31938,12
118401,15
69299,17
147203,12
211828,12
168319,8
106076,16
153502,15
54516,14
199912,12
190353,2
3435,12
206290,6
94282,16
138729,18
148406,15
102042,0
146791,6
179956,12
11932,14
106150,6
92150,11
7242,13
203510,9
110461,2
183340,17
58883,12
148920,2
36919,17
157327,0
59124,0
46162,16
151288,12
138348,9
197716,15
135033,0
25944,17
168692,0
191824,2
147664,0
214712,0
14569,3
127899,19
187639,15
216867,12
149864,6
77425,14
186751,13
194606,6
183147,4
38416,14
152383,13
168185,12
199603,6
39594,10
99011,12
149460,0
216578,4
34425,19
205037,13
144032,9
64558,0
209757,0
112991,15
109670,0
210321,12
74526,12
58895,14
69118,10
82747,0
136422,0
79045,17
66432,14
35632,0
17540,14
41433,14
104800,12
29964,17
126012,3
40667,14
90317,12
6214,14
126289,0
204859,2
169199,15
155596,0
95926,2
46817,0
37254,3
36974,15
198086,3
47810,17
137120,9
10516,17
127394,3
205748,9
126855,10
55259,14
124955,19
130805,0
195856,9
210501,8
203568,17
212367,12
79744,20
166724,12
142059,15
39218,1
98659,17
3888,12
98491,10
32333,14
100176,12
143259,0
37828,12
18406,8
144551,12
9089,9
95978,9
8520,9
70255,2
113932,0
28619,2
78370,0
53671,1
214531,12
163469,0
155119,3
32514,18
41759,12
51917,12
176275,17
132748,12
99171,17
182460,16
136202,0
118171,15
89563,9
90007,12
187687,8
101066,6
5313,19
212121,2
48001,19
163168,2
194830,17
183898,12
182925,3
144913,15
77906,9
40157,19
141672,15
107139,6
18834,0
191356,6
198209,3
18455,12
44228,15
194570,18
85413,0
148170,11
79622,0
113733,6
112797,3
7234,14
118408,12
141259,0
154381,3
197303,3
6061,0
2261,1
39963,18
208545,9
150197,6
196482,12
117210,3
194940,17
46922,12
161103,3
65704,14
48528,14
72845,15
203435,18
141982,12
15011,17
173264,12
7671,10
178382,15
195454,0
15076,18
181791,17
167064,2
116070,9
203203,9
108992,13
72659,0
192279,2
188181,9
213841,15
98784,16
79381,0
65240,17
196773,0
139203,4
207942,0
198129,12
84652,20
119072,2
191563,6
159774,0
3906,10
159865,9
78378,0
103217,0
192616,13
185934,0
38191,12
4609,2
20109,14
87976,17
181642,15
185900,15
205815,12
129042,19
33325,0
148371,8
141883,17
17892,12
14398,14
84116,12
41919,0
115132,15
170533,15
55877,0
91189,12
165836,15
169070,12
149739,15
181572,0
53830,19
206467,0
121569,0
166964,0
77771,13
129526,2
201418,9
116877,17
206373,8
30347,12
176198,0
26337,3
144478,0
179745,3
161680,6
159965,6
92579,6
181624,12
201885,16
52411,10
191035,2
43548,14
152408,18
171620,14
123865,6
93478,17
55595,17
53846,17
118872,9
29050,17
147342,12
74873,3
57199,14
61519,0
123457,15
132697,0
132936,0
142133,19
62841,19
120246,12
40978,0
156255,0
180722,3
23999,17
48192,17
26393,6
209377,4
141692,0
50840,19
52959,3
186897,9
157998,12
215253,15
151582,15
130527,15
174923,0
127538,5
198455,12
200976,13
139473,0
130588,2
94806,0
69943,3
153715,4
51991,0
142581,0
152489,12
144228,8
1927,14
166354,20
130569,15
35416,3
43650,10
147235,16
17916,2
60790,12
119628,8
48925,17
193717,6
200803,3
111665,10
196479,12
119840,18
21990,14
30752,12
215324,12
195198,15
145861,4
216217,0
166424,12
40938,12
140117,8
103937,12
182428,12
23465,12
12437,10
208167,15
56946,2
7308,17
127960,6
209483,0
154522,0
107709,15
114407,0
25295,14
13006,0
75243,17
101612,0
37740,14
205128,12
29451,2
137561,7
170131,9
184806,15
12936,15
11808,19
5394,8
63088,10
95654,15
161614,15
57953,19
113590,15
86154,17
94323,0
123157,12
187093,0
50930,2
159583,12
211880,0
177058,12
146752,15
108570,15
28816,16
123530,3
131201,15
24558,14
62920,10
68224,14
105968,10
109361,9
46116,0
211484,12
99530,2
67540,0
215347,15
185605,8
97211,17
212098,0
46569,13
113075,10
49375,2
163152,13
206100,15
100985,10
93155,12
10614,0
25195,17
33273,2
170003,12
6324,18
61560,14
9257,10
182222,12
12990,3
186699,9
163122,3
84563,16
136068,0
204476,9
97880,12
72517,2
32382,3
84666,19
163005,12
115571,9
86766,17
51735,10
19319,3
186956,9
109456,15
4241,19
43848,15
109690,8
176021,8
109841,0
78836,0
168429,15
39683,19
64329,16
190519,19
175298,9
176265,15
79096,10
35319,15
37376,10
209107,19
190523,18
211823,12
46001,17
108381,12
142732,0
159586,12
179020,13
59181,14
102157,19
186051,9
69239,10
167028,1
43951,17
51072,0
173513,12
102697,8
134228,4
155722,12
3210,12
158044,0
158240,19
5792,19
139277,15
119558,15
106190,12
77266,18
75772,17
32492,12
112444,0
168821,12
33219,12
137963,0
37728,10
13372,17
78812,3
112881,8
138065,0
72442,10
94309,0
198213,6
214066,13
122905,12
26647,19
191405,1
64217,12
64196,0
5639,14
32471,10
170864,16
201041,4
12708,12
69451,12
193372,15
158540,15
133637,6
111676,18
56067,0
21419,9
20707,14
152490,12
34371,12
75546,0
136872,9
44684,3
161321,12
142730,1
139054,0
40422,3
178157,15
41546,14
168296,13
145686,9
126025,3
116968,9
9411,6
105224,3
183015,12
214778,17
41932,3
213585,0
38070,2
53977,12
111617,17
124880,15
132061,19
110770,15
120297,3
165340,0
131108,15
175202,6
139331,0
81242,17
163272,0
29599,14
54337,0
105766,0
83156,16
191629,2
172164,8
153327,0
165530,17
171758,6
99345,0
5106,12
100000,0
58276,10
149405,15
26524,9
215487,12
102433,7
57579,9
215593,2
764,12
211783,0
205111,0
39988,17
59479,0
109482,0
190115,1
73093,6
10634,10
144537,2
73017,3
151862,0
63947,2
153882,15
208403,12
93812,12
191804,15
190378,13
192973,0
31100,0
8843,3
203818,17
101753,0
196733,15
209618,12
21585,0
111795,3
70028,12
95992,12
147234,0
113692,0
125796,16
58404,9
181181,8
49329,16
17036,20
293,18
155681,0
90260,12
122027,6
60616,9
215998,12
165302,12
157885,15
27906,2
42421,0
3250,14
12546,19
43254,6
143107,6
3455,12
92708,16
138936,0
67594,12
161661,0
96188,12
72692,14
94022,0
24928,2
63277,14
41786,8
163553,15
2635,17
125869,3
133552,12
107194,0
83061,0
91801,12
141615,0
86294,10
152446,0
13346,17
58381,8
196135,12
101230,0
212425,0
77669,19
213860,2
120568,0
126935,15
29506,13
73976,15
31471,14
70949,0
30559,10
69298,17
14371,7
82193,17
149971,0
192548,4
73393,19
205566,12
172349,2
206429,15
58166,17
208976,12
199035,6
148107,2
165411,12
76732,17
125282,16
32799,12
134890,12
141329,6
1765,10
159314,9
22785,3
70922,19
176631,7
215610,6
189549,13
95531,0
116086,20
87520,10
166466,15
98264,12
216694,15
10974,14
22499,0
23974,12
134908,0
172271,8
172686,12
113835,0
145912,19
77451,12
7619,2
134158,20
60531,17
133456,15
190506,12
90053,0
30684,17
32051,0
110569,0
195613,3
141958,12
26283,0
174444,12
205177,18
35074,17
62419,9
189705,9
195362,6
124035,12
35844,15
77255,18
127740,4
46366,19
212599,12
108775,13
36693,17
177385,14
83285,14
74669,2
114535,0
93988,12
37486,17
22389,10
115426,12
81949,14
59667,0
142352,0
24651,10
163220,12
29113,0
180747,11
98169,0
79480,13
11347,14
111994,12
73232,3
207243,2
214193,9
2868,3
51055,7
101076,12
81052,19
2756,8
80946,0
198588,8
112443,0
188152,9
214753,12
22395,15
25310,14
52972,3
40349,9
152918,0
158494,3
89668,0
55175,0
73374,14
88410,9
6911,8
137055,0
121185,6
197444,8
198024,6
168436,17
60359,17
11955,12
216973,8
205394,17
21069,19
120979,0
26403,15
212395,15
196718,15
199858,6
93895,2
51892,14
4204,17
6046,9
91404,18
87120,0
74681,0
214451,15
137367,15
43876,13
210641,15
121260,12
10738,19
132336,0
3692,19
193708,17
204580,6
195411,19
177197,4
151535,12
214079,12
121409,0
213548,12
60428,0
95559,2
59330,0
102808,17
106123,0
62943,10
171673,12
61892,14
17181,18
111040,14
77125,0
124191,0
157633,6
72535,2
76069,0
87772,18
213641,15
41246,9
145487,12
177681,19
69018,3
44507,14
211968,6
24614,0
4612,0
155655,6
31680,14
171401,6
140084,0
153113,0
122588,12
88205,12
43980,17
78690,14
174795,12
55982,12
200403,6
4236,18
109417,12
28895,10
156266,3
152867,15
3842,19
30713,17
114299,19
19298,17
166637,19
35700,12
119034,17
146051,0
150105,0
147627,8
201054,15
2199,14
139075,0
9566,19
78105,10
68304,14
202935,2
71613,12
110462,2
161367,0
170928,20
192416,0
97463,0
107557,20
42684,14
31247,2
82578,10
132906,15
51780,19
144175,0
214534,12
141558,2
73723,14
5095,14
60272,10
95779,0
75202,14
132428,15
163754,6
88046,17
177357,4
120949,3
65265,0
13282,3
137445,12
152419,15
140712,0
33867,0
48425,0
127354,15
37707,12
106715,9
135984,0
182072,8
197251,10
196418,12
188049,9
199967,6
126960,15
156412,15
35501,14
102387,15
20894,3
78745,20
16935,0
50781,14
173813,0
42324,20
181070,6
72332,3
161821,12
90413,10
184336,3
101217,2
174699,12
67383,0
216955,2
99811,17
189711,6
156573,12
17287,12
211887,0
197710,15
103738,10
91302,12
133511,0
102281,9
22347,0
122468,3
9728,14
148243,12
215621,3
18895,14
138985,15
97109,3
166084,16
142329,15
185024,9
135039,0
20866,12
144438,2
159287,9
113837,0
77370,0
140520,0
28917,14
14986,12
87570,0
33023,17
96064,2
38782,4
183910,17
143758,9
192843,2
166621,12
157,20
175818,16
65556,18
153836,8
142023,3
77435,14
21408,9
133446,12
169891,12
202196,15
112446,0
179373,17
59770,14
3600,10
111068,0
125247,6
6355,1
141636,3
94013,0
19664,17
174519,12
103770,6
140343,0
159179,0
214605,6
18837,0
141346,15
128388,4
47250,10
185927,6
212064,12
16274,15
138919,2
32203,2
99852,0
154321,0
135757,0
150513,3
132943,0
173076,7
141363,3
174872,12
3166,12
32286,14
149437,19
16018,16
204052,0
7966,14
87534,17
28672,2
176715,15
37720,9
154696,9
9678,16
162243,8
159686,17
121473,15
13023,12
120586,12
120689,0
15616,12
103554,0
2767,10
136497,9
134923,0
15944,0
67842,17
15930,0
20233,14
181655,3
115977,3
179306,0
99639,12
115784,1
181993,19
9738,14
56940,0
103881,0
92536,12
39903,3
209305,0
64322,14
13781,17
68408,19
111312,12
159846,2
187823,8
79451,14
110608,15
94057,3
47220,12
103907,6
177738,0
74618,17
141093,0
42677,14
118610,4
146012,16
172325,15
140633,0
56583,4
41376,10
16853,17
93566,18
183614,4
150191,8
195286,13
19140,17
40426,14
49817,0
175880,12
128749,15
206809,4
26481,0
211519,15
16968,6
178355,5
176209,0
29284,1
135763,0
161695,1
3604,10
71736,9
85154,18
70888,0
42459,10
40952,0
170037,15
95173,0
101438,15
207708,6
57878,0
86989,18
193852,13
92359,8
123819,9
152583,5
71408,15
214749,6
9329,9
143067,15
104436,19
71685,3
192039,6
179236,5
66511,15
90676,0
44475,9
75193,14
95185,2
845,17
156909,0
119061,0
135455,0
198409,12
23863,2
213717,15
78437,4
65710,14
29980,18
119974,9
136605,9
135111,6
99522,2
213859,2
30288,15
78547,17
163418,3
206476,2
54587,0
118795,10
91172,6
128743,19
72369,12
159374,19
136959,8
158700,9
27531,14
122737,2
94119,9
152208,0
138059,0
166361,0
163919,16
139348,3
160488,2
17578,17
101492,14
184350,6
9471,4
92861,10
84559,17
154015,0
58976,17
65917,12
125852,6
39776,14
78473,15
131906,12
212466,12
203643,8
77391,12
210179,15
184361,20
208867,12
172852,0
141091,0
207473,12
3356,2
173915,12
6787,14
119264,0
55220,8
174499,12
58948,0
214142,7
192537,2
88588,20
141728,12
180626,6
187317,13
53117,17
101311,15
98753,19
140174,12
105362,9
44951,12
58709,14
82259,10
83057,3
108652,3
131830,15
111611,6
4600,9
207783,0
92473,8
19531,14
83864,3
142436,12
157921,19
55908,0
26890,4
160299,0
148456,0
29537,15
71666,18
52720,2
122703,19
63311,19
148772,0
126296,0
157612,12
193430,12
8079,14
36115,3
88775,8
190899,2
192790,12
171711,15
167157,0
169169,8
145167,2
17477,14
171157,12
57054,17
59346,2
20933,19
88499,0
42169,17
142397,0
31205,19
9832,1
139169,0
26630,10
147730,8
93413,6
50493,17
159570,12
158975,2
26745,17
161801,15
100333,6
201438,15
176451,0
132832,6
99716,2
36180,8
121709,15
114227,12
27501,14
70434,12
98846,8
36816,14
20641,0
75435,19
176836,6
31381,2
91231,2
204323,19
145837,0
76488,17
202131,15
33921,14
166326,6
44241,12
194540,3
204010,17
133877,3
154940,15
49271,12
31270,9
76845,12
103260,15
71861,10
177352,6
195191,18
163402,6
74695,0
16321,3
44414,0
4116,0
135537,16
71065,0
162724,17
14387,12
140257,2
176572,6
194334,6
115385,0
58760,19
167266,15
125159,0
91351,9
120840,9
201107,15
190446,3
43582,17
162220,6
157325,0
54305,0
140938,12
161169,0
22990,14
48434,10
159912,15
42758,2
72362,12
4533,3
163100,8
183107,20
69348,12
89454,4
177472,12
151532,12
136145,15
44984,14
167632,6
111441,18
77019,15
119033,19
19553,15
2860,3
153886,0
199699,12
27310,14
180790,11
61381,9
29441,0
199958,6
45390,14
202200,0
122047,12
141322,12
57796,14
180418,12
106188,12
5026,18
169852,2
21310,15
180410,12
202299,12
118412,12
216753,4
99264,3
68036,3
15031,16
168934,15
119384,12
154098,6
100711,0
13945,17
22064,3
13898,14
60174,0
9665,9
19088,12
184808,15
82118,10
168230,15
76978,12
134626,19
176512,17
171840,12
96603,14
6837,16
94243,12
66097,2
74318,14
84398,13
208123,12
112664,0
91257,12
186249,8
96191,12
200832,15
44924,0
112460,3
14546,2
95256,10
26379,8
206739,9
112452,0
187372,9
90562,9
60313,12
180509,4
171893,17
144507,2
6640,17
98084,10
164803,15
97868,12
24522,19
65820,12
151752,0
163833,0
56797,0
91017,0
41138,9
18006,8
36945,10
208401,12
90199,8
197862,18
161038,15
90946,12
101067,8
77630,14
127892,15
103216,19
175179,0
27948,10
45517,14
16367,0
187926,9
47747,14
183813,15
147143,6
94787,14
67431,17
202075,0
173361,16
26802,2
215553,12
56759,17
85335,19
67624,14
106329,15
106691,12
52810,15
182465,16
186756,9
181882,15
44948,12
123626,12
177607,6
16616,13
52952,8
100013,0
64144,0
60053,17
187503,9
166205,9
22927,2
47727,14
161177,0
46562,9
51027,4
58840,0
130129,19
25480,13
138687,12
178708,15
107799,2
87606,14
52820,14
4788,4
2623,19
70641,0
85383,9
106518,2
51945,10
8733,12
143558,12
155848,12
130282,15
148364,12
128630,19
108612,0
182063,6
37917,15
94028,12
106874,0
47422,14
2339,13
184866,8
156742,19
35679,8
9874,0
166327,6
153851,15
193302,12
145926,15
27789,12
140103,0
213762,0
64895,3
129730,10
106326,15
68337,0
155747,18
23064,4
179067,6
199062,12
7978,14
38724,17
180122,8
45194,18
187107,9
142489,0
95804,6
214536,12
88368,9
574,14
80261,3
177060,9
89400,19
38084,13
169781,5
63601,17
185770,8
9404,10
58406,10
46017,0
36509,0
46656,12
7987,19
54057,10
169989,2
42897,17
43440,12
61746,17
110134,12
38256,3
129624,0
6717,10
198189,0
150436,6
152884,0
36303,6
151257,0
124787,18
77330,19
155769,15
4252,17
159480,15
157186,19
53570,3
85458,14
147817,3
45509,15
162115,3
83925,3
76141,15
182479,3
74424,0
104164,18
44105,10
40529,14
68326,0
101038,12
155507,6
11958,12
165581,8
141290,12
147740,17
147670,0
212496,17
76602,0
141436,0
61260,14
84328,11
128537,15
95476,19
91058,0
86040,12
34828,12
156047,13
199372,12
7843,17
143524,3
64912,14
215643,12
79575,17
149003,12
141110,6
79810,14
155035,19
133855,8
99112,12
86624,17
143404,9
90145,0
156268,12
129845,12
189925,15
173683,12
157055,12
147273,0
130515,1
76761,10
167575,8
27811,2
216058,2
12477,14
100239,0
135706,9
203229,12
2809,14
44278,0
43327,13
147557,15
173453,12
31971,17
126353,15
47886,0
82006,15
157332,0
100634,9
75782,10
52893,0
17694,0
96873,10
201857,12
50502,3
189821,6
122443,12
35390,19
175911,15
20004,15
104927,15
115348,0
170580,4
114508,15
159727,6
29882,10
152337,6
78445,9
168721,12
174510,6
124456,3
118331,0
160308,5
116988,17
156095,0
34573,0
107870,3
5168,17
53578,10
189068,15
137001,12
168635,7
61002,4
180531,13
28160,17
31414,12
216592,2
153058,1
175890,9
69003,1
146149,15
64681,0
156170,6
153665,2
154016,0
71195,0
39781,14
54811,14
56752,17
127164,19
124836,19
118698,12
120732,2
133104,0
102212,2
144993,10
195441,2
78586,0
27443,14
101906,2
82173,19
105814,19
106295,8
100458,10
68318,3
154548,0
13987,17
140817,2
25266,12
66685,12
135663,0
185949,9
63768,2
21394,3
121080,0
67990,17
117951,19
172136,0
198147,0
66917,14
152080,0
140894,15
193557,17
181702,15
58410,12
55627,0
16100,17
212438,7
142465,0
63511,0
214954,12
198055,12
203044,2
118329,6
153535,0
66491,14
154773,3
89078,9
104647,6
201941,15
17673,0
212435,2
204251,2
131998,0
189062,14
68542,16
200862,12
153814,0
190336,15
85604,0
120275,0
187339,0
13338,17
164951,12
180400,13
14717,17
204403,13
102452,15
167126,6
195796,3
195691,16
185553,9
23085,17
190198,6
11327,15
54037,19
152642,16
163681,9
157781,12
116217,0
28765,12
202942,12
54165,0
34329,14
107494,12
111869,17
157419,15
104754,12
206757,16
29319,10
31191,14
152508,12
38359,19
47765,14
20849,19
81366,14
105209,0
28971,14
186666,18
130442,16
29984,17
72569,17
143808,14
21447,12
157284,6
159334,6
108818,6
142589,10
80994,3
55685,12
196996,15
183761,3
2000,17
33730,2
192487,16
175594,0
186574,12
79076,0
188717,9
4462,4
79843,0
48175,19
187109,6
206347,17
196239,2
1609,0
104122,4
158876,15
170819,0
67755,2
95720,2
165358,12
83803,17
22223,14
109698,2
139791,0
148815,2
189334,16
195022,4
134480,0
143622,0
196060,6
80077,14
51316,16
59126,0
66161,14
212341,6
104758,6
26006,3
180060,11
78464,15
145308,0
204124,12
30696,17
43704,15
146361,19
74085,0
112431,0
182727,0
193046,12
64562,2
134084,0
59943,14
101623,9
215208,8
20487,10
177650,8
185476,12
6347,15
88083,12
4470,10
15295,3
167839,9
40548,19
43424,9
43357,14
173785,2
65157,12
163079,0
142172,0
106723,0
5003,14
33239,14
47730,15
133580,19
66959,19
12894,14
67906,14
477,14
146715,2
62472,14
156508,15
149007,12
13064,19
48271,12
51060,15
153855,19
47562,6
28909,14
194113,15
162668,0
110580,9
160046,0
26159,19
38725,17
149065,0
105675,19
47452,17
214658,12
103914,3
94578,10
114414,8
109502,3
51802,17
39356,19
66811,17
79996,2
17668,3
84165,0
44835,14
110680,12
48117,14
16571,10
154838,0
12213,0
101926,14
4357,14
157939,15
81559,18
24360,14
111266,6
36926,12
66441,14
182439,9
157773,12
207445,6
12716,12
61799,3
212642,15
142013,0
32459,14
105067,15
37626,17
22782,9
175813,3
18535,0
53680,0
109512,6
100330,3
77624,15
86358,12
153211,0
38219,15
153520,0
106862,0
117553,15
79626,0
8968,17
76811,14
139777,0
139699,3
95635,6
216624,12
163846,0
143274,2
114429,15
178714,15
13142,14
27861,19
169977,19
175819,15
178122,0
86728,0
189708,9
207028,6
14826,12
60321,15
182493,0
180620,0
171499,12
57377,12
23841,17
131377,15
208462,12
60306,14
206611,6
34713,19
21250,10
157951,1
74195,16
89088,19
14472,0
74753,10
111070,0
22933,0
79027,12
208987,12
91047,0
26976,4
1786,16
136873,9
45967,10
158820,17
209846,8
187471,9
74613,17
49970,17
211267,16
48257,13
95151,12
148078,20
60624,14
167953,6
49206,10
167355,15
188861,0
26909,16
198202,0
124117,0
111784,0
172689,17
196457,20
126472,18
190511,12
51228,12
152180,15
185307,3
169329,15
20419,3
105419,9
108508,12
214493,8
202078,2
85257,15
29810,18
26030,0
113925,0
69463,12
1378,17
177130,6
155971,17
81438,10
90297,9
102570,13
38007,3
124178,8
10020,18
148810,0
33117,2
131332,12
62780,9
72191,20
99414,17
7578,19
147204,12
129610,6
121242,0
160323,2
145440,6
157566,8
138088,6
95225,0
80755,12
199592,8
123434,19
265,19
142614,7
117900,12
124034,12
148491,2
149501,9
19726,0
142153,16
18607,14
181567,3
52145,14
164064,0
74590,19
138332,12
123783,9
82967,12
19723,0
45229,17
203571,17
175012,0
147966,12
69916,0
52125,14
204816,13
104921,9
199014,2
167005,8
89561,9
143185,0
175226,18
90275,0
167583,15
203902,12
92542,10
131466,12
112188,0
48876,14
88333,17
216124,12
128481,6
7163,19
38576,0
60985,10
144099,8
196236,12
118126,0
109857,8
190390,12
186608,9
7964,14
197860,13
57820,14
137969,0
163016,12
47576,14
109186,12
72833,10
142811,0
171282,15
147659,0
212440,6
151796,8
163203,12
138101,3
210675,9
33366,2
179997,9
181555,15
146091,0
143711,0
117211,3
104143,0
116467,12
140489,3
117759,0
24840,14
90320,12
58978,17
7338,3
184202,16
33299,2
118833,6
79457,15
177896,15
873,0
164354,15
178733,0
119468,3
144650,15
25983,2
39242,0
198597,17
90366,0
113913,0
149744,16
71445,3
203518,6
46426,0
206880,2
195758,0
88498,0
150501,0
50426,19
94313,0
93054,13
46131,6
211253,9
68979,17
74795,15
21402,10
75993,14
154889,15
58669,0
181573,0
10007,19
151242,0
61225,15
129192,0
100250,0
5577,10
113445,8
125778,19
23450,0
87948,15
125958,0
162537,8
102579,10
2636,17
202772,10
166261,13
110544,0
176387,8
73532,17
179139,6
1276,12
116876,20
106938,17
59298,0
89338,9
58718,15
97725,0
65432,19
67508,17
168585,6
117156,12
143462,0
33152,14
200395,8
101270,12
108384,12
161779,19
83250,0
51601,6
22781,9
188363,18
123856,15
34333,14
89174,9
85519,18
108224,8
32971,12
123732,12
140463,3
4510,14
76064,0
54949,4
71796,18
161366,0
56733,19
162171,15
156407,17
16956,12
130735,12
7065,14
121116,12
98063,12
33313,0
45244,17
15968,10
28359,10
180773,12
850,17
78051,10
51717,0
28676,6
45496,0
37982,18
201324,12
138979,9
180642,3
133766,3
205483,9
71457,0
86838,19
10307,12
136157,13
164666,17
169296,8
41122,0
20732,17
125853,6
31452,14
216925,2
123809,8
99538,2
102163,17
180776,12
180304,16
138454,12
92614,13
50431,19
152568,0
17094,9
106526,2
117659,15
96775,0
150942,0
199461,12
39020,14
37651,18
139693,12
52562,16
142106,0
79518,17
142825,3
110355,0
80544,12
133183,0
26991,12
163607,4
130482,19
212699,8
106498,0
213778,9
187610,12
93857,17
54552,12
134937,6
126834,18
172447,15
75570,0
175807,12
37393,14
206144,3
184435,8
41446,16
91173,12
33051,2
149855,12
106214,0
79816,14
138392,6
212999,0
214993,15
163603,7
40761,3
184299,15
100869,20
125436,6
41646,17
208157,16
36307,13
135886,0
107762,12
101924,13
104216,3
49512,12
130586,6
160179,2
183218,12
42168,17
17493,0
93640,17
69078,4
172097,12
163183,0
80015,0
27907,2
79315,19
45464,3
97117,12
144703,0
93200,0
192314,7
206293,12
66877,0
166815,3
195293,19
95505,0
8150,4
48601,10
38292,12
45935,12
151961,13
114720,15
70058,12
191169,0
11137,18
122576,8
210205,0
151274,15
83967,12
150181,12
211505,8
142674,0
125042,20
10418,14
15546,0
126048,8
79573,14
196074,8
205364,13
211772,2
161899,8
201189,13
116588,0
21449,14
38154,17
162655,0
156809,0
159268,17
127387,6
140871,6
209827,2
127320,3
161705,15
82265,4
122396,0
154549,0
111367,0
111188,15
12470,14
70353,2
156808,0
155999,0
75816,8
52297,2
106500,0
68478,2
24576,2
83914,0
60278,12
194279,18
166331,8
186020,3
45981,17
185407,8
92642,12
102601,4
198580,12
50537,4
152326,0
187985,13
152620,8
211317,6
130700,0
170018,12
21968,3
199890,16
146346,9
147427,12
92387,8
131246,17
84966,6
55248,14
59231,17
32094,10
159079,9
114309,15
19683,3
140130,2
1792,12
167133,8
107228,15
43667,10
47281,18
183466,0
67488,17
137336,9
202020,2
150121,12
169108,8
189022,9
142558,0
162014,1
59541,12
204047,2
146534,12
126375,15
118113,15
52124,14
101278,12
80364,10
63995,14
177840,4
18150,17
154605,12
102430,9
98376,0
33391,3
202181,15
199039,6
67901,14
134856,9
125694,0
112732,3
163614,6
157481,12
107133,6
59458,17
22374,17
51257,14
43631,0
91772,9
45457,10
214221,0
213840,15
141592,18
148431,0
103777,0
114431,9
191134,15
176007,0
177077,0
137373,13
208854,6
48261,14
182120,15
147868,19
177050,3
17072,6
203499,6
51657,1
105441,15
7323,13
65748,17
77494,15
58540,17
60284,13
144886,12
207058,12
25893,14
46912,12
147179,12
176952,9
124562,0
36090,18
104598,15
143476,0
50353,0
83366,12
74403,0
186112,9
142728,2
166645,0
185282,12
11424,19
70198,2
146297,17
131879,6
93648,0
130970,12
177572,17
56781,0
23123,2
26406,14
188121,8
190575,9
101295,20
156791,12
130246,12
138773,0
179899,2
191393,9
193448,17
52100,3
2344,12
54322,0
121934,12
206346,15
117185,0
60086,0
144487,0
164210,9
169663,4
19507,14
111041,15
215010,15
111574,19
168396,3
186167,3
138995,0
30420,17
180179,15
151910,12
201446,12
122536,2
195232,0
76400,14
75444,19
115078,0
103175,9
4750,17
76430,12
198226,2
106028,12
98898,15
64638,19
84377,15
186630,20
102672,0
5412,0
215798,3
5701,8
722,3
32639,2
134457,8
193086,3
22603,19
23963,14
123813,9
82428,18
139642,0
157245,9
56265,19
117165,13
34409,14
147332,3
120232,17
67713,17
111354,12
162026,12
122881,12
32109,2
188347,9
8709,0
39305,14
82505,0
37471,15
94250,17
86000,0
79394,10
56858,14
72878,15
30033,17
198836,9
6936,14
158942,15
72979,17
113181,8
68379,4
145429,9
163877,0
172374,0
122127,8
211702,6
53263,4
157386,12
66526,17
216947,5
131226,0
158089,6
68411,12
139275,15
50320,12
2369,15
150443,9
209280,12
175236,15
39700,17
69443,12
43620,3
179271,16
95841,12
181562,12
179963,12
39960,18
42482,9
63174,19
125331,2
143852,0
125129,19
49029,14
214476,0
108874,0
111003,9
179777,20
187629,17
170813,0
24545,17
156850,12
120502,0
90611,0
59535,15
168612,0
24822,10
24676,12
110147,17
188007,3
156190,17
134668,0
2366,17
206581,0
89612,0
122469,19
196731,15
17467,18
142742,12
66677,6
151514,0
173636,2
45315,9
96732,0
140645,9
111849,12
82777,4
200454,15
67994,17
16904,3
89776,0
100944,8
116543,12
108209,6
89152,9
3139,17
198369,0
95028,19
79386,0
138038,15
38257,10
154142,0
164985,0
22097,8
101840,0
18517,2
159572,12
105798,10
52899,0
169676,8
163154,15
74694,0
189335,15
68027,2
151814,3
19247,17
24907,17
137928,15
189932,8
103178,9
97168,9
124284,15
38919,14
156158,12
91543,17
183808,16
96665,2
25418,4
13055,14
97980,0
14289,14
179632,6
104601,15
123462,15
190176,11
149148,2
45183,14
146018,15
72895,14
153680,0
143450,0
215293,0
94193,6
73573,19
215471,6
190211,6
215562,8
599,12
200623,0
30247,0
196269,2
195405,8
77262,18
160151,9
203284,15
214830,12
162218,9
142168,0
194542,4
132417,15
184725,15
141718,12
19801,10
141986,15
120565,0
124616,15
82203,0
114637,3
47823,17
12684,0
25189,14
119502,2
144947,0
140734,12
93661,0
93696,0
34355,10
157018,0
85527,20
137719,16
208851,13
89893,0
107998,0
9871,0
80743,0
174900,14
158976,0
31828,0
134182,13
203854,2
98250,0
113872,9
86499,0
59008,0
93555,14
6927,14
26468,2
14088,10
25435,15
14189,19
124259,0
28038,2
142474,1
13830,12
174813,16
10346,12
51883,12
125876,19
88145,0
169953,0
202059,15
47659,0
120654,12
137560,8
126846,13
141173,15
191872,9
196427,1
165547,15
31564,12
199245,2
193514,16
95699,2
147657,0
105332,15
99609,12
190932,8
78538,17
152185,15
124475,3
27912,2
72321,17
119945,15
45817,16
26931,19
133779,12
216494,15
14225,0
136887,15
105433,15
206905,12
94685,6
19007,15
160047,0
185702,8
154946,2
119325,12
171761,6
77521,2
9262,12
101471,2
156210,0
152275,12
177749,15
104345,0
175450,13
140444,0
186589,9
105339,9
197597,12
25032,12
184611,6
64865,10
210728,15
135313,6
39140,16
70584,0
153689,9
24906,17
158366,0
194862,2
19749,12
64159,2
71190,14
203760,6
193228,12
130627,7
41988,18
66274,14
202188,15
123054,2
141198,12
91671,8
189098,12
94393,0
194167,6
42764,3
15980,7
205216,0
1298,14
57977,3
179557,12
94818,3
211132,4
7953,14
55343,19
105827,15
33359,8
84830,11
30007,0
203420,12
68152,14
18693,12
13399,2
128307,6
198261,17
191885,7
25289,14
13786,16
113209,3
10862,14
176655,0
169485,2
153432,0
30365,14
92479,6
169003,17
71104,0
136849,12
186067,15
207263,0
183692,17
135462,0
71306,14
88437,19
214016,15
85544,17
133919,16
10332,15
123456,13
69364,3
91124,12
51653,0
87953,15
186553,6
74204,17
198091,0
117835,12
71197,2
27666,3
143200,9
139465,17
104006,16
207131,2
44454,10
167352,15
170504,2
34808,10
53246,12
38895,2
54715,0
14047,0
52148,0
54635,17
68923,17
178153,15
199407,2
209665,15
82935,14
198327,12
22421,17
26312,17
86308,10
197226,15
173258,13
111921,12
178716,12
21303,14
52639,12
37440,0
17213,17
66221,0
139112,10
64010,12
216186,8
90017,9
186088,6
186623,9
57724,17
171381,0
30885,14
132379,12
12048,2
162395,0
93996,19
51305,19
103323,0
72801,0
177225,12
126254,12
83146,14
102733,9
1723,3
56013,19
88739,2
72628,4
140068,0
86801,19
1217,2
59065,14
50309,12
181706,15
135831,15
163189,6
132420,16
11960,12
51232,10
50488,0
77372,0
33224,17
83810,17
192932,15
158630,19
161101,3
2693,13
27637,2
111314,15
64529,2
165106,0
122529,3
2275,0
150558,19
159915,15
94682,8
106411,0
78354,17
184512,0
118747,0
192740,0
214381,6
125103,3
96122,2
175718,12
144040,12
154071,0
132380,12
12439,10
45056,13
147312,10
76762,19
193111,19
4300,1
80295,0
46745,14
32011,17
69999,12
8809,19
204604,8
192595,20
59660,0
125785,15
14036,0
205302,15
100725,15
138161,0
68492,0
4820,1
185772,9
213845,12
40374,14
50422,19
195574,2
110307,6
66629,3
40302,9
69842,19
66335,16
111280,2
159922,7
143845,0
207469,12
167531,6
176773,13
38404,4
126779,0
65368,3
54644,17
89324,9
76936,3
211440,15
145077,12
184862,9
106997,6
553,0
206348,3
90955,17
76664,14
10841,10
131806,20
73277,17
184601,0
205063,19
137111,2
84258,20
59925,17
94158,3
139404,16
37619,14
87073,0
3226,14
199271,6
32952,12
176232,6
55341,19
182920,3
120309,3
200767,2
177836,8
214235,9
164226,12
143976,0
205728,0
178495,3
49874,8
182665,12
216257,3
110660,2
169234,0
155857,19
3109,0
16626,15
31302,12
74504,16
199760,1
98758,19
106104,0
61243,14
6433,12
39888,10
153256,13
94707,3
207172,12
85031,14
157271,12
144795,12
166443,12
182872,12
127915,9
18514,2
49024,10
16338,3
151390,12
162305,4
11836,17
162204,0
73272,17
169328,15
63170,19
184740,15
120991,12
111672,17
49539,0
165688,0
109085,0
109369,1
129595,0
173924,12
164914,0
201951,15
122890,16
190405,12
50248,3
196606,12
118179,8
208508,6
37404,14
160564,17
55128,19
99705,2
99288,2
142359,17
17425,9
117658,12
168224,16
4615,3
47742,14
162715,12
203465,12
11609,0
129004,0
62087,14
165073,12
161392,0
62190,0
196055,5
7789,14
126977,0
126883,0
56879,12
25407,12
72242,17
23567,0
100071,12
64650,17
2451,14
81851,12
138233,12
42373,1
186388,9
184028,0
168771,0
117326,20
6290,14
72944,17
38691,19
36251,16
123367,12
16597,7
131943,15
75801,0
135708,9
137597,12
122171,3
120539,19
37751,14
112507,15
113372,13
83338,17
6866,0
48560,19
210971,3
144896,12
194326,0
73499,15
212805,6
51723,10
76831,10
216452,2
98938,12
80880,14
105844,8
148837,2
200728,15
3606,10
173736,15
159382,15
154608,12
95751,18
27016,14
124388,0
185731,18
29400,19
15791,10
74798,17
82060,0
100169,8
191398,17
50297,12
3784,0
45828,14
65709,13
35635,0
198357,3
166644,0
50275,0
95622,11
47016,6
172064,9
23167,17
32950,15
11654,12
165461,0
151635,0
85867,15
92650,12
182018,12
104243,15
208938,2
10922,0
84335,12
124971,13
191206,19
211073,6
146234,8
179803,3
46384,16
133290,0
133429,0
144372,3
101280,12
107282,12
116045,0
195320,12
52181,14
149403,15
55711,17
69164,14
180679,19
203592,15
27376,17
31891,3
105033,3
177354,6
200742,12
163749,0
52683,15
178687,12
167470,17
43977,19
65217,14
2456,15
201569,0
153557,0
5180,19
198645,6
59724,14
117190,0
89189,0
117940,17
155907,1
159947,0
73563,18
125664,15
165571,0
138499,13
139163,4
5703,3
125069,2
67997,17
147490,0
86897,10
31313,14
171347,12
129316,6
109242,20
126767,0
171257,12
21279,3
203360,12
70053,8
12827,14
199402,15
87525,17
138297,0
118197,3
202818,12
211650,15
136860,12
126371,15
78479,14
155217,12
56680,6
85746,15
73524,17
110505,16
111931,8
142085,0
146939,9
69572,2
86396,18
40649,6
14391,12
170503,2
21915,14
10065,10
39846,0
83802,0
49027,14
111490,0
6028,3
166558,6
131556,6
28924,14
76077,6
65751,17
155889,0
55068,3
172415,13
128172,1
150840,15
185357,9
114210,12
154436,15
154834,9
169470,15
129864,12
53150,1
44657,2
164659,19
73775,19
123560,2
95181,0
203430,15
49111,19
74017,3
131615,0
30913,19
164806,13
32228,12
170303,5
161450,8
5403,2
111508,8
57424,14
18866,8
107544,17
54145,17
174517,9
113613,19
21455,19
197951,12
163028,9
26227,19
115099,12
48197,17
71151,13
26574,17
27518,14
61762,3
107415,16
184871,6
79561,17
127853,3
201799,12
25280,9
138924,2
215434,12
27332,19
8353,14
62522,19
61275,19
83725,14
94434,0
178391,18
34307,14
140404,8
16270,15
121403,0
79481,13
136974,19
51734,10
148619,0
185229,0
200421,12
175466,15
91236,3
158359,0
84484,0
64489,17
15586,10
48755,14
31980,17
97146,0
53231,10
151624,0
208766,0
25126,0
93807,12
178091,15
186462,9
191707,8
42565,17
18468,18
118769,2
207285,8
184560,16
120272,0
148300,0
90655,18
199343,8
150865,6
150250,0
191512,2
106039,17
107029,15
157395,6
139257,10
3581,0
182491,0
91386,12
124179,6
84089,10
88693,2
81831,7
179895,15
195067,6
22688,14
138485,15
145557,6
47053,14
106977,0
51261,14
183773,15
170609,12
195744,2
163926,15
134525,15
110596,10
54569,14
112844,0
53597,3
85019,17
67340,17
91560,12
179954,12
49612,15
170668,8
1901,14
197062,10
204002,12
22523,14
20152,14
212502,15
163866,3
69838,18
95964,12
98334,17
41761,3
197085,9
146225,9
187363,12
3155,0
168853,2
87441,12
7839,17
49573,14
32391,0
132795,16
154466,8
6358,0
198936,3
98894,15
183754,8
36668,14
197430,0
11503,10
164132,15
205804,15
136858,12
97014,0
127315,6
114274,17
142025,6
155487,0
36680,19
109345,17
180685,18
81658,0
27116,3
10268,17
146445,9
164894,12
79214,0
203549,12
4664,17
66937,12
125141,15
179821,3
212899,8
183221,12
53665,18
129431,12
72626,12
99509,3
142974,12
182382,0
166857,6
29112,1
165246,6
118739,3
69217,0
37922,14
138959,12
11346,0
165172,17
137878,3
132805,0
115576,12
14637,12
209820,15
47328,14
56707,14
121828,6
2782,14
119440,0
146058,0
80245,0
165757,17
99078,0
190873,18
39478,3
193746,9
146755,13
158099,12
25374,3
201947,19
7510,0
133490,6
213075,2
101965,17
168070,2
94289,9
210751,0
173395,2
62182,0
182031,0
6299,14
127110,2
111649,9
77754,10
163072,0
119148,0
179155,6
57516,19
63718,14
88097,17
15924,3
162950,16
25855,15
118957,0
202615,12
93972,3
191201,12
109328,12
41129,0
176750,3
208073,2
94931,8
102151,18
4089,0
176590,12
117538,16
29153,12
105367,9
95994,12
172746,0
14195,18
2301,9
15122,10
69226,12
128764,15
210068,15
100471,20
174991,17
97534,12
30938,9
63221,4
71120,17
58525,17
194982,4
96831,0
79681,12
179916,0
83844,12
142324,19
18067,14
62795,17
152136,12
146379,12
16895,2
22732,14
182151,2
6393,8
173504,15
63252,10
103467,14
136906,15
34178,17
178789,12
19924,3
160595,3
123472,0
148400,19
167965,12
27564,14
149825,0
8610,9
107222,9
159801,0
89981,18
5463,14
171013,18
159245,12
164872,3
10715,14
29556,9
111620,2
137487,6
60967,10
124740,3
12326,12
177495,15
56731,12
179811,0
210566,3
146618,3
151655,4
152312,0
91192,12
95541,0
134305,0
175590,0
80432,13
92558,8
46146,12
128097,15
118295,17
145727,0
102208,2
119626,8
199843,16
75166,14
144458,0
113105,15
165815,4
152925,2
144415,9
2032,3
165531,16
71325,14
200665,16
80425,12
116433,0
215026,3
193951,0
155024,12
32517,18
87234,12
47229,6
70692,12
134287,15
176973,19
48338,17
176606,19
52842,19
203451,15
37269,3
56999,10
30781,17
30874,10
34476,14
17448,14
39661,14
121453,3
61548,14
28622,2
204145,3
89864,12
88405,10
140008,13
189754,7
84124,11
116680,15
120209,10
83333,14
122765,9
122427,6
18944,17
31800,2
9192,19
155821,3
2148,9
39475,3
152712,12
97794,12
14400,12
132427,15
152818,15
73763,18
68270,19
84458,1
139223,0
33540,15
26483,0
4576,20
92780,12
3150,17
113507,6
134995,19
41074,10
154555,0
24116,17
160905,15
2824,19
201394,15
64189,0
155549,7
139086,0
69231,2
34411,14
67125,0
39343,14
51897,20
36146,4
66784,0
59084,18
50185,14
189933,9
118423,0
64194,0
189585,12
48726,19
134071,0
133956,0
68386,10
182199,7
157312,15
36536,10
130977,6
182698,13
65214,15
63772,3
12895,14
102278,9
93918,0
32239,17
61086,3
3833,19
164964,2
139582,15
210217,8
172857,6
43900,14
144093,2
200101,18
72448,0
13702,19
54381,8
54448,12
130767,16
106234,13
24013,2
63923,4
154094,9
3907,14
33266,17
38121,12
141909,0
208597,12
162391,0
104034,0
128166,0
5549,19
14322,19
190548,2
70261,0
37568,12
199979,12
117681,0
45702,0
50446,17
135527,6
87058,14
12779,16
123549,0
22130,10
182962,6
47014,6
15319,14
115182,12
194432,7
193030,20
14990,10
90639,9
157369,1
88322,15
174248,8
61327,3
25884,14
177884,19
133472,18
45359,9
152991,15
73353,14
207655,12
175125,3
25760,17
181734,11
198622,0
171820,3
75845,15
163667,0
189265,12
83504,14
199678,7
98497,0
23523,19
111729,0
858,12
16285,16
141651,0
114215,13
91423,8
24511,19
100573,15
86757,3
126735,9
122281,12
36085,18
44825,15
41507,0
86462,0
202766,0
40657,9
13360,19
164586,0
82136,15
160946,0
202576,6
56826,3
196784,6
90678,0
30072,15
40589,0
199117,12
201741,15
133517,0
46392,17
40135,14
166016,15
46522,12
92318,6
153500,15
211208,0
51087,18
195726,15
45807,10
142293,0
51986,9
87706,0
73261,19
86550,12
7550,17
200508,15
67112,14
51163,19
159821,0
5499,10
75475,17
46836,0
7818,19
166318,0
95855,9
73968,6
125781,20
206208,2
8528,17
159149,15
178014,17
215440,3
112191,0
188603,12
100571,17
198599,17
87911,2
11206,10
151351,0
5477,10
32063,0
198370,0
136817,2
175080,15
150399,3
86555,12
30846,0
193439,15
202910,12
206270,15
208801,15
65140,12
176280,15
174952,3
56496,2
32520,17
58714,14
51548,17
187004,9
62439,15
161824,12
149009,12
115924,6
199989,9
101370,2
209404,12
16977,9
150119,3
204394,12
5915,14
195031,13
3344,17
1772,12
163195,3
64669,2
111488,0
124084,9
86964,14
214110,12
146626,12
195815,2
6845,19
32640,2
184478,13
153425,0
73505,10
199442,4
171117,0
119606,0
26977,0
62240,10
114362,0
45295,0
7207,4
106046,18
182915,12
81175,0
125789,15
168745,17
9709,14
210527,12
211284,8
52034,15
88601,0
30904,14
109499,6
83959,12
86001,0
8156,19
122680,0
147476,0
55694,10
189437,12
178109,0
179310,0
169201,15
185086,6
95768,13
146991,0
17587,19
85900,18
66254,3
41221,0
186472,9
126542,2
181130,15
198110,6
209775,8
77883,19
111950,14
139440,15
140170,15
154818,19
173992,12
34963,0
61073,0
202231,9
86631,10
68716,14
151339,0
94702,19
166507,9
50122,9
152663,0
110179,15
160130,16
72608,18
47729,14
100090,17
178520,6
112384,8
158441,15
23950,10
157106,0
202159,8
53567,0
203892,13
74208,12
75668,12
64446,12
112555,3
146040,0
146463,19
130178,0
90749,15
34074,14
37523,19
136029,17
48563,19
7860,2
21705,19
32550,4
196974,12
118921,0
10042,0
126129,0
93960,3
178105,9
29621,19
98055,6
24422,14
167969,12
5892,14
12097,6
137352,18
133296,0
47233,8
24877,18
208788,6
154521,0
189685,12
5119,1
81774,14
206344,9
85418,0
109815,15
118618,17
169548,0
80041,14
88163,9
189032,12
4547,10
50674,3
162067,13
195380,3
25181,17
27277,15
146974,12
68825,2
16965,10
114594,12
207969,3
180316,15
50337,18
139150,15
216661,16
165687,0
163182,3
209287,15
80746,8
73321,10
55305,12
1618,0
108574,15
122706,3
181558,15
61083,6
97390,14
200385,0
97582,20
117233,8
36389,14
58910,8
208960,8
168235,8
7301,14
6935,14
205448,10
114775,3
139337,6
144509,2
197267,12
39981,17
82363,19
88198,6
63323,17
185191,9
41944,0
55334,19
38505,14
132411,15
124079,3
147596,3
69274,12
52115,14
37391,15
57190,12
43180,3
94596,19
67821,14
25095,14
11403,14
163896,12
107172,12
46175,14
103735,12
143767,12
25638,17
110354,0
202093,8
80177,20
117129,12
70099,19
135516,12
186721,9
123386,9
46254,10
113999,15
107564,15
142555,0
120357,0
209195,13
84794,0
41084,10
69478,17
20289,14
205150,13
57877,0
207765,15
75703,0
191831,2
163533,12
130954,0
107058,17
95670,12
152743,15
111772,2
73460,0
160777,9
35696,12
155227,8
143902,3
76545,14
65536,14
186975,2
124786,17
131740,0
139697,12
138661,8
42599,17
148958,20
118363,12
42077,14
53063,17
208132,12
6958,0
129503,0
121218,12
194057,6
143505,6
105429,9
153331,6
76179,14
155058,0
216508,15
6758,10
21103,19
51049,8
85956,15
84530,15
155054,0
145344,0
8445,14
94679,8
150728,16
72758,17
111033,15
160259,16
68181,8
81530,15
26263,16
15815,0
15844,14
147932,0
43119,15
20852,4
100563,15
150530,2
163398,6
12490,14
74051,10
209494,6
7377,1
200529,2
209001,3
58901,10
28053,0
78727,14
190128,4
92392,2
209046,12
43192,0
161841,17
95402,0
163742,0
54273,15
165195,14
185790,9
1540,17
139323,0
118881,12
158458,0
121448,3
18707,10
182704,12
162368,15
112680,0
12888,12
63536,10
36823,19
65918,12
195111,12
79851,4
115285,0
56713,14
74096,0
216620,12
2112,12
178918,15
120530,0
124086,12
55568,14
162929,12
81217,14
186593,9
144144,15
50522,12
147775,9
7609,18
191136,15
56194,12
164187,3
38802,10
113393,0
208177,9
80873,16
85002,14
140519,0
16287,17
204220,15
176988,15
94218,12
43843,14
125370,17
72195,20
129701,4
40274,0
42406,0
83110,11
195314,15
54970,12
215792,4
85233,12
47914,10
143117,3
2420,9
8253,9
127180,15
135552,0
77664,19
145924,15
41423,15
190805,1
163302,6
178188,17
52253,16
181771,12
199649,15
31433,10
10211,10
188337,9
58713,14
161846,16
53652,18
146623,12
178301,0
128175,13
127895,9
91822,0
173565,2
11499,10
144482,0
138914,0
110749,15
5858,8
30720,0
44473,17
38486,14
112226,3
201820,15
200138,1
168797,3
68768,0
191578,11
108379,12
10014,18
47930,10
110758,15
4209,14
166866,12
71071,4
146370,15
132226,0
48988,10
216472,12
127026,9
135153,15
184679,2
168758,7
166246,2
109063,15
180592,2
168992,8
130601,2
30308,17
210177,15
87173,12
107477,2
128635,18
209286,15
89316,9
41832,0
75412,14
147649,13
192956,2
44391,12
139219,0
22279,17
200255,6
78674,16
131563,6
93841,20
166300,12
110250,0
184454,12
19260,14
194843,14
173527,12
46109,19
198554,8
179814,0
105714,0
81690,12
9972,15
177777,12
15408,19
103919,0
209624,5
211516,16
170856,9
185705,9
143235,15
142907,0
126841,3
202822,12
16464,15
109594,13
20008,12
141378,0
137699,19
57690,17
21047,12
136529,8
75550,0
123491,0
123565,3
24435,14
81976,14
214004,17
103401,15
171657,6
68237,14
139789,17
1706,17
184330,12
107091,0
210557,12
176405,17
211989,0
215131,13
205214,0
145093,11
141017,12
106704,15
112166,0
36481,0
202406,15
12999,2
65453,0
38987,12
196603,15
76000,14
119731,2
136021,19
209148,19
38354,19
210454,12
65568,20
29321,9
89874,1
135204,0
35508,14
160423,6
75484,17
95123,6
63847,14
187546,6
84897,10
133743,6
92988,12
176722,0
100678,0
77059,15
50788,14
16874,17
49241,14
120603,0
193300,15
194240,9
81001,3
179060,6
23169,17
213370,8
156100,0
160460,19
662,0
215670,15
93527,8
15284,2
204408,12
66710,12
12625,1
149704,12
6161,14
180671,12
155470,15
113286,15
122774,19
52728,0
126344,12
161886,0
75815,8
108288,0
172266,9
144510,2
78950,14
51893,16
213364,15
112476,9
140326,16
164276,0
4798,3
27571,14
65113,15
94258,19
5101,15
80031,12
175817,16
41979,20
141726,10
156455,6
94978,12
62462,17
93919,0
209798,12
124441,15
94786,10
79462,14
92396,4
170526,6
171541,3
212543,2
171113,9
62365,2
22023,14
149723,6
171300,0
141369,0
33033,2
192341,12
160099,14
191780,9
171338,12
179137,3
196537,3
127733,0
206816,2
204217,15
199934,0
135237,2
112538,8
122344,12
127223,3
46762,19
82798,12
118958,0
104363,6
131748,0
135006,15
33595,2
96121,2
34398,0
20325,17
213067,15
146213,4
147025,0
65714,12
39269,14
97613,0
99602,12
81377,17
193970,6
8441,14
84521,3
110447,2
148573,3
147790,0
38428,0
146173,19
83416,19
18579,14
162813,12
77773,10
112019,17
205444,15
106548,14
156487,12
192899,12
136007,9
214703,3
50407,14
26999,10
142960,17
106744,9
20845,19
10547,17
131172,12
185453,12
108226,8
26106,10
121623,9
39332,14
205925,3
90856,0
108597,2
115233,0
160577,15
198855,15
163416,3
42142,17
140839,15
143750,3
172896,12
157815,16
51382,10
212360,12
75790,0
67023,0
33651,0
180026,7
92439,12
192266,2
50765,10
215368,0
2226,17
211674,2
49565,14
111391,6
176770,8
176061,12
7988,19
67870,14
47062,14
199312,15
2711,0
48194,17
13941,14
125343,10
166960,19
66884,14
62540,17
162711,10
16722,14
214937,12
16399,10
55099,17
205515,15
136774,12
214820,0
158615,12
197199,13
7081,15
138810,8
128909,0
91493,12
156325,2
93335,12
184353,3
4578,19
18925,14
90502,6
24339,8
214502,6
96444,12
79802,14
202568,9
148969,17
16875,17
91139,12
132909,15
88162,9
17882,14
182721,3
170823,5
174359,0
183186,6
3894,12
150885,3
105346,3
45978,14
70138,12
76699,19
88912,15
181052,0
209496,6
27904,2
195424,15
197746,8
147419,3
49467,9
159442,3
15955,10
43281,10
195269,12
13457,14
111602,0
4123,12
211464,0
134774,15
156679,13
22304,15
57381,0
45165,14
97084,18
83474,0
51594,2
54170,0
167899,18
153853,5
17683,0
215269,2
215570,16
178779,13
8474,12
207988,12
9687,14
85863,14
172863,3
151229,15
206657,15
204464,0
190771,19
57232,9
131025,0
185832,12
43781,0
180271,15
13523,18
134721,12
86482,2
62487,14
172401,3
178962,8
115923,6
208529,15
139261,12
105134,9
132659,15
33616,2
43758,12
175517,3
215186,8
216118,12
82963,12
143984,2
49068,14
154284,6
113277,17
184124,0
131933,12
99658,2
81431,9
181394,13
71333,14
143005,1
49429,3
59867,10
49003,0
203667,7
48654,0
190458,0
72906,14
17598,14
59676,0
176953,13
107383,12
172428,15
84588,19
157911,13
147920,0
142569,6
140914,0
17806,17
41676,0
151842,4
156154,12
14421,17
184406,3
85966,2
70237,0
2775,10
91575,15
38752,3
18778,14
72346,10
114783,3
166600,0
182813,17
8293,14
198406,12
122757,12
100442,3
5296,14
176867,3
152248,1
146386,0
62969,14
132214,0
199346,6
206202,3
178224,0
21767,14
168560,13
54883,19
174687,3
90891,9
213193,0
164553,17
122380,14
87680,0
154777,3
5124,8
197962,19
162390,0
147283,0
200822,9
13324,17
130671,20
113288,19
89141,9
54052,16
83450,6
8144,17
206895,8
145963,8
115724,13
171923,3
134446,0
185131,15
102489,16
98324,17
213940,4
46705,14
15461,17
142196,0
113036,6
59752,14
93722,10
166380,7
178314,9
168949,0
3146,17
155148,12
172958,0
121791,8
15449,14
120069,3
140112,8
188381,15
181235,17
150261,0
108926,4
173779,12
72889,14
88298,9
118843,12
38295,14
189266,12
84718,17
141946,0
1569,18
201491,8
193363,7
15290,0
67658,10
124789,15
94085,17
68422,12
84960,0
160149,9
91940,12
20799,10
160983,12
141144,0
132616,6
1998,17
85273,14
127557,2
98140,18
65276,10
145875,0
118504,12
118484,0
147130,0
168851,8
181806,9
51981,19
193453,16
62746,17
105547,19
71401,17
83431,17
161741,15
162781,6
70103,18
168705,6
104748,12
15530,2
180070,17
182359,15
12702,12
254,14
42030,17
182592,12
166259,12
201289,0
64826,0
171287,2
204315,15
78180,12
163474,0
171465,0
117106,2
199263,6
8658,19
6137,10
111352,2
178777,6
139426,15
173778,12
206143,6
163618,12
194097,18
39673,14
71017,0
20860,15
44769,13
102502,0
36209,14
77267,15
181094,12
151103,12
116394,12
20095,14
84195,8
214620,10
131811,17
86266,13
121821,3
143405,9
102279,9
170888,0
169202,15
64836,0
216078,9
10296,0
111908,6
86597,8
146306,0
36156,12
51137,15
161882,0
78044,12
181232,15
208734,14
208405,12
178547,11
143452,0
136633,12
57224,0
32741,2
46477,0
143576,0
253,14
82332,17
115306,0
28823,14
127451,0
52558,17
205550,6
43647,10
62803,17
39424,15
18758,0
194451,12
193878,0
81847,12
49340,17
51818,0
102229,0
103826,12
211748,17
87739,10
36434,17
38369,15
34006,0
67915,18
44401,12
183974,13
95919,2
66312,17
20032,0
97469,0
23376,17
87138,12
149977,0
122129,8
178570,12
40329,12
60623,14
41277,17
192990,6
216190,2
153525,0
54836,0
104163,19
69104,12
79867,0
172900,9
115352,0
9846,3
151129,15
75652,10
64112,18
56327,17
98156,0
29737,14
153915,0
28403,17
180087,13
150744,12
184311,3
62172,17
117443,0
34369,12
67251,10
87766,12
59232,18
20397,3
102081,12
66576,17
100457,10
133899,12
118607,6
82213,3
195494,2
188284,9
67016,0
119451,0
170478,17
132570,15
35131,14
172081,12
195844,6
133002,6
214005,17
106880,0
22117,17
186961,6
120596,10
83766,19
199640,18
94012,0
90305,9
153447,2
134097,3
105456,0
128612,8
124015,6
198600,17
183129,20
65547,16
12352,12
180650,14
97525,12
100839,12
154138,16
88346,0
42817,9
131701,13
192409,0
53581,10
211236,2
49219,14
16020,17
188379,15
216083,8
158473,0
124801,1
169505,7
213620,12
197785,3
9296,14
188912,0
101935,9
3065,9
211927,9
161502,12
69069,0
202526,15
73083,0
216638,9
50462,0
92499,13
141550,6
173730,15
198424,15
113881,16
55901,0
138588,18
133232,12
216302,11
26742,16
143387,12
34037,8
137523,3
176124,6
130517,2
31774,18
135597,12
13727,0
177997,15
212506,15
6819,17
36135,0
39317,15
208245,13
188736,15
87758,6
150663,0
136743,12
127170,16
16040,0
200986,13
13101,0
55389,12
69598,2
104510,6
213003,0
126478,15
189006,9
192184,2
24172,10
153012,0
102640,0
143875,0
162717,19
39275,4
7167,19
82785,14
43858,16
101656,12
131254,12
9322,15
187400,9
215655,17
170836,6
54726,10
102944,0
163046,19
131398,0
109826,0
79849,13
160476,15
35082,0
216506,19
168897,5
124458,0
93043,12
83415,19
12965,19
105446,19
45748,0
137219,9
128337,13
143204,8
60459,20
209881,17
99025,12
30628,14
71674,17
128489,3
76970,10
70420,0
153136,3
48185,17
132552,19
25464,17
43322,14
179909,0
85665,10
30195,3
126783,0
120025,0
102967,19
148940,15
60715,2
59435,14
122163,12
11724,13
63020,17
104278,3
34142,0
34888,18
10825,6
116388,10
208134,12
30638,14
183072,15
35056,20
215895,17
27043,14
204918,12
43527,15
56904,20
169743,3
172510,7
1237,12
26527,16
154264,15
3218,14
27826,14
14671,19
119268,0
45743,0
109331,12
105626,0
50851,18
141395,9
53960,10
13165,15
113342,9
119306,12
44631,17
42148,19
53682,0
34428,18
52970,6
65381,14
211877,0
119826,6
196017,13
210227,6
172416,15
57472,14
136198,2
205012,8
150809,9
85637,0
150698,9
35263,12
148005,0
69823,14
59141,10
16570,10
25200,20
144938,0
135686,0
93898,0
180319,15
194702,3
59963,14
208808,8
49771,17
70836,10
89402,19
29152,12
119760,12
140167,0
134264,12
82874,2
66132,8
6383,10
207317,13
209705,6
141285,12
8284,14
195197,15
192018,16
196935,0
93445,15
174548,15
143928,12
124515,12
114971,13
150110,12
75644,10
205753,8
192129,17
45339,12
39009,17
177968,9
93393,0
210624,3
20797,10
145921,15
147700,9
63797,12
87885,15
54952,14
214412,12
49819,0
51146,14
111053,0
125986,0
35790,0
23157,12
153466,0
56003,19
162648,8
112734,2
181033,1
129966,2
101089,12
59912,17
62520,18
148270,16
148248,12
106309,5
59657,17
160292,0
87791,6
189184,6
208876,16
159221,3
145970,3
2189,17
204034,6
180020,0
128981,15
74206,12
38874,15
165416,12
72279,3
61136,18
93943,8
203810,12
178823,15
62022,18
2182,16
75163,10
132999,6
88536,4
215517,2
131908,12
59062,14
50473,2
150555,16
119480,3
48890,14
119621,6
191880,9
76471,12
1274,3
122335,12
132644,12
80073,15
171121,17
196160,2
16927,0
171749,12
130678,17
214475,0
176984,15
59781,17
106197,16
70132,13
85875,19
165737,12
83550,17
26231,9
203186,2
90407,10
204429,15
15517,2
178042,6
164164,0
205733,0
196261,2
121740,2
61550,14
73162,10
97202,12
149490,12
74499,16
11612,14
28833,19
90101,9
55273,12
111228,0
149231,0
8320,17
216389,0
156948,12
1568,19
215499,15
15759,2
70717,14
197126,6
49813,12
80310,0
71413,17
8508,14
199605,6
45644,17
10047,0
107763,15
99336,0
173995,12
186895,10
193600,17
47315,0
138728,17
211869,2
95247,12
25556,9
40931,0
166186,15
12379,18
13356,18
176159,20
212828,12
67730,18
3659,20
139094,0
185080,6
94873,0
193320,19
32399,8
87565,0
86594,8
112550,6
50467,0
183867,10
171548,2
71680,17
56498,2
77121,0
160801,15
192965,9
170166,2
2406,12
75199,14
146138,0
81236,18
67299,12
143348,0
189458,0
137863,0
196887,15
6950,14
23981,14
160059,0
209609,17
189791,0
135567,0
49799,0
202180,13
39324,14
87168,12
89800,9
183170,9
135748,0
127215,0
171469,3
155357,15
187442,3
97081,15
142739,12
33887,10
104496,0
46029,14
97712,2
30256,3
135251,12
183018,3
37331,12
144323,2
173237,12
473,14
178243,11
150693,0
143504,0
161473,2
114205,12
108017,7
183870,15
175243,0
189181,2
85396,12
158169,0
10135,18
166081,15
106353,10
132767,19
45301,0
142191,3
108095,19
173629,2
126519,0
207498,3
145899,12
174118,12
136221,12
168390,3
140762,0
30747,12
148651,2
38004,3
90574,9
112175,2
153870,15
168818,9
42843,15
3056,5
114231,12
206569,2
109100,0
199446,4
84657,19
83442,12
146646,17
206718,6
210478,6
38839,8
5304,18
156865,15
128685,6
22886,12
64408,2
90817,9
7950,14
1733,0
89912,9
80281,0
106941,17
10559,2
67800,8
25363,2
210531,12
111638,12
21825,10
174731,15
86109,14
60894,0
113788,12
82072,15
122511,8
16042,0
133058,0
181651,15
92445,17
138976,8
61115,17
195561,13
101806,13
109769,8
55085,15
